sku_id,sku_status,licensed,tier,shop,trust,title,variant,price_usd,boxes_per_case,unit_price_per_box,in_stock,landed_eur_est_8box_bundle,market_ask_us,market_sold_us,market_sold_source,market_sold_checked_at,buy_below,watch_below,eu_ref_eur,status,restock,url,seen_at,match_score
PANINI_2023-24_PHOENIX_BLASTER,ACTIVE,True,retail,ehcards,trusted,2023/24 Panini Phoenix Basketball 6-pack Blaster Box,,34.99,,,1,48.98,34.95,20.0,ebay_sold,2026-08-19,27.0,31.0,49.99,NO_GO,0,https://ehcards.com/products/2023-24-panini-phoenix-basketball-6-pack-blaster-box,2026-09-06T20:10:33+00:00,1.0
PANINI_2023-24_PHOENIX_BLASTER,ACTIVE,True,retail,tanteo,watch,2023-24 Panini Phoenix Cartes Basketball NBA Blaster Box,,41.9,,,1,56.13,34.95,20.0,ebay_sold,2026-08-19,27.0,31.0,49.99,,0,https://tanteocartescollections.com/products/2023-24-panini-phoenix-cartes-basketball-nba-6-pack-blaster-box,2026-09-06T20:10:33+00:00,1.0
PANINI_2023-24_PHOENIX_BLASTER,ACTIVE,True,retail,hiddengems,trusted,2023-24 Panini Phoenix Basketball Trading Cards Blaster Box,,19.99,,,0,33.47,34.95,20.0,ebay_sold,2026-08-19,27.0,31.0,49.99,,0,https://www.hiddengemscardshop.com/products/2023-24-panini-phoenix-basketball-trading-cards-blaster-box,2026-09-06T20:10:33+00:00,1.0
PANINI_2023-24_PHOENIX_BLASTER,ACTIVE,True,retail,sportscardjunction,watch,2023-24 Panini Phoenix Basketball Blaster Box,,25.0,,,0,38.65,34.95,20.0,ebay_sold,2026-08-19,27.0,31.0,49.99,,0,https://sportscardjunction.com/products/2023-24-panini-phoenix-basketball-blaster-box,2026-09-06T20:10:33+00:00,1.0
PANINI_2023-24_PHOENIX_BLASTER,ACTIVE,True,retail,cardiacs,trusted,2023-24 Panini Phoenix Basketball Blaster Box,,29.95,,,0,43.77,34.95,20.0,ebay_sold,2026-08-19,27.0,31.0,49.99,,0,https://www.thecardiacs.com/products/2023-24-panini-phoenix-basketball-blaster-box,2026-09-06T20:10:33+00:00,1.0
PANINI_2023-24_PHOENIX_BLASTER,ACTIVE,True,retail,bleecker,watch,2023-24 Panini Phoenix Basketball Blaster Box,,30.0,,,0,43.82,34.95,20.0,ebay_sold,2026-08-19,27.0,31.0,49.99,,0,https://bleeckertrading.com/products/2023-24-phoenix-basketball-blaster-box,2026-09-06T20:10:33+00:00,1.0
PANINI_2023-24_PHOENIX_BLASTER,ACTIVE,True,retail,awesome,trusted,2023-24 Panini Phoenix Basketball Blaster Box,,35.0,,,0,48.99,34.95,20.0,ebay_sold,2026-08-19,27.0,31.0,49.99,,0,https://theawesomecardshop.com/products/2023-24-panini-phoenix-basketball-blaster-box,2026-09-06T20:10:33+00:00,1.0
PANINI_2023-24_PHOENIX_BLASTER,ACTIVE,True,retail,bleecker,watch,2023-24 Panini Phoenix Basketball Retail Blaster Box,,35.0,,,0,48.99,34.95,20.0,ebay_sold,2026-08-19,27.0,31.0,49.99,,0,https://bleeckertrading.com/products/2023-24-panini-phoenix-basketball-retail-blaster-box,2026-09-06T20:10:33+00:00,1.0
PANINI_2023-24_PHOENIX_BLASTER,ACTIVE,True,retail,deichcards,watch,Panini Phoenix Basketball NBA Blaster Box 2023/2024,,45.0,,,0,59.34,34.95,20.0,ebay_sold,2026-08-19,27.0,31.0,49.99,,0,https://deichcards.de/products/panini-phoenix-basketball-nba-blaster-box-2023-2024,2026-09-06T20:10:33+00:00,1.0
PANINI_2023-24_PHOENIX_BLASTER,ACTIVE,True,retail,boxseat,watch,2023-24 Panini Phoenix Basketball Trading Cards Blaster Box,,59.99,,,0,74.84,34.95,20.0,ebay_sold,2026-08-19,27.0,31.0,49.99,,0,https://boxseatcollectibles.com/products/2023-24-panini-phoenix-basketball-trading-cards-blaster-box,2026-09-06T20:10:33+00:00,1.0
PANINI_2023-24_PREMIUM_STOCK_BLASTER,ACTIVE,True,retail,ehcards,trusted,2023/24 Panini Premium Stock Basketball Blaster Box,,44.99,,,1,59.33,34.96,,,,30.0,35.0,,NO_GO,0,https://ehcards.com/products/2023-24-panini-premium-stock-basketball-blaster-box,2026-09-06T20:10:33+00:00,1.0
PANINI_2023-24_PREMIUM_STOCK_BLASTER,ACTIVE,True,retail,fancave,watch,2023-24 Panini NBA Hoops Premium Stock Basketball Blaster Box,,64.99,,,1,80.01,34.96,,,,30.0,35.0,,,0,https://fancave.com/products/2023-24-panini-nba-hoops-premium-stock-basketball-blaster-box,2026-09-06T20:10:33+00:00,1.0
PANINI_2023-24_PREMIUM_STOCK_BLASTER,ACTIVE,True,retail,hiddengems,trusted,2023-24 NBA Hoops Premium Stock Blaster Box,,20.0,,,0,33.48,34.96,,,,30.0,35.0,,,0,https://www.hiddengemscardshop.com/products/2023-24-nba-hoops-premium-stock-blaster-box,2026-09-06T20:10:33+00:00,1.0
PANINI_2023-24_PREMIUM_STOCK_BLASTER,ACTIVE,True,retail,cardiacs,trusted,2023-24 Panini Premium Stock Basketball Blaster Box,,29.95,,,0,43.77,34.96,,,,30.0,35.0,,,0,https://www.thecardiacs.com/products/2023-24-panini-premium-stock-basketball-blaster-box,2026-09-06T20:10:33+00:00,1.0
PANINI_2023-24_PREMIUM_STOCK_BLASTER,ACTIVE,True,retail,worldchampion,watch,2023/24 Panini Premium Stock Basketball 6-Pack Blaster Box,,35.0,,,0,48.99,34.96,,,,30.0,35.0,,,0,https://www.worldchampionsportscards.org/products/2023-24-panini-premium-stock-basketball-6-pack-blaster-box,2026-09-06T20:10:33+00:00,1.0
PANINI_2023-24_PREMIUM_STOCK_BLASTER,ACTIVE,True,retail,sportcards,watch,2023/24 Panini Premium Stock Basketball 6-Pack Blaster Box,,39.95,,,0,54.11,34.96,,,,30.0,35.0,,,0,https://sportcards.com/products/2023-24-panini-premium-stock-basketball-6-pack-blaster-box,2026-09-06T20:10:33+00:00,1.0
PANINI_2023-24_PREMIUM_STOCK_BLASTER,ACTIVE,True,retail,monmouth,watch,2023-24 Panini Premium Stock Basketball Blaster Box,,39.99,,,0,54.15,34.96,,,,30.0,35.0,,,0,https://monmouthcards.com/products/2023-24-panini-premium-stock-basketball-blaster-box,2026-09-06T20:10:33+00:00,1.0
PANINI_2023-24_PREMIUM_STOCK_BLASTER,ACTIVE,True,retail,deichcards,watch,Panini Premium Stock Basketball NBA Blaster Box 2023/2024,,44.9,,,0,59.23,34.96,,,,30.0,35.0,,,0,https://deichcards.de/products/panini-premium-stock-basketball-nba-blaster-box-2023-2024,2026-09-06T20:10:33+00:00,1.0
PANINI_2023-24_PREMIUM_STOCK_BLASTER,ACTIVE,True,retail,boxseat,watch,2023-24 Panini NBA Premium Stock Basketball Trading Cards Blaster Box,,49.99,,,0,64.5,34.96,,,,30.0,35.0,,,0,https://boxseatcollectibles.com/products/2023-24-panini-nba-premium-stock-basketball-trading-cards-blaster-box,2026-09-06T20:10:33+00:00,1.0
PANINI_2023-24_PREMIUM_STOCK_BLASTER,ACTIVE,True,retail,boxseat,watch,2023-24 Panini Premium Stock Basketball Trading Cards Blaster Box,,49.99,,,0,64.5,34.96,,,,30.0,35.0,,,0,https://boxseatcollectibles.com/products/2023-24-panini-premium-stock-basketball-trading-cards-blaster-box,2026-09-06T20:10:33+00:00,1.0
PANINI_2023-24_PREMIUM_STOCK_MEGA,ACTIVE,True,retail,hiddengems,trusted,2023-24 NBA Hoops Premium Stock Mega Box,,35.0,,,0,48.99,,,,,60.0,75.0,149.0,,0,https://www.hiddengemscardshop.com/products/2023-24-nba-hoops-premium-stock-mega-box,2026-09-06T20:10:33+00:00,1.0
PANINI_2023-24_PREMIUM_STOCK_MEGA,ACTIVE,True,retail,boxseat,watch,2023-24 Panini NBA Premium Stock Basketball Trading Cards Mega Box,,49.99,,,0,64.5,,,,,60.0,75.0,149.0,,0,https://boxseatcollectibles.com/products/2023-24-panini-nba-premium-stock-basketball-trading-cards-mega-box,2026-09-06T20:10:33+00:00,1.0
PANINI_2023-24_PREMIUM_STOCK_MEGA,ACTIVE,True,retail,e5sports,watch,2023-24 NBA Hoops Premium Stock Mega Box WEMBANYAMA,,50.0,,,0,64.51,,,,,60.0,75.0,149.0,,0,https://e5sports.com/products/2023-24-nba-hoops-premium-stock-mega-box-wembanyama,2026-09-06T20:10:33+00:00,1.0
PANINI_2023-24_PREMIUM_STOCK_MEGA,ACTIVE,True,retail,monmouth,watch,2023-24 Panini Premium Stock Basketball Mega Box,,52.24,,,0,66.82,,,,,60.0,75.0,149.0,,0,https://monmouthcards.com/products/2023-24-panini-premium-stock-basketball-mega-box,2026-09-06T20:10:33+00:00,1.0
PANINI_2023-24_PREMIUM_STOCK_MEGA,ACTIVE,True,retail,sportcards,watch,2023-24 Panini Premium Stock Basketball Trading Cards Mega Box,,59.95,,,0,74.8,,,,,60.0,75.0,149.0,,0,https://sportcards.com/products/2023-24-panini-premium-stock-basketball-trading-cards-mega-box,2026-09-06T20:10:33+00:00,1.0
PANINI_2023-24_PREMIUM_STOCK_MEGA,ACTIVE,True,retail,bleecker,watch,2023-24 Panini Premium Stock Basketball NBA Mega Box,,60.0,,,0,74.85,,,,,60.0,75.0,149.0,,0,https://bleeckertrading.com/products/2023-24-panini-premium-stock-nba-mega-box,2026-09-06T20:10:33+00:00,1.0
PANINI_2023-24_PREMIUM_STOCK_MEGA,ACTIVE,True,retail,rlsports,watch,2023-24 Panini Premium Stock Basketball Mega Box,,64.99,,,0,80.01,,,,,60.0,75.0,149.0,,0,https://rlsportscards.com/products/2023-24-panini-premium-stock-basketball-mega-box,2026-09-06T20:10:33+00:00,1.0
PANINI_2023-24_PREMIUM_STOCK_MEGA,ACTIVE,True,retail,deichcards,watch,Panini Premium Stock Basketball NBA Mega Box 2023/2024,,74.9,,,0,90.26,,,,,60.0,75.0,149.0,,0,https://deichcards.de/products/panini-premium-stock-basketball-nba-mega-box-2023-2024,2026-09-06T20:10:33+00:00,1.0
PANINI_2023-24_PRIZM_BLASTER,ACTIVE,True,retail,awesome,trusted,2023-24 Panini Prizm  Basketball Blaster Box (Green Wave Prizm),,60.0,,,0,74.85,119.95,,,,60.0,80.0,116.66,,0,https://theawesomecardshop.com/products/2023-24-panini-prizm-basketball-blaster-green-wave-prizm,2026-09-06T20:10:33+00:00,1.0
PANINI_2023-24_PRIZM_BLASTER,ACTIVE,True,retail,awesome,trusted,2023-24 Panini Prizm Basketball Blaster Box (Ice Prizms),,62.75,,,0,77.7,119.95,,,,60.0,80.0,116.66,,0,https://theawesomecardshop.com/products/2023-24-panini-prizm-basketball-6-pack-blaster-box-ice-prizms,2026-09-06T20:10:33+00:00,1.0
PANINI_2023-24_PRIZM_BLASTER,ACTIVE,True,retail,rlsports,watch,2023-24 Panini Prizm Basketball Blaster Box (Ice Prizms),,69.95,,,0,85.14,119.95,,,,60.0,80.0,116.66,,0,https://rlsportscards.com/products/2023-24-panini-prizm-basketball-blaster-box-ice-prizms,2026-09-06T20:10:33+00:00,1.0
PANINI_2023-24_PRIZM_BLASTER,ACTIVE,True,retail,worldchampion,watch,2023/24 Panini Prizm Basketball 6-Pack Blaster Box (Ice Prizms),,70.0,,,0,85.2,119.95,,,,60.0,80.0,116.66,,0,https://www.worldchampionsportscards.org/products/2023-24-panini-prizm-basketball-6-pack-blaster-box-ice-prizms,2026-09-06T20:10:33+00:00,1.0
PANINI_2023-24_PRIZM_BLASTER,ACTIVE,True,retail,rlsports,watch,2023-24 Panini Prizm Basketball Blaster Box,,74.95,,,0,90.32,119.95,,,,60.0,80.0,116.66,,0,https://rlsportscards.com/products/2023-24-panini-prizm-basketball-blaster-box,2026-09-06T20:10:33+00:00,1.0
PANINI_2023-24_PRIZM_BLASTER,ACTIVE,True,retail,bleecker,watch,2023-24 Panini Prizm Basketball Blaster Box (Ice Prizms),,80.0,,,0,95.54,119.95,,,,60.0,80.0,116.66,,0,https://bleeckertrading.com/products/2023-24-prizm-nba-basketball-sealed-blaster-box,2026-09-06T20:10:33+00:00,1.0
PANINI_2023-24_PRIZM_BLASTER,ACTIVE,True,retail,deichcards,watch,Panini Prizm Basketball NBA Blaster Box 2023/24,,84.9,,,0,100.61,119.95,,,,60.0,80.0,116.66,,0,https://deichcards.de/products/panini-prizm-basketball-nba-blaster-box-2023-24,2026-09-06T20:10:33+00:00,1.0
PANINI_2023-24_OPTIC_BLASTER,ACTIVE,True,retail,ehcards,trusted,2023/24 Panini Donruss Optic Basketball 6-Pack Blaster Box,,59.99,,,1,74.84,,,,,40.0,45.0,,NO_GO,0,https://ehcards.com/products/2023-24-panini-donruss-optic-basketball-6-pack-blaster-box,2026-09-06T20:10:33+00:00,1.0
PANINI_2023-24_OPTIC_BLASTER,ACTIVE,True,retail,hiddengems,trusted,2023-24 Donruss Optic Basketball blaster,,35.0,,,0,48.99,,,,,40.0,45.0,,,0,https://www.hiddengemscardshop.com/products/2023-24-donruss-optic-basketball-blaster,2026-09-06T20:10:33+00:00,1.0
PANINI_2023-24_OPTIC_BLASTER,ACTIVE,True,retail,e5sports,watch,2023-24 Panini Donruss Optic NBA Blaster Box,,40.0,,,0,54.16,,,,,40.0,45.0,,,0,https://e5sports.com/products/2023-24-panini-donruss-optic-nba-blaster-box,2026-09-06T20:10:33+00:00,1.0
PANINI_2023-24_OPTIC_BLASTER,ACTIVE,True,retail,awesome,trusted,2023-24 Panini Donruss Optic Basketball Blaster Box (Glitter),,45.0,,,0,59.34,,,,,40.0,45.0,,,0,https://theawesomecardshop.com/products/2023-24-panini-donruss-optic-basketball-hobby-blaster-box,2026-09-06T20:10:33+00:00,1.0
PANINI_2023-24_OPTIC_BLASTER,ACTIVE,True,retail,bleecker,watch,2023-24 Panini Donruss Optic Basketball Blaster Box,,50.0,,,0,64.51,,,,,40.0,45.0,,,0,https://bleeckertrading.com/products/2023-24-panini-donruss-optic-basketball-blaster-box,2026-09-06T20:10:33+00:00,1.0
PANINI_2023-24_OPTIC_BLASTER,ACTIVE,True,retail,tanteo,watch,2023-24 Panini Donruss Optic Cartes Basketball NBA Blaster Box (Glitter Parallels),,67.5,,,0,82.61,,,,,40.0,45.0,,,0,https://tanteocartescollections.com/products/2023-24-panini-donruss-optic-cartes-basketball-nba-6-pack-blaster-box-glitter-parallels,2026-09-06T20:10:33+00:00,1.0
PANINI_2023-24_OPTIC_MEGA,ACTIVE,True,retail,rbicru7,trusted,"2023-24 Donruss Optic Basketball, Mega Box (Hyper Parallels)",,110.0,,,1,126.57,63.95,60.0,,,65.0,75.0,99.0,NO_GO,0,https://rbicru7.com/products/2023-24-donruss-optic-basketball-mega-box,2026-09-06T20:10:33+00:00,1.0
PANINI_2023-24_OPTIC_MEGA,ACTIVE,True,retail,ehcards,trusted,2023/24 Panini Donruss Optic Basketball Mega Box (Hyper Pink),,59.99,,,0,74.84,63.95,60.0,,,65.0,75.0,99.0,,0,https://ehcards.com/products/2023-24-panini-donruss-optic-basketball-mega-box-hyper-pink,2026-09-06T20:10:33+00:00,1.0
PANINI_2023-24_OPTIC_MEGA,ACTIVE,True,retail,e5sports,watch,2023-24 Panini Donruss Optic NBA Mega Box,,60.0,,,0,74.85,63.95,60.0,,,65.0,75.0,99.0,,0,https://e5sports.com/products/2023-24-panini-donruss-optic-nba-mega-box,2026-09-06T20:10:33+00:00,1.0
PANINI_2023-24_OPTIC_MEGA,ACTIVE,True,retail,worldchampion,watch,2023/24 Panini Donruss Optic Basketball Mega Box (Hyper Pink Prizms),,60.0,,,0,74.85,63.95,60.0,,,65.0,75.0,99.0,,0,https://www.worldchampionsportscards.org/products/2023-24-panini-donruss-optic-basketball-mega-box-hyper-pink-prizms,2026-09-06T20:10:33+00:00,1.0
PANINI_2023-24_OPTIC_MEGA,ACTIVE,True,retail,worldchampion,watch,2023/24 Panini Donruss Optic Basketball Mega Box (Hyper Pink Prizms),,60.0,,,0,74.85,63.95,60.0,,,65.0,75.0,99.0,,0,https://www.worldchampionsportscards.org/products/2023-24-panini-donruss-optic-basketball-mega-box-hyper-pink-prizms-1,2026-09-06T20:10:33+00:00,1.0
PANINI_2023-24_OPTIC_MEGA,ACTIVE,True,retail,awesome,trusted,2023-24 Panini Donruss Optic Basketball Mega Box (Hyper Pink Prizms),,70.0,,,0,85.2,63.95,60.0,,,65.0,75.0,99.0,,0,https://theawesomecardshop.com/products/2023-24-panini-donruss-optic-basketball-mega-box-hyper-pink-prizms,2026-09-06T20:10:33+00:00,1.0
PANINI_2023-24_OPTIC_MEGA,ACTIVE,True,retail,bleecker,watch,2023-24 Panini Donruss Optic Basketball Mega Box (Hyper Pink Prizms),,70.0,,,0,85.2,63.95,60.0,,,65.0,75.0,99.0,,0,https://bleeckertrading.com/products/2023-24-panini-donruss-optic-basketball-mega-box,2026-09-06T20:10:33+00:00,1.0
PANINI_2023-24_OPTIC_MEGA,ACTIVE,True,retail,bleecker,watch,2023-24 Panini Donruss Optic Basketball Mega Box (Purple Shock),,80.0,,,0,95.54,63.95,60.0,,,65.0,75.0,99.0,,0,https://bleeckertrading.com/products/2023-24-panini-donruss-optic-basketball-mega-box-purple-shock,2026-09-06T20:10:33+00:00,1.0
PANINI_2023-24_OPTIC_MEGA,ACTIVE,True,retail,bleecker,watch,2023-24 Panini Donruss Optic Basketball Mega Box (Hyper Green Prizms),,95.0,,,0,111.06,63.95,60.0,,,65.0,75.0,99.0,,0,https://bleeckertrading.com/products/2023-24-panini-donruss-optic-basketball-mega-box-hyper-green-prizms,2026-09-06T20:10:33+00:00,1.0
PANINI_2023-24_OPTIC_MEGA,ACTIVE,True,retail,hiddengems,trusted,2023-24 Donruss Optic Basketball Mega Box Factory Sealed,,100.0,,,0,116.23,63.95,60.0,,,65.0,75.0,99.0,,0,https://www.hiddengemscardshop.com/products/2023-24-donruss-optic-basketball-mega-box-factory-sealed,2026-09-06T20:10:33+00:00,1.0
PANINI_2023-24_SELECT_BLASTER,ACTIVE,True,retail,fancave,watch,2023-24 Panini Select Basketball Blaster Box,,89.99,,,1,105.87,,,,,45.0,55.0,,NO_GO,0,https://fancave.com/products/2023-24-panini-select-basketball-blaster-box,2026-09-06T20:10:33+00:00,1.0
PANINI_2023-24_SELECT_BLASTER,ACTIVE,True,retail,bleecker,watch,2023-24 Select Basketball Blaster Box,,45.0,,,0,59.34,,,,,45.0,55.0,,,0,https://bleeckertrading.com/products/2023-24-select-basketball-sealed-blaster-box,2026-09-06T20:10:33+00:00,1.0
PANINI_2023-24_SELECT_BLASTER,ACTIVE,True,retail,worldchampion,watch,2023-24 Panini Select Basketball 6-Pack Blaster Box,,45.0,,,0,59.34,,,,,45.0,55.0,,,0,https://www.worldchampionsportscards.org/products/2023-24-panini-select-basketball-6-pack-blaster-box,2026-09-06T20:10:33+00:00,1.0
PANINI_2023-24_SELECT_BLASTER,ACTIVE,True,retail,awesome,trusted,2023-24 Panini Select Basketball Blaster Box (Flash Prizms),,49.75,,,0,64.25,,,,,45.0,55.0,,,0,https://theawesomecardshop.com/products/2023-24-panini-select-basketball-blaster-box-1,2026-09-06T20:10:33+00:00,1.0
PANINI_2023-24_SELECT_BLASTER,ACTIVE,True,retail,rlsports,watch,2023-24 Panini Select Basketball Blaster Box,,54.95,,,0,69.63,,,,,45.0,55.0,,,0,https://rlsportscards.com/products/2023-24-panini-select-basketball-blaster-box,2026-09-06T20:10:33+00:00,1.0
PANINI_2023-24_SELECT_MEGA,ACTIVE,True,retail,rbicru7,trusted,"2023-24 Panini Select Basketball, Mega Box (BLUE & PINK CRACKED ICE)",,110.0,,,1,126.57,75.0,60.0,ebay_sold,2026-08-17,55.0,65.0,134.0,NO_GO,0,https://rbicru7.com/products/2023-24-panini-select-basketball-mega-box-releases-5-17,2026-09-06T20:10:33+00:00,1.0
PANINI_2023-24_SELECT_MEGA,ACTIVE,True,retail,rlsports,watch,2023-24 Panini Select Basketball Mega Box (Blue Ice Prizms),,64.95,,,0,79.97,75.0,60.0,ebay_sold,2026-08-17,55.0,65.0,134.0,,0,https://rlsportscards.com/products/2023-24-panini-select-basketball-mega-box-blue-ice-prizms,2026-09-06T20:10:33+00:00,1.0
PANINI_2023-24_SELECT_MEGA,ACTIVE,True,retail,e5sports,watch,2023-24 Panini Select NBA Mega Box Wembanyama,,65.0,,,0,80.02,75.0,60.0,ebay_sold,2026-08-17,55.0,65.0,134.0,,0,https://e5sports.com/products/2023-24-panini-select-nba-mega-box,2026-09-06T20:10:33+00:00,1.0
PANINI_2023-24_SELECT_MEGA,ACTIVE,True,retail,sportcards,watch,2023/24 Panini Select Basketball Mega Box,,74.95,,,0,90.32,75.0,60.0,ebay_sold,2026-08-17,55.0,65.0,134.0,,0,https://sportcards.com/products/2023-24-panini-select-basketball-mega-box,2026-09-06T20:10:33+00:00,1.0
PANINI_2023-24_SELECT_MEGA,ACTIVE,True,retail,worldchampion,watch,2023-24 Panini Select Basketball Mega Box,,75.0,,,0,90.37,75.0,60.0,ebay_sold,2026-08-17,55.0,65.0,134.0,,0,https://www.worldchampionsportscards.org/products/2023-24-panini-select-basketball-mega-box,2026-09-06T20:10:33+00:00,1.0
PANINI_2023-24_SELECT_MEGA,ACTIVE,True,retail,deichcards,watch,Panini Select Basketball Mega Box 2023/24,,89.9,,,0,105.78,75.0,60.0,ebay_sold,2026-08-17,55.0,65.0,134.0,,0,https://deichcards.de/products/panini-select-basketball-mega-box-2023-24,2026-09-06T20:10:33+00:00,1.0
PANINI_2023-24_SELECT_MEGA,ACTIVE,True,retail,bleecker,watch,2023-24 Select Basketball Mega Box,,90.0,,,0,105.88,75.0,60.0,ebay_sold,2026-08-17,55.0,65.0,134.0,,0,https://bleeckertrading.com/products/2023-24-select-basketball-sealed-mega-box,2026-09-06T20:10:33+00:00,1.0
PANINI_2023-24_SELECT_MEGA,ACTIVE,True,retail,bleecker,watch,2023-24 Panini Select BasketballMega Box (Red/ Purple Cracked Ice),,100.0,,,0,116.23,75.0,60.0,ebay_sold,2026-08-17,55.0,65.0,134.0,,0,https://bleeckertrading.com/products/2023-24-panini-select-mega-box-red-purple-cracked-ice,2026-09-06T20:10:33+00:00,1.0
PANINI_2023-24_SELECT_MEGA,ACTIVE,True,retail,awesome,trusted,2023-24 Panini Select Basketball Mega Box (Green Shock Prizms ),,109.75,,,0,126.31,75.0,60.0,ebay_sold,2026-08-17,55.0,65.0,134.0,,0,https://theawesomecardshop.com/products/2023-24-panini-select-basketball-mega-box-green-shock-prizm,2026-09-06T20:10:33+00:00,1.0
PANINI_2023-24_MOSAIC_BLASTER,ACTIVE,True,retail,rbicru7,trusted,"2023-24 Panini Mosaic Basketball Blaster, Box",,50.0,,,1,64.51,,38,ebay_sold,2026-08-30,32.0,50.0,,WATCH,0,https://rbicru7.com/products/2023-24-panini-mosaic-basketball-blaster-box,2026-09-06T20:10:33+00:00,1.0
PANINI_2023-24_MOSAIC_BLASTER,ACTIVE,True,retail,tanteo,watch,2023-24 Panini Mosaic Cartes Basketball NBA Blaster Box,,57.9,,,1,72.68,,38,ebay_sold,2026-08-30,32.0,50.0,,,0,https://tanteocartescollections.com/products/2023-24-panini-mosaic-cartes-basketball-nba-blaster-box,2026-09-06T20:10:33+00:00,1.0
PANINI_2023-24_MOSAIC_BLASTER,ACTIVE,True,retail,superior,watch,2023-24 Panini Mosaic Basketball 6-Pack Blaster Box,,85.0,,,1,100.71,,38,ebay_sold,2026-08-30,32.0,50.0,,,0,https://superiorsportsinvestments.com/products/2023-24-panini-mosaic-basketball-6-pack-blaster-box,2026-09-06T20:10:33+00:00,1.0
PANINI_2023-24_MOSAIC_BLASTER,ACTIVE,True,retail,hiddengems,trusted,2023-24 Panini NBA Mosaic Blaster Box,,19.99,,,0,33.47,,38,ebay_sold,2026-08-30,32.0,50.0,,,0,https://www.hiddengemscardshop.com/products/2023-24-panini-nba-mosaic-blaster-box,2026-09-06T20:10:33+00:00,1.0
PANINI_2023-24_MOSAIC_BLASTER,ACTIVE,True,retail,awesome,trusted,2023-24 Panini Mosaic Basketball Blaster Box,,34.0,,,0,47.96,,38,ebay_sold,2026-08-30,32.0,50.0,,,0,https://theawesomecardshop.com/products/2023-24-panini-mosaic-basketball-blaster-box,2026-09-06T20:10:33+00:00,1.0
PANINI_2023-24_MOSAIC_BLASTER,ACTIVE,True,retail,rlsports,watch,2023-24 Panini Mosaic Basketball Blaster Box,,34.99,,,0,48.98,,38,ebay_sold,2026-08-30,32.0,50.0,,,0,https://rlsportscards.com/products/2023-24-panini-mosaic-basketball-blaster-box,2026-09-06T20:10:33+00:00,1.0
PANINI_2023-24_MOSAIC_BLASTER,ACTIVE,True,retail,monmouth,watch,2023-24 Panini Mosaic Basketball Blaster Box,,39.99,,,0,54.15,,38,ebay_sold,2026-08-30,32.0,50.0,,,0,https://monmouthcards.com/products/2024-panini-mosaic-basketball-blaster,2026-09-06T20:10:33+00:00,1.0
PANINI_2023-24_MOSAIC_BLASTER,ACTIVE,True,retail,e5sports,watch,2023-24 Panini Mosaic NBA Blaster Box WEMBY,,40.0,,,0,54.16,,38,ebay_sold,2026-08-30,32.0,50.0,,,0,https://e5sports.com/products/2023-24-panini-mosaic-nba-blaster-box-wemby,2026-09-06T20:10:33+00:00,1.0
PANINI_2023-24_MOSAIC_BLASTER,ACTIVE,True,retail,deichcards,watch,Panini Mosaic Basketball NBA Blaster Box 2023/2024,,49.9,,,0,64.4,,38,ebay_sold,2026-08-30,32.0,50.0,,,0,https://deichcards.de/products/panini-mosaic-basketball-nba-blaster-box-2023-2024,2026-09-06T20:10:33+00:00,1.0
PANINI_2023-24_MOSAIC_BLASTER,ACTIVE,True,retail,ehcards,trusted,2023/24 Panini Mosaic Basketball 6-pack Blaster Box,,49.99,,,0,64.5,,38,ebay_sold,2026-08-30,32.0,50.0,,,0,https://ehcards.com/products/2023-24-panini-nba-mosaic-basketball-6-pack-blaster-box,2026-09-06T20:10:33+00:00,1.0
PANINI_2023-24_MOSAIC_HOBBY_BLASTER,WATCH,True,retail,cardiacs,trusted,2023-24 Panini Mosaic Basketball Hobby Blaster Box,,29.95,,,0,43.77,44.99,,,,,,,,0,https://www.thecardiacs.com/products/2023-24-panini-mosaic-basketball-hobby-blaster-box,2026-09-06T20:10:33+00:00,1.0
PANINI_2023-24_MOSAIC_HOBBY_BLASTER,WATCH,True,retail,awesome,trusted,2023/24 Panini Mosaic Basketball 6-Pack Hobby Blaster Box (Green Ice Prizm),,34.99,,,0,48.98,44.99,,,,,,,,0,https://theawesomecardshop.com/products/2023-24-panini-mosaic-basketball-6-pack-blaster-box-green-ice-prizm,2026-09-06T20:10:33+00:00,1.0
PANINI_2023-24_MOSAIC_HOBBY_BLASTER,WATCH,True,retail,rlsports,watch,2023-24 Panini Mosaic Basketball Hobby Blaster Box,,34.99,,,0,48.98,44.99,,,,,,,,0,https://rlsportscards.com/products/2023-24-panini-mosaic-basketball-hobby-blaster-box,2026-09-06T20:10:33+00:00,1.0
PANINI_2023-24_MOSAIC_HOBBY_BLASTER,WATCH,True,retail,sportscardjunction,watch,2023-24 Panini Mosaic Basketball Hobby Blaster Box (Green Prizm),,35.0,,,0,48.99,44.99,,,,,,,,0,https://sportscardjunction.com/products/2023-24-panini-mosaic-basketball-hobby-blaster-box-green-prizm,2026-09-06T20:10:33+00:00,1.0
PANINI_2023-24_MOSAIC_HOBBY_BLASTER,WATCH,True,retail,ehcards,trusted,2023/24 Panini Mosaic Basketball 6-Pack Hobby Blaster Box,,44.99,,,0,59.33,44.99,,,,,,,,0,https://ehcards.com/products/2023-24-panini-mosaic-basketball-6-pack-hobby-blaster-box,2026-09-06T20:10:33+00:00,1.0
PANINI_2023-24_MOSAIC_HOBBY_BLASTER,WATCH,True,retail,bleecker,watch,2023-24 Panini Mosaic Basketball Hobby Blaster Box,,45.0,,,0,59.34,44.99,,,,,,,,0,https://bleeckertrading.com/products/2023-24-mosaic-basketball-nba-sealed-hobby-blaster-box,2026-09-06T20:10:33+00:00,1.0
PANINI_2023-24_MOSAIC_HOBBY_BLASTER,WATCH,True,retail,tanteo,watch,2023-24 Panini Mosaic Cartes Basketball NBA Hobby Blaster Box,,67.2,,,0,82.3,44.99,,,,,,,,0,https://tanteocartescollections.com/products/2023-24-panini-mosaic-cartes-basketball-nba-6-pack-hobby-blaster-box-1,2026-09-06T20:10:33+00:00,1.0
PANINI_2023-24_MOSAIC_MEGA,ACTIVE,True,retail,rbicru7,trusted,"2023-24 Panini Mosaic Basketball Mega, Box (Reactive Blue & Pink Fluorescent Mosaics)",,100.0,,,1,116.23,,,,,70.0,80.0,,NO_GO,0,https://rbicru7.com/products/2023-24-panini-mosaic-basketball-mega-box,2026-09-06T20:10:33+00:00,1.0
PANINI_2023-24_MOSAIC_MEGA,ACTIVE,True,retail,rlsports,watch,2023-24 Panini Mosaic Basketball Mega Box,,65.99,,,0,81.05,,,,,70.0,80.0,,,0,https://rlsportscards.com/products/2023-24-panini-mosaic-basketball-mega-box,2026-09-06T20:10:33+00:00,1.0
PANINI_2023-24_MOSAIC_MEGA,ACTIVE,True,retail,bleecker,watch,2023-24 Mosaic Basketball NBA Mega Box,,80.0,,,0,95.54,,,,,70.0,80.0,,,0,https://bleeckertrading.com/products/2023-24-mosaic-basketball-nba-sealed-mega-box,2026-09-06T20:10:33+00:00,1.0
PANINI_2023-24_MOSAIC_MEGA,ACTIVE,True,retail,sportcards,watch,2023/24 Panini Mosaic Basketball Mega Box,,94.95,,,0,111.0,,,,,70.0,80.0,,,0,https://sportcards.com/products/2023-24-panini-mosaic-basketball-mega-box,2026-09-06T20:10:33+00:00,1.0
PANINI_2023-24_PRIZM_HANGER,ACTIVE,True,retail,collectorstore,trusted,2023-24 Panini Prizm Basketball Hanger Box (Orange Ice Prizm),,99.99,,,1,116.22,,,,,25.0,40.0,,NO_GO,0,https://collectorstore.com/products/2023-24-panini-prizm-basketball-hanger-box-orange-ice-prizm,2026-09-06T20:10:33+00:00,1.0
PANINI_2023-24_PRIZM_HANGER,ACTIVE,True,retail,superior,watch,2023-24 Panini Prizm Basketball Hanger Box,,110.0,,,1,126.57,,,,,25.0,40.0,,,0,https://superiorsportsinvestments.com/products/2023-24-panini-prizm-basketball-hanger-box,2026-09-06T20:10:33+00:00,1.0
PANINI_2023-24_PRIZM_HANGER,ACTIVE,True,retail,bleecker,watch,2023-24 Panini Prizm Basketball Hanger Box (Ice Prizm),,50.0,,,0,64.51,,,,,25.0,40.0,,,0,https://bleeckertrading.com/products/2023-24-panini-prizm-basketball-sealed-hanger-box-ice-prizm,2026-09-06T20:10:33+00:00,1.0
PANINI_2023-24_PHOENIX_MEGA,ACTIVE,True,retail,boxseat,watch,2023-24 Panini Phoenix Basketball Trading Cards Mega Box,,79.99,,,1,95.53,29.99,,,,25.0,35.0,,NO_GO,0,https://boxseatcollectibles.com/products/2023-24-panini-phoenix-basketball-trading-cards-mega-box,2026-09-06T20:10:33+00:00,1.0
PANINI_2023-24_PHOENIX_MEGA,ACTIVE,True,retail,hiddengems,trusted,2023-24 Panini Phoenix Basketball Mega Box,,29.99,,,0,43.81,29.99,,,,25.0,35.0,,,0,https://www.hiddengemscardshop.com/products/2023-24-panini-phoenix-mega-box,2026-09-06T20:10:33+00:00,1.0
PANINI_2023-24_PHOENIX_MEGA,ACTIVE,True,retail,awesome,trusted,2023/24 Panini Phoenix Basketball Mega Box,,49.75,,,0,64.25,29.99,,,,25.0,35.0,,,0,https://theawesomecardshop.com/products/2023-24-panini-phoenix-basketball-mega-box,2026-09-06T20:10:33+00:00,1.0
PANINI_2023-24_PHOENIX_MEGA,ACTIVE,True,retail,monmouth,watch,2023-24 Panini Phoenix Basketball Mega Box,,56.99,,,0,71.74,29.99,,,,25.0,35.0,,,0,https://monmouthcards.com/products/2023-24-panini-phoenix-basketball-mega-box,2026-09-06T20:10:33+00:00,1.0
PANINI_2023-24_PHOENIX_MEGA,ACTIVE,True,retail,sportscardjunction,watch,2023-24 Panini Phoenix Basketball Mega Box,,60.0,,,0,74.85,29.99,,,,25.0,35.0,,,0,https://sportscardjunction.com/products/2023-24-panini-phoenix-basketball-mega-box,2026-09-06T20:10:33+00:00,1.0
PANINI_2023-24_PHOENIX_MEGA,ACTIVE,True,retail,bleecker,watch,2023-24 Panini Phoenix Basketball Mega Box,,65.0,,,0,80.02,29.99,,,,25.0,35.0,,,0,https://bleeckertrading.com/products/2023-24-phoenix-basketball-mega-box,2026-09-06T20:10:33+00:00,1.0
PANINI_2023-24_OPTIC_HOBBY_BLASTER,ACTIVE,True,retail,sportscardjunction,watch,2023-24 Panini Donruss Optic Basketball Hobby Blaster Box,,40.0,,,0,54.16,54.99,,,,40,50,,,0,https://sportscardjunction.com/products/2023-24-panini-donruss-optic-basketball-hobby-blaster-box,2026-09-06T20:10:33+00:00,1.0
PANINI_2023-24_OPTIC_HOBBY_BLASTER,ACTIVE,True,retail,awesome,trusted,2023-24 Panini Donruss Optic Basketball Hobby Blaster Box (Green Shock),,49.0,,,0,63.47,54.99,,,,40,50,,,0,https://theawesomecardshop.com/products/2023-24-panini-donruss-optic-basketball-hobby-blaster-box-green-shock,2026-09-06T20:10:33+00:00,1.0
PANINI_2023-24_OPTIC_HOBBY_BLASTER,ACTIVE,True,retail,rlsports,watch,2023-24 Panini Donruss Optic Basketball Hobby Blaster Box,,54.95,,,0,69.63,54.99,,,,40,50,,,0,https://rlsportscards.com/products/2023-24-panini-donruss-optic-basketball-hobby-blaster-box,2026-09-06T20:10:33+00:00,1.0
PANINI_2023-24_OPTIC_HOBBY_BLASTER,ACTIVE,True,retail,ehcards,trusted,2023/24 Panini Donruss Optic Basketball 6-Pack Hobby Blaster Box,,54.99,,,0,69.67,54.99,,,,40,50,,,0,https://ehcards.com/products/2023-24-donruss-optic-basketball-6-pack-hobby-blaster-box,2026-09-06T20:10:33+00:00,1.0
PANINI_2023-24_OPTIC_HANGER,ACTIVE,True,retail,superior,watch,2023-24 Panini Donruss Optic Basketball Hanger Box (Velocity Parallels),,75.0,,,1,90.37,75.0,,,,25,40,,NO_GO,0,https://superiorsportsinvestments.com/products/2023-24-panini-donruss-optic-basketball-hanger-box-velocity-parallels,2026-09-06T20:10:33+00:00,1.0
PANINI_2023-24_SELECT_HANGER,ACTIVE,True,retail,rbicru7,trusted,"2023-24 Panini Select Basketball, Hanger Box",,55.0,,,1,69.68,55.0,,,,25,40,,NO_GO,0,https://rbicru7.com/products/2023-24-panini-select-basketball-hanger-box,2026-09-06T20:10:33+00:00,1.0
PANINI_2023-24_SELECT_HANGER,ACTIVE,True,retail,ehcards,trusted,2023/24 Panini Select NBA Basketball Hanger Box - 20 Cards,,29.99,,,0,43.81,55.0,,,,25,40,,,0,https://ehcards.com/products/2023-24-panini-select-nba-basketball-hanger-box-20-cards,2026-09-06T20:10:33+00:00,1.0
PANINI_2023-24_SELECT_HANGER,ACTIVE,True,retail,hiddengems,trusted,2023-24 Panini Select Basketball Hanger Box,,29.99,,,0,43.81,55.0,,,,25,40,,,0,https://www.hiddengemscardshop.com/products/2023-24-panini-select-basketball-hanger-box,2026-09-06T20:10:33+00:00,1.0
PANINI_2023-24_SELECT_HANGER,ACTIVE,True,retail,bleecker,watch,2023-24 Select Basketball Hanger Box,,40.0,,,0,54.16,55.0,,,,25,40,,,0,https://bleeckertrading.com/products/2023-24-select-basketball-sealed-hanger-box,2026-09-06T20:10:33+00:00,1.0
PANINI_2023-24_SELECT_HANGER,ACTIVE,True,retail,hiddengems,trusted,2023-24 Panini NBA Select Basketball Hanger Box,,45.0,,,0,59.34,55.0,,,,25,40,,,0,https://www.hiddengemscardshop.com/products/2023-24-panini-nba-select-basketball-hanger-box,2026-09-06T20:10:33+00:00,1.0
PANINI_2023-24_SELECT_HOBBY_MEGA,ACTIVE,True,retail,sportscardjunction,watch,2023-24 Panini Select Basketball Hobby Mega Box,,80.0,,,0,95.54,80.0,,,,60,75,,,0,https://sportscardjunction.com/products/2023-24-panini-select-basketball-hobby-mega-box,2026-09-06T20:10:33+00:00,1.0
PANINI_2023-24_SELECT_HOBBY_MEGA,ACTIVE,True,retail,rlsports,watch,2023-24 Panini Select Basketball Hobby Mega Box,,94.95,,,0,111.0,80.0,,,,60,75,,,0,https://rlsportscards.com/products/2023-24-panini-select-basketball-mega-box,2026-09-06T20:10:33+00:00,1.0
PANINI_2023-24_SELECT_HOBBY_MEGA,ACTIVE,True,retail,bleecker,watch,2023-24 Select Basketball Hobby Mega Box,,95.0,,,0,111.06,80.0,,,,60,75,,,0,https://bleeckertrading.com/products/2023-24-select-basketball-sealed-mega-box-1,2026-09-06T20:10:33+00:00,1.0
PANINI_2023-24_PRIZM_MEGA,ACTIVE,True,retail,worldchampion,watch,2023-24 Panini Prizm Basketball Mega Box (Pink Ice Prizms!),,100.0,,,0,116.23,134.0,,,,90,110,,,0,https://www.worldchampionsportscards.org/products/2023-24-panini-prizm-basketball-mega-box-pink-ice-prizms,2026-09-06T20:10:33+00:00,1.0
PANINI_2023-24_PRIZM_MEGA,ACTIVE,True,retail,e5sports,watch,2023-24 Panini Prizm NBA Mega Box,,125.0,,,0,142.09,134.0,,,,90,110,,,0,https://e5sports.com/products/2023-24-panini-prizm-nba-mega-box,2026-09-06T20:10:33+00:00,1.0
PANINI_2023-24_PRIZM_MEGA,ACTIVE,True,retail,awesome,trusted,2023/24 Panini Prizm Basketball 6-Pack Mega Box (Red Ice Prizms),,130.0,,,0,147.26,134.0,,,,90,110,,,0,https://theawesomecardshop.com/products/2023-24-panini-prizm-basketball-6-pack-mega-box-red-ice-prizms,2026-09-06T20:10:33+00:00,1.0
PANINI_2023-24_PRIZM_MEGA,ACTIVE,True,retail,awesome,trusted,2023/24 Panini Prizm Basketball Mega Box (Pink Ice Prizms!),,134.0,,,0,151.4,134.0,,,,90,110,,,0,https://theawesomecardshop.com/products/2023-24-panini-prizm-basketball-mega-box-pink-ice-prizms,2026-09-06T20:10:33+00:00,1.0
PANINI_2023-24_PRIZM_MEGA,ACTIVE,True,retail,deichcards,watch,Panini Prizm Basketball NBA Mega Box 2023/2024,,179.0,,,0,197.95,134.0,,,,90,110,,,0,https://deichcards.de/products/panini-prizm-basketball-nba-mega-box-2023-2024,2026-09-06T20:10:33+00:00,1.0
PANINI_2023-24_CONTENDERS_BLASTER,ACTIVE,True,retail,collectorstore,trusted,2023-24 Panini Contenders Basketball Blaster Box,,49.99,,,1,64.5,39.99,,,,30,40,,NO_GO,0,https://collectorstore.com/products/2023-24-panini-contenders-basketball-blaster-box,2026-09-06T20:10:33+00:00,1.0
PANINI_2023-24_CONTENDERS_BLASTER,ACTIVE,True,retail,tanteo,watch,2023-24 Panini Contenders Cartes Basketball NBA Blaster Box,,57.9,,,1,72.68,39.99,,,,30,40,,,0,https://tanteocartescollections.com/products/2023-24-panini-contenders-cartes-basketball-nba-5-pack-blaster-box,2026-09-06T20:10:33+00:00,1.0
PANINI_2023-24_CONTENDERS_BLASTER,ACTIVE,True,retail,hiddengems,trusted,2023-24 Panini  Contenders Basketball Blaster box,,30.0,,,0,43.82,39.99,,,,30,40,,,0,https://www.hiddengemscardshop.com/products/2023-24-panini-contenders-basketball-blaster-box,2026-09-06T20:10:33+00:00,1.0
PANINI_2023-24_CONTENDERS_BLASTER,ACTIVE,True,retail,awesome,trusted,2023/24 Panini Contenders Basketball 5-Pack Blaster Box,,33.0,,,0,46.92,39.99,,,,30,40,,,0,https://theawesomecardshop.com/products/2023-24-panini-contenders-basketball-5-pack-blaster-box,2026-09-06T20:10:33+00:00,1.0
PANINI_2023-24_CONTENDERS_BLASTER,ACTIVE,True,retail,ehcards,trusted,2023/24 Panini Contenders Basketball Blaster Box,,39.99,,,0,54.15,39.99,,,,30,40,,,0,https://ehcards.com/products/2023-24-panini-contenders-basketball-blaster-box,2026-09-06T20:10:33+00:00,1.0
PANINI_2023-24_CONTENDERS_BLASTER,ACTIVE,True,retail,bleecker,watch,2023-24 Contenders Basketball Blaster Box,,40.0,,,0,54.16,39.99,,,,30,40,,,0,https://bleeckertrading.com/products/2023-24-contenders-basketball-5-pack-sealed-blaster-box,2026-09-06T20:10:33+00:00,1.0
PANINI_2023-24_CONTENDERS_BLASTER,ACTIVE,True,retail,deichcards,watch,Panini Contenders Basketball NBA Blaster Box 2023/2024,,44.9,,,0,59.23,39.99,,,,30,40,,,0,https://deichcards.de/products/panini-contenders-basketball-nba-blaster-box-2023-2024,2026-09-06T20:10:33+00:00,1.0
PANINI_2023-24_PRIZM_RETAIL_BOX,ACTIVE,True,retail,awesome,trusted,2023/24 Panini Prizm Basketball 24-Pack Retail Box,,149.94,,,0,167.89,149.94,,,,110,140,,,0,https://theawesomecardshop.com/products/2023-24-panini-prizm-basketball-24-pack-retail-box,2026-09-06T20:10:33+00:00,1.0
PANINI_2023-24_PRIZM_RETAIL_BOX,ACTIVE,True,retail,monmouth,watch,2023-24 Panini Prizm Basketball Retail Box,,179.99,,,0,198.97,149.94,,,,110,140,,,0,https://monmouthcards.com/products/2023-24-panini-prizm-basketball-retail-box,2026-09-06T20:10:33+00:00,1.0
PANINI_2023-24_PRIZM_RETAIL_BOX,ACTIVE,True,retail,deichcards,watch,Panini Prizm Basketball NBA Retail Box 2023/24,,199.9,,,0,219.56,149.94,,,,110,140,,,0,https://deichcards.de/products/panini-prizm-basketball-nba-retail-box-2023-24,2026-09-06T20:10:33+00:00,1.0
PANINI_2023-24_PRIZM_RETAIL_BOX,ACTIVE,True,retail,bleecker,watch,2023-24 Panini Prizm Basketball Retail Box,,240.0,,,0,261.04,149.94,,,,110,140,,,0,https://bleeckertrading.com/products/2023-24-panini-prizm-basketball-sealed-retail-box,2026-09-06T20:10:33+00:00,1.0
PANINI_2023-24_HOOPS_BLASTER,ACTIVE,True,retail,superior,watch,2023-24 Panini NBA Hoops Basketball 6-Pack Blaster Box,,60.0,,,1,74.85,60.0,,,,25.0,35.0,,NO_GO,0,https://superiorsportsinvestments.com/products/2023-24-panini-nba-hoops-basketball-6-pack-blaster-box,2026-09-06T20:10:33+00:00,1.0
PANINI_2023-24_HOOPS_BLASTER,ACTIVE,True,retail,tanteo,watch,2023-24 Panini Hoops Cartes Basketball NBA Blaster Box,,67.9,,,1,83.02,60.0,,,,25.0,35.0,,,0,https://tanteocartescollections.com/products/2023-24-panini-hoops-cartes-basketball-nba-6-pack-blaster-box,2026-09-06T20:10:33+00:00,1.0
PANINI_2023-24_HOOPS_BLASTER,ACTIVE,True,retail,superior,watch,2023-24 Panini NBA Hoops Holiday Basketball 6-Pack Blaster Box,,80.0,,,1,95.54,60.0,,,,25.0,35.0,,,0,https://superiorsportsinvestments.com/products/2023-24-panini-nba-hoops-holiday-basketball-6-pack-blaster-box,2026-09-06T20:10:33+00:00,1.0
PANINI_2023-24_HOOPS_BLASTER,ACTIVE,True,retail,e5sports,watch,2023-24 Panini NBA Hoops Basketball Blaster Box,,25.0,,,0,38.65,60.0,,,,25.0,35.0,,,0,https://e5sports.com/products/2023-24-panini-nba-hoops-basketball-blaster-box,2026-09-06T20:10:33+00:00,1.0
PANINI_2023-24_HOOPS_BLASTER,ACTIVE,True,retail,sportscardjunction,watch,2023-24 Panini Hoops Basketball Blaster Box,,25.0,,,0,38.65,60.0,,,,25.0,35.0,,,0,https://sportscardjunction.com/products/2023-24-panini-hoops-basketball-blaster-box,2026-09-06T20:10:33+00:00,1.0
PANINI_2023-24_HOOPS_BLASTER,ACTIVE,True,retail,awesome,trusted,2023/24 Panini NBA Hoops Basketball 6-Pack Blaster Box,,33.75,,,0,47.7,60.0,,,,25.0,35.0,,,0,https://theawesomecardshop.com/products/2023-24-panini-nba-hoops-basketball-6-pack-blaster-box,2026-09-06T20:10:33+00:00,1.0
PANINI_2023-24_HOOPS_BLASTER,ACTIVE,True,retail,bleecker,watch,2023-2024 Panini NBA Hoops Basketball Blaster Box,,40.0,,,0,54.16,60.0,,,,25.0,35.0,,,0,https://bleeckertrading.com/products/2023-2024-panini-hoops-basketball-blaster-box,2026-09-06T20:10:33+00:00,1.0
PANINI_2023-24_MOSAIC_MEGA_TARGET,ACTIVE,True,retail,rbicru7,trusted,"2023-24 Panini Mosaic Basketball Target Mega, Box (Reactive Yellow & Green Fluorescent)",,100.0,,,1,116.23,,,,,70,80,,NO_GO,0,https://rbicru7.com/products/2023-24-panini-mosaic-basketball-target-mega-box-reactive-yellow-green-fluorescent,2026-09-06T20:10:33+00:00,1.0
PANINI_2023-24_OPTIC_HOBBY_MEGA,WATCH,True,retail,superior,watch,2023-24 Panini Donruss Optic Basketball Mega Hobby Box (Hyper Green Prizms),,250.0,,,1,271.39,250.0,,,,,,,SUIVI,0,https://superiorsportsinvestments.com/products/2023-24-panini-donruss-optic-basketball-mega-hobby-box-hyper-green-prizms,2026-09-06T20:10:33+00:00,1.0
PANINI_2023-24_OPTIC_HOBBY_MEGA,WATCH,True,retail,awesome,trusted,2023-24 Panini Donruss Optic Basketball Hobby Mega Box (Hyper Green),,80.0,,,0,95.54,250.0,,,,,,,,0,https://theawesomecardshop.com/products/2023-24-panini-donruss-optic-basketball-hobby-mega-box-green-shock,2026-09-06T20:10:33+00:00,1.0
PANINI_2023-24_OPTIC_HOBBY_MEGA,WATCH,True,retail,sportscardjunction,watch,2023-24 Panini Donruss Optic Basketball Hobby Mega Box,,80.0,,,0,95.54,250.0,,,,,,,,0,https://sportscardjunction.com/products/2023-24-panini-donruss-optic-basketball-hobby-mega-box,2026-09-06T20:10:33+00:00,1.0
PANINI_2023-24_REVOLUTION_CNY,WATCH,True,retail,sportscardjunction,watch,2023-24 Panini Revolution Basketball Chinese New Year Box,,95.0,,,0,111.06,109.75,,,,,,,,0,https://sportscardjunction.com/products/2023-24-panini-revolution-basketball-chinese-new-year-box,2026-09-06T20:10:33+00:00,1.0
PANINI_2023-24_REVOLUTION_CNY,WATCH,True,retail,worldchampion,watch,2023-24 Panini Revolution Chinese New Year Basketball Box,,100.0,,,0,116.23,109.75,,,,,,,,0,https://www.worldchampionsportscards.org/products/2023-24-panini-revolution-chinese-new-year-basketball-box,2026-09-06T20:10:33+00:00,1.0
PANINI_2023-24_REVOLUTION_CNY,WATCH,True,retail,awesome,trusted,2023/24 Panini Revolution Chinese New Year Basketball Box,,109.75,,,0,126.31,109.75,,,,,,,,0,https://theawesomecardshop.com/products/2023-24-panini-revolution-chinese-new-year-basketball-box,2026-09-06T20:10:33+00:00,1.0
PANINI_2023-24_REVOLUTION_CNY,WATCH,True,retail,worldchampion,watch,2023/24 Panini Revolution Chinese New Year Basketball Box,,120.0,,,0,136.92,109.75,,,,,,,,0,https://www.worldchampionsportscards.org/products/2023-24-panini-revolution-chinese-new-year-basketball-box-1,2026-09-06T20:10:33+00:00,1.0
PANINI_2023-24_REVOLUTION_CNY,WATCH,True,retail,bleecker,watch,2023-24 Panini Revolution Chinese New Year Basketball Box,,140.0,,,0,157.6,109.75,,,,,,,,0,https://bleeckertrading.com/products/2023-24-panini-revolution-chinese-new-year-basketball-box,2026-09-06T20:10:33+00:00,1.0
PANINI_2023-24_SELECT_MEGA_CASE,ACTIVE,True,retail,awesome,trusted,2023-24 Panini Select Basketball Mega 20-Box Case (Green Shock Prizm),,1400.0,20,70.0,0,85.2,1400.0,,,,1120,1300,,,0,https://theawesomecardshop.com/products/2023-24-panini-select-basketball-mega-20-box-case-green-shock-prizm,2026-09-06T20:10:33+00:00,1.0
PANINI_2023-24_OPTIC_MEGA_CASE,CANDIDATE,True,retail,rbicru7,trusted,"2023-24 Donruss Optic Basketball, 20 Mega Box Case (Hyper Parallels)",,2197.0,,,0,2285.36,,,,,,,,,0,https://rbicru7.com/products/2023-24-donruss-optic-basketball-retail-20-mega-box-case,2026-09-06T20:10:33+00:00,1.0
PANINI_2023-24_PRIZM_EUROLEAGUE_BLASTER,ACTIVE,euroleague,retail,awesome,trusted,2023-24 Panini Prizm Turkish Airlines EuroLeague Basketball Blaster Box,,14.75,,,1,28.05,25.0,,,,20.0,25.0,,PRICE ANOMALY — NO SOLD DATA,0,https://theawesomecardshop.com/products/2023-24-panini-prizm-turkish-airlines-euroleague-basketball-blaster-box,2026-09-06T20:10:33+00:00,1.0
PANINI_2023-24_PRIZM_EUROLEAGUE_BLASTER,ACTIVE,euroleague,retail,rbicru7,trusted,"2023-24 Panini Prizm Turkish Airlines Euroleague Basketball, Blaster Box",,15.0,,,1,28.3,25.0,,,,20.0,25.0,,,0,https://rbicru7.com/products/2023-24-panini-prizm-turkish-airlines-euroleague-basketball-blaster-box,2026-09-06T20:10:33+00:00,1.0
PANINI_2023-24_PRIZM_EUROLEAGUE_BLASTER,ACTIVE,euroleague,retail,cbhobby,watch,2023-24 Panini Prizm Euroleague Basketball Blaster Box Box,Box,20.0,,,1,33.48,25.0,,,,20.0,25.0,,,0,https://cbhobby.com/products/2023-24-panini-prizm-euroleague-basketball-blaster,2026-09-06T20:10:33+00:00,1.0
PANINI_2023-24_PRIZM_EUROLEAGUE_BLASTER,ACTIVE,euroleague,retail,stcuk,watch,2023-24 Panini Turkish Airlines Euroleague Prizm Basketball Blaster Box,,25.0,,,1,38.65,25.0,,,,20.0,25.0,,,0,https://sportstradingcardsuk.com/products/2023-24-panini-turkish-airlines-euroleague-prizm-basketball-blaster-box,2026-09-06T20:10:33+00:00,1.0
PANINI_2023-24_PRIZM_EUROLEAGUE_BLASTER,ACTIVE,euroleague,retail,superior,watch,2023-24 Panini Prizm Turkish Airlines EuroLeague Basketball Blaster Box,,45.0,,,1,59.34,25.0,,,,20.0,25.0,,,0,https://superiorsportsinvestments.com/products/2023-24-panini-prizm-turkish-airlines-euroleague-basketball-blaster-box,2026-09-06T20:10:33+00:00,1.0
PANINI_2023-24_PRIZM_EUROLEAGUE_BLASTER,ACTIVE,euroleague,retail,cardiacs,trusted,2023-24 Panini Prizm Euroleague Basketball Blaster Box,,9.95,,,0,23.08,25.0,,,,20.0,25.0,,,0,https://www.thecardiacs.com/products/2023-24-panini-prizm-euroleague-basketball-blaster-box,2026-09-06T20:10:33+00:00,1.0
PANINI_2023-24_PRIZM_EUROLEAGUE_BLASTER,ACTIVE,euroleague,retail,sportscardjunction,watch,2023-24 Panini Prizm Euroleague Basketball Blaster Box,,15.0,,,0,28.3,25.0,,,,20.0,25.0,,,0,https://sportscardjunction.com/products/2023-24-panini-prizm-euroleague-basketball-blaster-box,2026-09-06T20:10:33+00:00,1.0
PANINI_2023-24_PRIZM_EUROLEAGUE_BLASTER,ACTIVE,euroleague,retail,worldchampion,watch,2023/24 Panini Prizm Turkish Airlines EuroLeague Basketball 6-Pack Blaster Box,,25.0,,,0,38.65,25.0,,,,20.0,25.0,,,0,https://www.worldchampionsportscards.org/products/2023-24-panini-prizm-turkish-airlines-euroleague-basketball-6-pack-blaster-box,2026-09-06T20:10:33+00:00,1.0
PANINI_2024-25_PRIZM_BLASTER,WATCH,True,retail,ehcards,trusted,2024/25 Panini Prizm NBA Basketball 6-Pack Blaster Box,,29.99,,,1,43.81,15.0,,,,,,,SUIVI,0,https://ehcards.com/products/2024-25-panini-prizm-nba-basketball-6-pack-blaster-box,2026-09-06T20:10:33+00:00,1.0
PANINI_2024-25_PRIZM_BLASTER,WATCH,True,retail,dacardworldeu,watch,2024/25 Panini Prizm Basketball 6-Pack Blaster 2024/25 Panini Prizm Basketball 6-Pack Blaster Box,2024/25 Panini Prizm Basketball 6-Pack Blaster Box,30.0,,,1,43.82,15.0,,,,,,,,0,https://dacardworld.eu/products/2024-25-panini-prizm-basketball-6-pack-blaster,2026-09-06T20:10:33+00:00,1.0
PANINI_2024-25_PRIZM_BLASTER,WATCH,True,retail,tanteo,watch,2024-25 Panini Prizm Cartes Basketball NBA Blaster Box,,34.5,,,1,48.47,15.0,,,,,,,,0,https://tanteocartescollections.com/products/2024-25-panini-prizm-cartes-basketball-nba-6-pack-blaster-box-precommande,2026-09-06T20:10:33+00:00,1.0
PANINI_2024-25_PRIZM_BLASTER,WATCH,True,retail,sjay2k,watch,2024-25 Panini Prizm Basketball 6-Pack Blaster Box,,60.0,,,1,74.85,15.0,,,,,,,,0,https://www.sjay2k.com/products/2024-25-panini-prizm-basketball-6-pack-blaster-box,2026-09-06T20:10:33+00:00,1.0
PANINI_2024-25_PRIZM_BLASTER,WATCH,True,retail,sportscardjunction,watch,2024-25 Panini Prizm UCONN Basketball Blaster Box,,10.0,,,0,23.13,15.0,,,,,,,,0,https://sportscardjunction.com/products/2024-25-panini-prizm-uconn-basketball-blaster-box,2026-09-06T20:10:33+00:00,1.0
PANINI_2024-25_PRIZM_BLASTER,WATCH,True,retail,cardiacs,trusted,2024-25 Panini Prizm Basketball Retail Blaster,,19.95,,,0,33.42,15.0,,,,,,,,0,https://www.thecardiacs.com/products/2024-25-panini-prizm-basketball-retail-blaster,2026-09-06T20:10:33+00:00,1.0
PANINI_2024-25_PRIZM_BLASTER,WATCH,True,retail,awesome,trusted,2024-25 Panini Prizm Basketball 6-Pack Blaster Box (Ice Prizms!),,23.75,,,0,37.35,15.0,,,,,,,,0,https://theawesomecardshop.com/products/2024-25-panini-prizm-basketball-6-pack-blaster-box,2026-09-06T20:10:33+00:00,1.0
PANINI_2024-25_PRIZM_BLASTER,WATCH,True,retail,bleecker,watch,2024-25 Panini Prizm Basketball Blaster Box (Ice Prizm),,30.0,,,0,43.82,15.0,,,,,,,,0,https://bleeckertrading.com/products/2024-25-panini-prizm-basketball-blaster-box,2026-09-06T20:10:33+00:00,1.0
PANINI_2024-25_PRIZM_BLASTER,WATCH,True,retail,bleecker,watch,2024-25 Panini Prizm Basketball Blaster Box (Green Wave),,35.0,,,0,48.99,15.0,,,,,,,,0,https://bleeckertrading.com/products/2024-24-panini-prizm-basketball-hobby-blaster,2026-09-06T20:10:33+00:00,1.0
PANINI_2024-25_PRIZM_BLASTER,WATCH,True,retail,deichcards,watch,Panini Prizm Basketball Blaster Box 2024/2025,,39.9,,,0,54.06,15.0,,,,,,,,0,https://deichcards.de/products/panini-prizm-basketball-blaster-box-2024-2025,2026-09-06T20:10:33+00:00,1.0
PANINI_2024-25_PRIZM_BLASTER,WATCH,True,retail,boxseat,watch,2024-25 Prizm Basketball BLASTER BOX,,39.99,,,0,54.15,15.0,,,,,,,,0,https://boxseatcollectibles.com/products/2024-25-panini-prizm-basketball-trading-cards-blaster-box,2026-09-06T20:10:33+00:00,1.0
PANINI_2024-25_PRIZM_MEGA,WATCH,True,retail,dacardworldeu,watch,2024/25 Panini Prizm Basketball Mega (Red Ice Prizms!) 2024/25 Panini Prizm Basketball Mega Box (Red Ice Prizms!),2024/25 Panini Prizm Basketball Mega Box (Red Ice Prizms!),60.0,,,1,74.85,59.99,,,,,,,SUIVI,0,https://dacardworld.eu/products/2024-25-panini-prizm-basketball-mega-red-ice-prizms,2026-09-06T20:10:33+00:00,1.0
PANINI_2024-25_PRIZM_MEGA,WATCH,True,retail,superior,watch,2024-25 Panini Prizm Basketball Mega Box (Pink Ice Prizm),,88.0,,,1,103.81,59.99,,,,,,,,0,https://superiorsportsinvestments.com/products/2024-25-panini-prizm-basketball-mega-box-pink-ice-prizm,2026-09-06T20:10:33+00:00,1.0
PANINI_2024-25_PRIZM_MEGA,WATCH,True,retail,cardiacs,trusted,2024-25 Panini Prizm Basketball Mega Box,,39.95,,,0,54.11,59.99,,,,,,,,0,https://www.thecardiacs.com/products/2024-25-panini-prizm-basketball-mega-box,2026-09-06T20:10:33+00:00,1.0
PANINI_2024-25_PRIZM_MEGA,WATCH,True,retail,columbia,trusted,2024/25 Panini Prizm Basketball Mega Box (Pink Ice Prizms!),,39.99,,,0,54.15,59.99,,,,,,,,0,https://columbiasportscard.com/products/2024-25-panini-prizm-basketball-mega-box-pink-ice-prizms,2026-09-06T20:10:33+00:00,1.0
PANINI_2024-25_PRIZM_MEGA,WATCH,True,retail,hiddengems,trusted,2024-25 Panini Prizm NBA Mega Box - SEALED,,40.0,,,0,54.16,59.99,,,,,,,,0,https://www.hiddengemscardshop.com/products/2024-25-panini-prizm-nba-mega-box-sealed,2026-09-06T20:10:33+00:00,1.0
PANINI_2024-25_PRIZM_MEGA,WATCH,True,retail,awesome,trusted,2024-25 Panini Prizm Basketball Mega Box (Red Ice Prizms!),,49.75,,,0,64.25,59.99,,,,,,,,0,https://theawesomecardshop.com/products/2024-25-panini-prizm-basketball-mega-box-red-ice-prizms,2026-09-06T20:10:33+00:00,1.0
PANINI_2024-25_PRIZM_MEGA,WATCH,True,retail,deichcards,watch,Panini Prizm Basketball Mega Box 2024/2025,,72.79,,,0,88.08,59.99,,,,,,,,0,https://deichcards.de/products/panini-prizm-basketball-mega-box-2024-2025,2026-09-06T20:10:33+00:00,1.0
PANINI_2024-25_PRIZM_MEGA,WATCH,True,retail,bleecker,watch,2024-25 Panini Prizm Basketball Mega Box (Green Ice),,80.0,,,0,95.54,59.99,,,,,,,,0,https://bleeckertrading.com/products/2024-25-panini-prizm-nba-hobby-mega-green-ice,2026-09-06T20:10:33+00:00,1.0
PANINI_2024-25_MONOPOLY_PRIZM_BLASTER,WATCH,True,retail,bleecker,watch,2024-25 Panini Prizm Monopoly Basketball Blaster Box (Black),,25.0,,,0,38.65,27.5,,,,,,,,0,https://bleeckertrading.com/products/2023-24-prizm-monopoly-blaster,2026-09-06T20:10:33+00:00,1.0
PANINI_2024-25_MONOPOLY_PRIZM_BLASTER,WATCH,True,retail,hiddengems,trusted,2024-25 Panini Monopoly Prizm NBA Blaster Box,,25.0,,,0,38.65,27.5,,,,,,,,0,https://www.hiddengemscardshop.com/products/2024-25-panini-monopoly-prizm-nba-blaster-box,2026-09-06T20:10:33+00:00,1.0
PANINI_2024-25_MONOPOLY_PRIZM_BLASTER,WATCH,True,retail,boxseat,watch,2024-2025 NBA Prizm Monopoly BLASTER,,29.99,,,0,43.81,27.5,,,,,,,,0,https://boxseatcollectibles.com/products/2024-2025-nba-prizm-monopoly-blaster,2026-09-06T20:10:33+00:00,1.0
PANINI_2024-25_MONOPOLY_PRIZM_BLASTER,WATCH,True,retail,bleecker,watch,2024-25 Panini Prizm Monopoly Basketball Blaster Box (Grey),,30.0,,,0,43.82,27.5,,,,,,,,0,https://bleeckertrading.com/products/2024-25-panini-prizm-basketball-monopoly-blaster-box,2026-09-06T20:10:33+00:00,1.0
PANINI_2024-25_MONOPOLY_PRIZM_BLASTER,WATCH,True,retail,worldchampion,watch,2024/25 Panini Prizm Monopoly Basketball 6-Pack Blaster Box,,35.0,,,0,48.99,27.5,,,,,,,,0,https://www.worldchampionsportscards.org/products/2024-25-panini-prizm-monopoly-basketball-6-pack-blaster-box,2026-09-06T20:10:33+00:00,1.0
PANINI_2024-25_SELECT_BLASTER,WATCH,True,retail,collectorstore,trusted,2024-25 Panini Select Basketball Blaster Box,,21.99,,,1,35.53,4.0,,,,,,,SUIVI,0,https://collectorstore.com/products/2024-25-panini-select-basketball-blaster-box,2026-09-06T20:10:33+00:00,1.0
PANINI_2024-25_SELECT_BLASTER,WATCH,True,retail,rbicru7,trusted,"2024-25 Panini Select Basketball, Blaster Box (Flash Prizms)",,28.0,,,1,41.75,4.0,,,,,,,,0,https://rbicru7.com/products/2024-25-panini-select-basketball-blaster-box-flash-prizms,2026-09-06T20:10:33+00:00,1.0
PANINI_2024-25_SELECT_BLASTER,WATCH,True,retail,ehcards,trusted,2024/25 Panini Select Basketball 6-Pack Blaster Box,,29.99,,,1,43.81,4.0,,,,,,,,0,https://ehcards.com/products/2024-25-panini-select-basketball-6-pack-blaster-box,2026-09-06T20:10:33+00:00,1.0
PANINI_2024-25_SELECT_BLASTER,WATCH,True,retail,monmouth,watch,2024-25 Panini Select Basketball Blaster Box,,33.24,,,1,47.17,4.0,,,,,,,,0,https://monmouthcards.com/products/2024-25-panini-select-basketball-blaster-box,2026-09-06T20:10:33+00:00,1.0
PANINI_2024-25_SELECT_BLASTER,WATCH,True,retail,bleecker,watch,2024-25 Panini Select Basketball Blaster Box,,35.0,,,1,48.99,4.0,,,,,,,,0,https://bleeckertrading.com/products/2024-25-panini-select-basketball-blaster-box,2026-09-06T20:10:33+00:00,1.0
PANINI_2024-25_SELECT_BLASTER,WATCH,True,retail,stcuk,watch,2024-25 Panini Select Basketball Blaster Box,,35.0,,,1,48.99,4.0,,,,,,,,0,https://sportstradingcardsuk.com/products/2024-25-panini-select-basketball-blaster-box,2026-09-06T20:10:33+00:00,1.0
PANINI_2024-25_SELECT_BLASTER,WATCH,True,retail,tanteo,watch,2024-25 Panini Select Cartes Basketball NBA Blaster Box,,36.9,,,1,50.96,4.0,,,,,,,,0,https://tanteocartescollections.com/products/2024-25-panini-select-cartes-basketball-nba-blaster-box,2026-09-06T20:10:33+00:00,1.0
PANINI_2024-25_SELECT_BLASTER,WATCH,True,retail,superior,watch,2024-25 Panini Select Basketball 6-Pack Blaster Box,,45.0,,,1,59.34,4.0,,,,,,,,0,https://superiorsportsinvestments.com/products/2024-25-panini-select-basketball-6-pack-blaster-box,2026-09-06T20:10:33+00:00,1.0
PANINI_2024-25_SELECT_BLASTER,WATCH,True,retail,cardiacs,trusted,2024-25 Panini Select Basketball Blaster Box (Flash Prizms),,22.95,,,0,36.53,4.0,,,,,,,,0,https://www.thecardiacs.com/products/2024-25-panini-select-basketball-blaster-box-flash-prizms,2026-09-06T20:10:33+00:00,1.0
PANINI_2024-25_SELECT_BLASTER,WATCH,True,retail,hiddengems,trusted,2024-25 Panini NBA Select Basketball Trading Card Blaster Box,,27.0,,,0,40.72,4.0,,,,,,,,0,https://www.hiddengemscardshop.com/products/2024-25-panini-nba-select-basketball-trading-card-blaster-box,2026-09-06T20:10:33+00:00,1.0
PANINI_2024-25_SELECT_BLASTER,WATCH,True,retail,columbia,trusted,2024/25 Panini Select Basketball 6-Pack Blaster Box,,29.99,,,0,43.81,4.0,,,,,,,,0,https://columbiasportscard.com/products/2024-25-panini-select-basketball-6-pack-blaster-box-flash-prizms,2026-09-06T20:10:33+00:00,1.0
PANINI_2024-25_SELECT_BLASTER,WATCH,True,retail,jakesbreaks,watch,"Panini Select - 2024-25, Basketball - Blaster Box.",,36.0,,,0,50.03,4.0,,,,,,,,0,https://jakesbreaks.co.uk/products/2024-25-panini-select-basketball-blaster-box-1,2026-09-06T20:10:33+00:00,1.0
PANINI_2024-25_SELECT_BLASTER,WATCH,True,retail,bleecker,watch,2024-25 Panini Select Basketball Blaster Box,,40.0,,,0,54.16,4.0,,,,,,,,0,https://bleeckertrading.com/products/2024-25-select-basketball-sealed-blaster-box,2026-09-06T20:10:33+00:00,1.0
PANINI_2024-25_SELECT_BLASTER,WATCH,True,retail,deichcards,watch,Panini Select Basketball NBA Blaster Box 2024/2025,,40.0,,,0,54.16,4.0,,,,,,,,0,https://deichcards.de/products/panini-select-basketball-nba-blaster-box-2024-2025,2026-09-06T20:10:33+00:00,1.0
PANINI_2024-25_SELECT_BLASTER,WATCH,True,retail,hallofcollect,watch,Panini Select NBA Blaster Box (Basketball) 2024/2025,,45.0,,,0,59.34,4.0,,,,,,,,0,https://hallofcollect.de/products/panini-select-nba-blaster-box-basketball-2024-2025,2026-09-06T20:10:33+00:00,1.0
PANINI_2024-25_SELECT_HOBBY_BLASTER,WATCH,True,retail,cardiacs,trusted,2024-25 Panini Select Basketball Hobby Blaster Box,,29.95,,,1,43.77,32.38,,,,,,,SUIVI,0,https://www.thecardiacs.com/products/2024-25-panini-select-basketball-hobby-blaster-box,2026-09-06T20:10:33+00:00,1.0
PANINI_2024-25_SELECT_HOBBY_BLASTER,WATCH,True,retail,collectorstore,trusted,2024-25 Panini Select Basketball Hobby Blaster Box,,29.99,,,1,43.81,32.38,,,,,,,,0,https://collectorstore.com/products/2024-25-panini-select-basketball-hobby-blaster-box,2026-09-06T20:10:33+00:00,1.0
PANINI_2024-25_SELECT_HOBBY_BLASTER,WATCH,True,retail,sportscardjunction,watch,2024-25 Panini Select Basketball Hobby Blaster Box,,30.0,,,1,43.82,32.38,,,,,,,,0,https://sportscardjunction.com/products/2024-25-panini-select-basketball-hobby-blaster-box,2026-09-06T20:10:33+00:00,1.0
PANINI_2024-25_SELECT_HOBBY_BLASTER,WATCH,True,retail,rbicru7,trusted,"2024-25 Panini Select Basketball Hobby, Blaster Box (Green & Red Mojo)",,38.0,,,1,52.09,32.38,,,,,,,,0,https://rbicru7.com/products/2024-25-panini-select-basketball-blaster-box-copy,2026-09-06T20:10:33+00:00,1.0
PANINI_2024-25_SELECT_HOBBY_BLASTER,WATCH,True,retail,ehcards,trusted,2024/25 Panini Select Basketball 6-Pack Hobby Blaster Box,,39.99,,,1,54.15,32.38,,,,,,,,0,https://ehcards.com/products/2024-25-panini-select-basketball-6-pack-hobby-blaster-box,2026-09-06T20:10:33+00:00,1.0
PANINI_2024-25_SELECT_HOBBY_BLASTER,WATCH,True,retail,rlsports,watch,2024-25 Panini Select Basketball Hobby Blaster Box,,29.99,,,0,43.81,32.38,,,,,,,,0,https://rlsportscards.com/products/2024-panini-select-basketball-hobby-blaster-box,2026-09-06T20:10:33+00:00,1.0
PANINI_2024-25_SELECT_HOBBY_BLASTER,WATCH,True,retail,awesome,trusted,2024-25 Panini Select Basketball Hobby Blaster Box,,34.75,,,0,48.73,32.38,,,,,,,,0,https://theawesomecardshop.com/products/2024-25-panini-select-basketball-hobby-blaster-box,2026-09-06T20:10:33+00:00,1.0
PANINI_2024-25_SELECT_HOBBY_BLASTER,WATCH,True,retail,bleecker,watch,2024-25 Panini Select Basketball Hobby Blaster Box,,40.0,,,0,54.16,32.38,,,,,,,,0,https://bleeckertrading.com/products/2024-25-panini-select-basketball-hobby-blaster-box,2026-09-06T20:10:33+00:00,1.0
PANINI_2024-25_SELECT_HOBBY_BLASTER,WATCH,True,retail,worldchampion,watch,2024/25 Panini Select Basketball 6-Pack Hobby Blaster Box,,40.0,,,0,54.16,32.38,,,,,,,,0,https://www.worldchampionsportscards.org/products/2024-25-panini-select-basketball-6-pack-hobby-blaster-box,2026-09-06T20:10:33+00:00,1.0
PANINI_2024-25_SELECT_MEGA,WATCH,True,retail,cardiacs,trusted,2024-25 Panini Select Basketball Mega Box (Cracked Ice Mix),,39.95,,,1,54.11,39.95,,,,,,,SUIVI,0,https://www.thecardiacs.com/products/2024-25-panini-select-basketball-mega-box-cracked-ice,2026-09-06T20:10:33+00:00,1.0
PANINI_2024-25_SELECT_MEGA,WATCH,True,retail,sportscardjunction,watch,2024-25 Panini Select Basketball Mega Box,,40.0,,,1,54.16,39.95,,,,,,,,0,https://sportscardjunction.com/products/2024-25-panini-select-basketball-mega-box,2026-09-06T20:10:33+00:00,1.0
PANINI_2024-25_SELECT_MEGA,WATCH,True,retail,rbicru7,trusted,"2024-25 Panini Select Basketball, Retail Mega Box (Cracked Ice)",,50.0,,,1,64.51,39.95,,,,,,,,0,https://rbicru7.com/products/2024-25-panini-select-basketball-retail-mega-box,2026-09-06T20:10:33+00:00,1.0
PANINI_2024-25_SELECT_MEGA,WATCH,True,retail,dacardworldeu,watch,2024/25 Panini Select Basketball Mega (Red & Purple Cracked Ice!) 2024/25 Panini Select Basketball Mega Box (Red & Purple Cracked Ice!),2024/25 Panini Select Basketball Mega Box (Red & Purple Cracked Ice!),53.0,,,1,67.61,39.95,,,,,,,,0,https://dacardworld.eu/products/2024-25-panini-select-basketball-mega-red-purple-cracked-ice,2026-09-06T20:10:33+00:00,1.0
PANINI_2024-25_SELECT_MEGA,WATCH,True,retail,awesome,trusted,2024-25 Panini Select Basketball Mega Box (Cracked Ice),,54.75,,,1,69.42,39.95,,,,,,,,0,https://theawesomecardshop.com/products/2024-25-panini-select-basketball-mega-box-cracked-ice,2026-09-06T20:10:33+00:00,1.0
PANINI_2024-25_SELECT_MEGA,WATCH,True,retail,superior,watch,2024-25 Panini Select Basketball Mega Box,,72.0,,,1,87.26,39.95,,,,,,,,0,https://superiorsportsinvestments.com/products/2024-25-panini-select-basketball-mega-box,2026-09-06T20:10:33+00:00,1.0
PANINI_2024-25_SELECT_MEGA,WATCH,True,retail,superior,watch,2024-25 Panini Select Basketball Mega Box (Red and Purple Cracked Ice Prizms),,75.0,,,1,90.37,39.95,,,,,,,,0,https://superiorsportsinvestments.com/products/2024-25-panini-select-basketball-mega-box-red-and-purple-cracked-ice-prizms,2026-09-06T20:10:33+00:00,1.0
PANINI_2024-25_SELECT_MEGA,WATCH,True,retail,hiddengems,trusted,2024-25 Panini Select Basketball Mega Box,,29.99,,,0,43.81,39.95,,,,,,,,0,https://www.hiddengemscardshop.com/products/2024-25-panini-select-basketball-mega-box,2026-09-06T20:10:33+00:00,1.0
PANINI_2024-25_SELECT_MEGA,WATCH,True,retail,rlsports,watch,2024-25 Panini Select Basketball Mega Box,,36.99,,,0,51.05,39.95,,,,,,,,0,https://rlsportscards.com/products/2024-25-panini-select-basketball-mega-box,2026-09-06T20:10:33+00:00,1.0
PANINI_2024-25_SELECT_MEGA,WATCH,True,retail,columbia,trusted,2024-25 Panini Select Basketball Mega Box (Cracked Ice Parallels),,37.99,,,0,52.08,39.95,,,,,,,,0,https://columbiasportscard.com/products/2024-25-panini-select-basketball-mega-box-cracked-ice,2026-09-06T20:10:33+00:00,1.0
PANINI_2024-25_SELECT_MEGA,WATCH,True,retail,monmouth,watch,2024-25 Panini Select Basketball Mega Box,,37.99,,,0,52.08,39.95,,,,,,,,0,https://monmouthcards.com/products/2024-25-panini-select-basketball-mega-box,2026-09-06T20:10:33+00:00,1.0
PANINI_2024-25_SELECT_MEGA,WATCH,True,retail,ballgame,watch,"2024/25 Panini Select Basketball Mega Box (Blue,Pink,Orange Cracked Ice!)",,40.0,,,0,54.16,39.95,,,,,,,,0,https://theballgame.com/products/2024-25-panini-select-basketball-mega-box-blue-pink-orange-cracked-ice,2026-09-06T20:10:33+00:00,1.0
PANINI_2024-25_SELECT_MEGA,WATCH,True,retail,worldchampion,watch,2024/25 Panini Select Basketball Mega Box (Red & Purple Cracked Ice!),,40.0,,,0,54.16,39.95,,,,,,,,0,https://www.worldchampionsportscards.org/products/2024-25-panini-select-basketball-mega-box-red-purple-cracked-ice,2026-09-06T20:10:33+00:00,1.0
PANINI_2024-25_SELECT_MEGA,WATCH,True,retail,bleecker,watch,"2024-25 Panini Select Basketball Mega Box (Blue,Pink,Orange Cracked Ice)",,45.0,,,0,59.34,39.95,,,,,,,,0,https://bleeckertrading.com/products/2024-25-panini-select-basketball-retail-mega-box,2026-09-06T20:10:33+00:00,1.0
PANINI_2024-25_SELECT_MEGA,WATCH,True,retail,bleecker,watch,2024-25 Panini Select Basketball Mega Box (Red & Purple Cracked Ice),,50.0,,,0,64.51,39.95,,,,,,,,0,https://bleeckertrading.com/products/2024-25-panini-select-basketball-mega-box-red-purple-cracked-ice,2026-09-06T20:10:33+00:00,1.0
PANINI_2024-25_SELECT_MEGA,WATCH,True,retail,bleecker,watch,2024-25 Panini Select Basketball Mega Box (Green & Blue Prizms),,60.0,,,0,74.85,39.95,,,,,,,,0,https://bleeckertrading.com/products/2024-25-panini-select-basketball-mega-box,2026-09-06T20:10:33+00:00,1.0
PANINI_2024-25_SELECT_MEGA,WATCH,True,retail,deichcards,watch,Panini Select Basketball NBA Mega Box 2024/2025,,79.9,,,0,95.44,39.95,,,,,,,,0,https://deichcards.de/products/panini-select-basketball-nba-mega-box-2024-2025,2026-09-06T20:10:33+00:00,1.0
PANINI_2024-25_OPTIC_BLASTER,WATCH,True,retail,ehcards,trusted,2024/25 Panini Donruss Optic NBA Basketball 6-Pack Blaster Box,,39.99,,,1,54.15,34.97,,,,,,,SUIVI,0,https://ehcards.com/products/2024-25-panini-donruss-optic-nba-basketball-6-pack-blaster-box,2026-09-06T20:10:33+00:00,1.0
PANINI_2024-25_OPTIC_BLASTER,WATCH,True,retail,dacardworldeu,watch,2024/25 Panini Donruss Optic Basketball 6-Pack Blaster 2024/25 Panini Donruss Optic Basketball 6-Pack Blaster Box,2024/25 Panini Donruss Optic Basketball 6-Pack Blaster Box,47.0,,,1,61.4,34.97,,,,,,,,0,https://dacardworld.eu/products/2024-25-panini-donruss-optic-basketball-6-pack-blaster,2026-09-06T20:10:33+00:00,1.0
PANINI_2024-25_OPTIC_BLASTER,WATCH,True,retail,tanteo,watch,2024-25 Panini Donruss Optic Cartes Basketball NBA Blaster Box,,47.9,,,1,62.34,34.97,,,,,,,,0,https://tanteocartescollections.com/products/2023-24-panini-donruss-optic-cartes-basketball-nba-blaster-box,2026-09-06T20:10:33+00:00,1.0
PANINI_2024-25_OPTIC_BLASTER,WATCH,True,retail,superior,watch,2024-25 Panini Donruss Optic Basketball 6-Pack Blaster Box,,48.0,,,1,62.44,34.97,,,,,,,,0,https://superiorsportsinvestments.com/products/2024-25-panini-donruss-optic-basketball-6-pack-blaster-box,2026-09-06T20:10:33+00:00,1.0
PANINI_2024-25_OPTIC_BLASTER,WATCH,True,retail,sjay2k,watch,2024-25 Panini Donruss Optic Basketball Blaster Box (Glitter Parallels),,75.0,,,1,90.37,34.97,,,,,,,,0,https://www.sjay2k.com/products/2024-25-panini-donruss-optic-basketball-blaster-box-pre-order-tba,2026-09-06T20:10:33+00:00,1.0
PANINI_2024-25_OPTIC_BLASTER,WATCH,True,retail,cardiacs,trusted,2024-25 Panini Donruss Optic Basketball Blaster Box - Glitter Parallel,,29.95,,,0,43.77,34.97,,,,,,,,0,https://www.thecardiacs.com/products/2024-25-donruss-optic-basketball-blaster-box-glitter-parallel,2026-09-06T20:10:33+00:00,1.0
PANINI_2024-25_OPTIC_BLASTER,WATCH,True,retail,collectorstore,trusted,2024-25 Panini Donruss Optic Basketball Blaster Box (Glitter Parallels),,29.99,,,0,43.81,34.97,,,,,,,,0,https://collectorstore.com/products/2024-25-donruss-optic-basketball-blaster-box,2026-09-06T20:10:33+00:00,1.0
PANINI_2024-25_OPTIC_BLASTER,WATCH,True,retail,hiddengems,trusted,2024-25 Panini Donruss Optic NBA Trading Card Blaster Box,,30.0,,,0,43.82,34.97,,,,,,,,0,https://www.hiddengemscardshop.com/products/2024-25-panini-donruss-optic-nba-trading-card-blaster-box,2026-09-06T20:10:33+00:00,1.0
PANINI_2024-25_OPTIC_BLASTER,WATCH,True,retail,boxseat,watch,2024-25 Panini NBA Optic Donruss Basketball Trading Card Blaster Box,,34.99,,,0,48.98,34.97,,,,,,,,0,https://boxseatcollectibles.com/products/2024-25-panini-nba-optic-donruss-basketball-trading-card-blaster-box,2026-09-06T20:10:33+00:00,1.0
PANINI_2024-25_OPTIC_BLASTER,WATCH,True,retail,columbia,trusted,2024/25 Panini Donruss Optic Basketball 6-Pack Blaster Box,,34.99,,,0,48.98,34.97,,,,,,,,0,https://columbiasportscard.com/products/2024-25-panini-donruss-optic-basketball-6-pack-blaster-box-columbia-sports-cards,2026-09-06T20:10:33+00:00,1.0
PANINI_2024-25_OPTIC_BLASTER,WATCH,True,retail,rlsports,watch,2024-25 Panini Donruss Optic Basketball Blaster Box,,34.99,,,0,48.98,34.97,,,,,,,,0,https://rlsportscards.com/products/2024-25-panini-donruss-optic-basketball-blaster-box,2026-09-06T20:10:33+00:00,1.0
PANINI_2024-25_OPTIC_BLASTER,WATCH,True,retail,awesome,trusted,2024-25 Panini Donruss Optic Basketball Blaster Box (Glitter Parallels!),,39.75,,,0,53.91,34.97,,,,,,,,0,https://theawesomecardshop.com/products/2024-25-panini-donruss-optic-basketball-blaster-box-glitter-parallels,2026-09-06T20:10:33+00:00,1.0
PANINI_2024-25_OPTIC_BLASTER,WATCH,True,retail,deichcards,watch,Panini Donruss Optic Basketball NBA Blaster Box 2024/2025,,39.9,,,0,54.06,34.97,,,,,,,,0,https://deichcards.de/products/panini-donruss-optic-basketball-nba-blaster-box-2024-2025,2026-09-06T20:10:33+00:00,1.0
PANINI_2024-25_OPTIC_BLASTER,WATCH,True,retail,bleecker,watch,2024-25 Panini Donruss Optic Basketball Blaster Box,,40.0,,,0,54.16,34.97,,,,,,,,0,https://bleeckertrading.com/products/2024-25-panini-donruss-optic-basketball-blaster-box,2026-09-06T20:10:33+00:00,1.0
PANINI_2024-25_OPTIC_BLASTER,WATCH,True,retail,worldchampion,watch,2024/25 Panini Donruss Optic Basketball 6-Pack Blaster Box,,55.0,,,0,69.68,34.97,,,,,,,,0,https://www.worldchampionsportscards.org/products/2024-25-panini-donruss-optic-basketball-6-pack-blaster-box,2026-09-06T20:10:33+00:00,1.0
PANINI_2024-25_OPTIC_MEGA,WATCH,True,retail,superior,watch,2024-25 Panini Donruss Optic Basketball Mega Box ( Hyper Parallels!),,88.0,,,1,103.81,88.0,,,,,,,SUIVI,0,https://superiorsportsinvestments.com/products/2024-25-panini-donruss-optic-basketball-mega-box-hyper-parallels,2026-09-06T20:10:33+00:00,1.0
PANINI_2024-25_OPTIC_MEGA,WATCH,True,retail,monmouth,watch,2024-25 Panini Donruss Optic Basketball Mega Box,,47.49,,,0,61.91,88.0,,,,,,,,0,https://monmouthcards.com/products/2024-25-panini-donruss-optic-basketball-mega-box,2026-09-06T20:10:33+00:00,1.0
PANINI_2024-25_OPTIC_MEGA,WATCH,True,retail,hiddengems,trusted,2024-25 Panini Donruss Optic NBA Trading Card Mega Box,,59.99,,,0,74.84,88.0,,,,,,,,0,https://www.hiddengemscardshop.com/products/2024-25-panini-donruss-optic-nba-trading-card-mega-box,2026-09-06T20:10:33+00:00,1.0
PANINI_2024-25_OPTIC_MEGA,WATCH,True,retail,bleecker,watch,2024-25 Panini Donruss Optic Basketball Mega Box (Hyper Parallels),,60.0,,,0,74.85,88.0,,,,,,,,0,https://bleeckertrading.com/products/2024-25-panini-donruss-optic-basketball-retail-mega-box,2026-09-06T20:10:33+00:00,1.0
PANINI_2024-25_OPTIC_MEGA,WATCH,True,retail,deichcards,watch,Panini Donruss Optic Basketball NBA Mega Box 2024/2025,,65.0,,,0,80.02,88.0,,,,,,,,0,https://deichcards.de/products/panini-donruss-optic-basketball-nba-mega-box-2024-2025,2026-09-06T20:10:33+00:00,1.0
PANINI_2024-25_MOSAIC_BLASTER,WATCH,True,retail,rbicru7,trusted,"2024-25 Panini Mosaic Basketball Blaster, Box (Capacity Insert)",,33.0,,,1,46.92,33.0,,,,,,,SUIVI,0,https://rbicru7.com/products/2024-25-panini-mosaic-basketball-retail-blaster-box-capacity-insert,2026-09-06T20:10:33+00:00,1.0
PANINI_2024-25_MOSAIC_BLASTER,WATCH,True,retail,ehcards,trusted,2024/25 Panini Mosaic Basketball 6-Pack Blaster Box,,34.99,,,1,48.98,33.0,,,,,,,,0,https://ehcards.com/products/2024-25-panini-mosaic-basketball-6-pack-blaster-box,2026-09-06T20:10:33+00:00,1.0
PANINI_2024-25_MOSAIC_BLASTER,WATCH,True,retail,collectorstore,trusted,2024-25 Panini Mosaic Basketball Blaster Box,,37.99,,,1,52.08,33.0,,,,,,,,0,https://collectorstore.com/products/2025-panini-mosaic-basketball-blaster-box,2026-09-06T20:10:33+00:00,1.0
PANINI_2024-25_MOSAIC_BLASTER,WATCH,True,retail,monmouth,watch,2024-25 Panini Mosaic Basketball Blaster Box,,37.99,,,1,52.08,33.0,,,,,,,,0,https://monmouthcards.com/products/2024-25-panini-mosaic-basketball-blaster-box,2026-09-06T20:10:33+00:00,1.0
PANINI_2024-25_MOSAIC_BLASTER,WATCH,True,retail,dacardworldeu,watch,2024/25 Panini Mosaic Basketball 6-Pack Blaster 2024/25 Panini Mosaic Basketball 6-Pack Blaster Box,2024/25 Panini Mosaic Basketball 6-Pack Blaster Box,44.0,,,1,58.3,33.0,,,,,,,,0,https://dacardworld.eu/products/2024-25-panini-mosaic-basketball-6-pack-blaster,2026-09-06T20:10:33+00:00,1.0
PANINI_2024-25_MOSAIC_BLASTER,WATCH,True,retail,tanteo,watch,2024-25 Panini Mosaic Cartes Basketball NBA Blaster Box,,44.9,,,1,59.23,33.0,,,,,,,,0,https://tanteocartescollections.com/products/2024-25-panini-mosaic-cartes-basketball-nba-blaster-box,2026-09-06T20:10:33+00:00,1.0
PANINI_2024-25_MOSAIC_BLASTER,WATCH,True,retail,superior,watch,2024-25 Panini Mosaic Basketball 6-Pack Blaster Box,,50.0,,,1,64.51,33.0,,,,,,,,0,https://superiorsportsinvestments.com/products/2024-25-panini-mosaic-basketball-6-pack-blaster-box,2026-09-06T20:10:33+00:00,1.0
PANINI_2024-25_MOSAIC_BLASTER,WATCH,True,retail,sjay2k,watch,2024-25 Panini Mosaic Basketball Blaster Box,,65.0,,,1,80.02,33.0,,,,,,,,0,https://www.sjay2k.com/products/2023-24-panini-mosaic-basketball-6-pack-hobby-blaster-box-copy,2026-09-06T20:10:33+00:00,1.0
PANINI_2024-25_MOSAIC_BLASTER,WATCH,True,retail,hiddengems,trusted,2024-25 Panini Mosaic NBA Basketball Trading Card Blaster Box,,25.0,,,0,38.65,33.0,,,,,,,,0,https://www.hiddengemscardshop.com/products/2024-25-panini-mosaic-nba-basketball-trading-card-blaster-box,2026-09-06T20:10:33+00:00,1.0
PANINI_2024-25_MOSAIC_BLASTER,WATCH,True,retail,cardiacs,trusted,2024–25 Panini Mosaic Basketball Retail Blaster – Look for Ultra-Rare Genesis & Full Capacity Inserts,,34.95,,,0,48.94,33.0,,,,,,,,0,https://www.thecardiacs.com/products/2024-25-panini-mosaic-basketball-retail-blaster-box,2026-09-06T20:10:33+00:00,1.0
PANINI_2024-25_MOSAIC_BLASTER,WATCH,True,retail,deichcards,watch,Panini Mosaic Basketball NBA Blaster Box 2024/2025,,37.49,,,0,51.57,33.0,,,,,,,,0,https://deichcards.de/products/panini-mosaic-basketball-nba-blaster-box-2024-2025,2026-09-06T20:10:33+00:00,1.0
PANINI_2024-25_MOSAIC_BLASTER,WATCH,True,retail,bleecker,watch,2024-25 Panini Mosaic Basketball Blaster Box,,40.0,,,0,54.16,33.0,,,,,,,,0,https://bleeckertrading.com/products/2024-25-panini-mosaic-basketball-blaster-box,2026-09-06T20:10:33+00:00,1.0
PANINI_2024-25_MOSAIC_BLASTER,WATCH,True,retail,bleecker,watch,2024-25 Panini Mosaic Basketball Blaster Box,,45.0,,,0,59.34,33.0,,,,,,,,0,https://bleeckertrading.com/products/2024-25-panini-mosaic-basketball-hobby-box,2026-09-06T20:10:33+00:00,1.0
PANINI_2024-25_MOSAIC_MEGA,WATCH,True,retail,ehcards,trusted,2024/25 Panini Mosaic Basketball 60-Card Mega Box,,59.99,,,1,74.84,59.99,,,,,,,SUIVI,0,https://ehcards.com/products/2024-25-panini-mosaic-basketball-60-card-mega-box,2026-09-06T20:10:33+00:00,1.0
PANINI_2024-25_MOSAIC_MEGA,WATCH,True,retail,superior,watch,2024-25 Panini Mosaic Basketball Mega Box,,88.0,,,1,103.81,59.99,,,,,,,,0,https://superiorsportsinvestments.com/products/2024-25-panini-mosaic-basketball-mega-box,2026-09-06T20:10:33+00:00,1.0
PANINI_2024-25_MOSAIC_MEGA,WATCH,True,retail,hiddengems,trusted,2024-25 PANINI MOSAIC BASKETBALL MEGA BOX Factory Sealed,,35.0,,,0,48.99,59.99,,,,,,,,0,https://www.hiddengemscardshop.com/products/2024-25-panini-mosaic-basketball-mega-box-factory-sealed,2026-09-06T20:10:33+00:00,1.0
PANINI_2024-25_MOSAIC_MEGA,WATCH,True,retail,cardiacs,trusted,2024-25 Panini Mosaic Basketball Retail Mega Box – Exclusive Reactive Blue & Fluorescent Parallels,,44.95,,,0,59.28,59.99,,,,,,,,0,https://www.thecardiacs.com/products/2025-panini-mosaic-basketball-mega-box,2026-09-06T20:10:33+00:00,1.0
PANINI_2024-25_MOSAIC_MEGA,WATCH,True,retail,monmouth,watch,2024-25 Panini Mosaic Basketball Mega Box,,52.24,,,0,66.82,59.99,,,,,,,,0,https://monmouthcards.com/products/2024-25-panini-mosaic-basketball-mega-box,2026-09-06T20:10:33+00:00,1.0
PANINI_2024-25_MOSAIC_MEGA,WATCH,True,retail,sportscardjunction,watch,2024-25 Panini Mosaic Basketball Mega Box,,60.0,,,0,74.85,59.99,,,,,,,,0,https://sportscardjunction.com/products/2024-25-panini-mosaic-basketball-mega-box,2026-09-06T20:10:33+00:00,1.0
PANINI_2024-25_MOSAIC_MEGA,WATCH,True,retail,deichcards,watch,Panini Mosaic Basketball NBA Mega Box 2024/2025,,64.9,,,0,79.92,59.99,,,,,,,,0,https://deichcards.de/products/panini-mosaic-basketball-nba-mega-box-2024-2025,2026-09-06T20:10:33+00:00,1.0
PANINI_2024-25_MOSAIC_HOBBY_BLASTER,WATCH,True,retail,sportscardjunction,watch,2024-25 Panini Mosaic Basketball Hobby Blaster Box,,35.0,,,1,48.99,35.0,,,,,,,SUIVI,0,https://sportscardjunction.com/products/2024-25-panini-mosaic-basketball-hobby-blaster-box,2026-09-06T20:10:33+00:00,1.0
PANINI_2024-25_MOSAIC_HOBBY_BLASTER,WATCH,True,retail,rbicru7,trusted,"2024-25 Panini Mosaic Basketball Hobby Blaster, Box (Green Ice)",,40.0,,,1,54.16,35.0,,,,,,,,0,https://rbicru7.com/products/2024-25-panini-mosaic-basketball-hobby-blaster-box,2026-09-06T20:10:33+00:00,1.0
PANINI_2024-25_MOSAIC_HOBBY_BLASTER,WATCH,True,retail,monmouth,watch,2024-25 Panini Mosaic Basketball Hobby Blaster Box,,47.49,,,1,61.91,35.0,,,,,,,,0,https://monmouthcards.com/products/2024-25-panini-mosaic-basketball-hobby-blaster-box,2026-09-06T20:10:33+00:00,1.0
PANINI_2024-25_MOSAIC_HOBBY_BLASTER,WATCH,True,retail,cardiacs,trusted,2024-25 Panini Mosaic Basketball Hobby Blaster Box (Green Ice),,22.95,,,0,36.53,35.0,,,,,,,,0,https://www.thecardiacs.com/products/2024-25-panini-mosaic-basketball-blaster-box-green-ice,2026-09-06T20:10:33+00:00,1.0
PANINI_2024-25_MOSAIC_HOBBY_BLASTER,WATCH,True,retail,rlsports,watch,2024-25 Panini Mosaic Basketball Hobby Blaster Box,,29.99,,,0,43.81,35.0,,,,,,,,0,https://rlsportscards.com/products/2024-25-panini-mosaic-basketball-hobby-blaster-box,2026-09-06T20:10:33+00:00,1.0
PANINI_2024-25_MOSAIC_HOBBY_BLASTER,WATCH,True,retail,awesome,trusted,2024-25 Panini Mosaic Basketball Hobby 6-Pack Blaster Box,,34.75,,,0,48.73,35.0,,,,,,,,0,https://theawesomecardshop.com/products/2024-25-panini-mosaic-basketball-hobby-6-pack-blaster-box,2026-09-06T20:10:33+00:00,1.0
PANINI_2024-25_MOSAIC_HOBBY_BLASTER,WATCH,True,retail,sportcards,watch,2024/25 Panini Mosaic Basketball Hobby Blaster,,39.95,,,0,54.11,35.0,,,,,,,,0,https://sportcards.com/products/2024-25-panini-mosaic-basketball-hobby-blaster,2026-09-06T20:10:33+00:00,1.0
PANINI_2024-25_MOSAIC_HOBBY_BLASTER,WATCH,True,retail,ehcards,trusted,2024/25 Panini Mosaic Basketball 6-Pack Hobby Blaster Box,,39.99,,,0,54.15,35.0,,,,,,,,0,https://ehcards.com/products/2024-25-panini-mosaic-basketball-6-pack-hobby-blaster-box,2026-09-06T20:10:33+00:00,1.0
PANINI_2024-25_DONRUSS_BLASTER,WATCH,True,retail,ehcards,trusted,2024/25 Panini Donruss NBA Basketball 6-Pack Blaster Box (Holo Orange Laser),,24.99,,,1,38.64,24.99,,,,,,,SUIVI,0,https://ehcards.com/products/2024-25-panini-donruss-nba-basketball-6-pack-blaster-box-holo-orange-laser-inserts,2026-09-06T20:10:33+00:00,1.0
PANINI_2024-25_DONRUSS_BLASTER,WATCH,True,retail,hiddengems,trusted,2024-25 Panini Donruss Basketball NBA blaster Box,,24.99,,,1,38.64,24.99,,,,,,,,0,https://www.hiddengemscardshop.com/products/2024-25-panini-donruss-basketball-nba-blaster-box,2026-09-06T20:10:33+00:00,1.0
PANINI_2024-25_DONRUSS_BLASTER,WATCH,True,retail,tanteo,watch,2024-25 Panini Donruss Cartes Basketball NBA Blaster Box,,34.9,,,1,48.89,24.99,,,,,,,,0,https://tanteocartescollections.com/products/2024-25-panini-donruss-cartes-basketball-nba-blaster-box-precommande,2026-09-06T20:10:33+00:00,1.0
PANINI_2024-25_DONRUSS_BLASTER,WATCH,True,retail,sjay2k,watch,2024-25 Panini Donruss Basketball 6-Pack Blaster Box,,50.0,,,1,64.51,24.99,,,,,,,,0,https://www.sjay2k.com/products/2024-25-panini-donruss-basketball-6-pack-blaster-box,2026-09-06T20:10:33+00:00,1.0
PANINI_2024-25_DONRUSS_BLASTER,WATCH,True,retail,cardiacs,trusted,2024-25 Donruss Basketball Retail Blaster Box,,17.95,,,0,31.36,24.99,,,,,,,,0,https://www.thecardiacs.com/products/2024-25-donruss-basketball-retail-blaster-box,2026-09-06T20:10:33+00:00,1.0
PANINI_2024-25_DONRUSS_BLASTER,WATCH,True,retail,awesome,trusted,2024-25 Panini Donruss Basketball Blaster Box,,24.75,,,0,38.39,24.99,,,,,,,,0,https://theawesomecardshop.com/products/2024-25-panini-donruss-basketball-blaster-box,2026-09-06T20:10:33+00:00,1.0
PANINI_2024-25_DONRUSS_BLASTER,WATCH,True,retail,bleecker,watch,2024-25 Donruss Basketball Blaster Box,,30.0,,,0,43.82,24.99,,,,,,,,0,https://bleeckertrading.com/products/2024-25-donruss-basketball-blaster-box-1,2026-09-06T20:10:33+00:00,1.0
PANINI_2024-25_DONRUSS_BLASTER,WATCH,True,retail,bleecker,watch,2024-25 Panini Donruss Basketball Blaster Box (Red),,30.0,,,0,43.82,24.99,,,,,,,,0,https://bleeckertrading.com/products/2024-25-panini-donruss-basketball-blaster-box,2026-09-06T20:10:33+00:00,1.0
PANINI_2024-25_DONRUSS_BLASTER,WATCH,True,retail,deichcards,watch,Panini Donruss Basketball NBA Blaster Box 2024/2025,,35.0,,,0,48.99,24.99,,,,,,,,0,https://deichcards.de/products/panini-donruss-basketball-nba-blaster-box-2024-2025,2026-09-06T20:10:33+00:00,1.0
PANINI_2024-25_DONRUSS_BLASTER,WATCH,True,retail,bleecker,watch,2024-25 Panini Donruss Basketball Retail Blaster Box,,40.0,,,0,54.16,24.99,,,,,,,,0,https://bleeckertrading.com/products/2024-25-donruss-basketball-blaster-box,2026-09-06T20:10:33+00:00,1.0
PANINI_2024-25_DONRUSS_BLASTER,WATCH,True,retail,bleecker,watch,2024-25 Panini Donruss Basketball Blaster Box (Yellow),,40.0,,,0,54.16,24.99,,,,,,,,0,https://bleeckertrading.com/products/2024-25-panini-donruss-basketball-blaster-box-red-copy,2026-09-06T20:10:33+00:00,1.0
PANINI_2024-25_DONRUSS_BLASTER,WATCH,True,retail,awesome,trusted,2024-25 Panini NBA Donruss Basketball Blaster Box (Winter Blaster),,52.75,,,0,67.35,24.99,,,,,,,,0,https://theawesomecardshop.com/products/2024-25-panini-nba-donruss-basketball-blaster-box-winter-blaster,2026-09-06T20:10:33+00:00,1.0
PANINI_2024-25_DONRUSS_MEGA,WATCH,True,retail,ehcards,trusted,2024/25 Panini Donruss NBA Basketball 10-Pack Mega Box (Teal Laser),,44.99,,,1,59.33,44.99,,,,,,,SUIVI,0,https://ehcards.com/products/2024-25-panini-donruss-nba-basketball-10-pack-mega-box-teal-laser-copy,2026-09-06T20:10:33+00:00,1.0
PANINI_2024-25_DONRUSS_MEGA,WATCH,True,retail,monmouth,watch,2024-25 Panini Donruss Basketball Mega Box,,47.49,,,1,61.91,44.99,,,,,,,,0,https://monmouthcards.com/products/2024-25-panini-donruss-basketball-mega-box,2026-09-06T20:10:33+00:00,1.0
PANINI_2024-25_DONRUSS_MEGA,WATCH,True,retail,tanteo,watch,2024-25 Panini Donruss Cartes Basketball NBA Mega Box,,64.9,,,1,79.92,44.99,,,,,,,,0,https://tanteocartescollections.com/products/2024-25-panini-donruss-cartes-basketball-nba-mega-box-precommande,2026-09-06T20:10:33+00:00,1.0
PANINI_2024-25_DONRUSS_MEGA,WATCH,True,retail,sjay2k,watch,2024-25 Panini Donruss Basketball Mega Box,,90.0,,,1,105.88,44.99,,,,,,,,0,https://www.sjay2k.com/products/2024-25-panini-donruss-basketball-hobby-blaster-copy,2026-09-06T20:10:33+00:00,1.0
PANINI_2024-25_DONRUSS_MEGA,WATCH,True,retail,hiddengems,trusted,2024-25 Panini Donruss Basketball NBA Mega Box,,25.0,,,0,38.65,44.99,,,,,,,,0,https://www.hiddengemscardshop.com/products/2024-25-panini-donruss-basketball-nba-mega-box,2026-09-06T20:10:33+00:00,1.0
PANINI_2024-25_DONRUSS_MEGA,WATCH,True,retail,cardiacs,trusted,2024-25 Donruss Basketball Retail Mega Box,,34.95,,,0,48.94,44.99,,,,,,,,0,https://www.thecardiacs.com/products/2024-25-donruss-basketball-retail-mega-box,2026-09-06T20:10:33+00:00,1.0
PANINI_2024-25_DONRUSS_MEGA,WATCH,True,retail,boxseat,watch,2024-25 Panini Donruss Basketball Trading Cards Mega Box,,34.99,,,0,48.98,44.99,,,,,,,,0,https://boxseatcollectibles.com/products/2024-25-panini-donruss-basketball-trading-cards-mega-box,2026-09-06T20:10:33+00:00,1.0
PANINI_2024-25_DONRUSS_MEGA,WATCH,True,retail,awesome,trusted,2024-25 Panini Donruss Basketball Mega Box,,39.75,,,0,53.91,44.99,,,,,,,,0,https://theawesomecardshop.com/products/2024-25-panini-donruss-basketball-mega-box,2026-09-06T20:10:33+00:00,1.0
PANINI_2024-25_DONRUSS_MEGA,WATCH,True,retail,ehcards,trusted,2024/25 Panini Donruss NBA Basketball 10-Pack Mega Box (Green Laser),,39.99,,,0,54.15,44.99,,,,,,,,0,https://ehcards.com/products/2024-25-panini-donruss-nba-basketball-10-pack-mega-box-green-laser,2026-09-06T20:10:33+00:00,1.0
PANINI_2024-25_DONRUSS_MEGA,WATCH,True,retail,jakesbreaks,watch,2024-25 Panini Donruss Basketball Mega Box,,39.99,,,0,54.15,44.99,,,,,,,,0,https://jakesbreaks.co.uk/products/2024-25-panini-donruss-basketball-mega-box,2026-09-06T20:10:33+00:00,1.0
PANINI_2024-25_DONRUSS_MEGA,WATCH,True,retail,bleecker,watch,2024-25 Panini Donruss Basketball Mega Box,,50.0,,,0,64.51,44.99,,,,,,,,0,https://bleeckertrading.com/products/2024-25-donruss-basketball-mega-box,2026-09-06T20:10:33+00:00,1.0
PANINI_2024-25_DONRUSS_MEGA,WATCH,True,retail,stcuk,watch,2024-25 Panini Donruss Basketball Mega Box,,50.0,,,0,64.51,44.99,,,,,,,,0,https://sportstradingcardsuk.com/products/2024-25-panini-donruss-basketball-mega-box,2026-09-06T20:10:33+00:00,1.0
PANINI_2024-25_DONRUSS_MEGA,WATCH,True,retail,deichcards,watch,Panini Donruss Basketball NBA Mega Box 2024/2025,,65.0,,,0,80.02,44.99,,,,,,,,0,https://deichcards.de/products/panini-donruss-basketball-nba-mega-box-2024-2025,2026-09-06T20:10:33+00:00,1.0
PANINI_2024-25_HOOPS_BLASTER,WATCH,True,retail,hiddengems,trusted,2024-25 NBA Hoops Blaster Box,,20.0,,,1,33.48,20.0,,,,,,,SUIVI,0,https://www.hiddengemscardshop.com/products/2024-25-nba-hoops-blaster-box,2026-09-06T20:10:33+00:00,1.0
PANINI_2024-25_HOOPS_BLASTER,WATCH,True,retail,ehcards,trusted,2024/25 Panini Hoops NBA Basketball 6-pack Blaster Box,,24.99,,,1,38.64,20.0,,,,,,,,0,https://ehcards.com/products/2024-25-panini-hoops-nba-basketball-6-pack-blaster-box,2026-09-06T20:10:33+00:00,1.0
PANINI_2024-25_HOOPS_BLASTER,WATCH,True,retail,dennistheripper,watch,2024-25 Panini Hoops Basketball Blaster Box,,38.99,,,1,53.12,20.0,,,,,,,,0,https://dennistheripper.de/products/2024-25-panini-america-hoops-nba-basketball-blaster-box,2026-09-06T20:10:33+00:00,1.0
PANINI_2024-25_HOOPS_BLASTER,WATCH,True,retail,sjay2k,watch,2024-25 Panini Hoops Basketball  Blaster Box,,60.0,,,1,74.85,20.0,,,,,,,,0,https://www.sjay2k.com/products/2023-24-panini-hoops-premium-stock-basketball-6-pack-blaster-box-copy,2026-09-06T20:10:33+00:00,1.0
PANINI_2024-25_HOOPS_BLASTER,WATCH,True,retail,cardiacs,trusted,2024-25 Panini Hoops Basketball Retail Blaster,,19.95,,,0,33.42,20.0,,,,,,,,0,https://www.thecardiacs.com/products/2024-25-panini-hoops-basketball-retail-blaster,2026-09-06T20:10:33+00:00,1.0
PANINI_2024-25_HOOPS_BLASTER,WATCH,True,retail,hiddengems,trusted,2024-25 Panini Hoops Holiday Basketball Blaster Box,,24.99,,,0,38.64,20.0,,,,,,,,0,https://www.hiddengemscardshop.com/products/2024-25-panini-hoops-holiday-basketball-blaster-box,2026-09-06T20:10:33+00:00,1.0
PANINI_2024-25_HOOPS_BLASTER,WATCH,True,retail,awesome,trusted,2024-25 Panini NBA Hoops Basketball Blaster Box,,29.75,,,0,43.56,20.0,,,,,,,,0,https://theawesomecardshop.com/products/2024-25-panini-nba-hoops-basketball-blaster-box,2026-09-06T20:10:33+00:00,1.0
PANINI_2024-25_HOOPS_BLASTER,WATCH,True,retail,deichcards,watch,Panini Hoops Basketball NBA Blaster Box 2024/2025,,32.49,,,0,46.4,20.0,,,,,,,,0,https://deichcards.de/products/panini-hoops-basketball-nba-blaster-box-2024-2025,2026-09-06T20:10:33+00:00,1.0
PANINI_2024-25_HOOPS_BLASTER,WATCH,True,retail,monmouth,watch,2024-25 Panini Hoops Basketball Blaster Box,,34.99,,,0,48.98,20.0,,,,,,,,0,https://monmouthcards.com/products/2024-25-panini-hoops-basketball-blaster-box,2026-09-06T20:10:33+00:00,1.0
PANINI_2024-25_HOOPS_BLASTER,WATCH,True,retail,bleecker,watch,2024-25 Panini NBA Hoops Basketball Blaster Box,,40.0,,,0,54.16,20.0,,,,,,,,0,https://bleeckertrading.com/products/2024-25-panini-hoops-nba-blaster-box,2026-09-06T20:10:33+00:00,1.0
PANINI_2024-25_HOOPS_BLASTER,WATCH,True,retail,tanteo,watch,2024-25 Panini HOOPS Cartes Basketball NBA Blaster Box,,41.0,,,0,55.2,20.0,,,,,,,,0,https://tanteocartescollections.com/products/2024-25-panini-hoops-basketball-blaster-box-precommande,2026-09-06T20:10:33+00:00,1.0
PANINI_2024-25_HOOPS_BLASTER,WATCH,True,retail,tanteo,watch,2024-25 Panini Hoops Cartes Basketball NBA 6-Pack Winter Blaster Box,,52.9,,,0,67.51,20.0,,,,,,,,0,https://tanteocartescollections.com/products/2024-25-panini-hoops-cartes-basketball-nba-6-pack-winter-blaster-box,2026-09-06T20:10:33+00:00,1.0
PANINI_2024-25_TOTALLY_CERTIFIED_BLASTER,WATCH,True,retail,dacardworldeu,watch,2024/25 Panini Totally Certified Basketball Blaster 2024/25 Panini Totally Certified Basketball Blaster Box,2024/25 Panini Totally Certified Basketball Blaster Box,28.0,,,1,41.75,52.0,,,,,,,SUIVI,0,https://dacardworld.eu/products/2024-25-panini-totally-certified-basketball-blaster,2026-09-06T20:10:33+00:00,1.0
PANINI_2024-25_TOTALLY_CERTIFIED_BLASTER,WATCH,True,retail,tanteo,watch,2024-25 Panini Totally Certified Cartes Basketball NBA Blaster Box,,39.95,,,1,54.11,52.0,,,,,,,,0,https://tanteocartescollections.com/products/2024-25-panini-totally-certified-cartes-basketball-nba-blaster-box,2026-09-06T20:10:33+00:00,1.0
PANINI_2024-25_TOTALLY_CERTIFIED_BLASTER,WATCH,True,retail,superior,watch,2024-25 Panini Totally Certified Basketball Blaster Box,,52.0,,,1,66.58,52.0,,,,,,,,0,https://superiorsportsinvestments.com/products/2024-25-panini-totally-certified-basketball-blaster-box,2026-09-06T20:10:33+00:00,1.0
PANINI_2024-25_TOTALLY_CERTIFIED_BLASTER,WATCH,True,retail,sjay2k,watch,2024-25 Panini Totally Certified Basketball Blaster Box,,65.0,,,1,80.02,52.0,,,,,,,,0,https://www.sjay2k.com/products/2024-25-panini-totally-certified-basketball-mega-box-copy,2026-09-06T20:10:33+00:00,1.0
PANINI_2024-25_TOTALLY_CERTIFIED_BLASTER,WATCH,True,retail,awesome,trusted,2024-25 Panini Totally Certified Basketball Blaster Box,,24.75,,,0,38.39,52.0,,,,,,,,0,https://theawesomecardshop.com/products/2024-25-panini-totally-certified-basketball-blaster-box,2026-09-06T20:10:33+00:00,1.0
PANINI_2024-25_TOTALLY_CERTIFIED_BLASTER,WATCH,True,retail,collectorstore,trusted,2024-25 Panini Totally Certified Basketball Blaster Box,,24.99,,,0,38.64,52.0,,,,,,,,0,https://collectorstore.com/products/2024-25-panini-totally-certified-basketball-blaster-box,2026-09-06T20:10:33+00:00,1.0
PANINI_2024-25_TOTALLY_CERTIFIED_MEGA,WATCH,True,retail,hiddengems,trusted,2024-25 Panini Totally Certified Basketball Mega Box Retail Debut,,50.0,,,0,64.51,50.0,,,,,,,,0,https://www.hiddengemscardshop.com/products/2024-25-panini-totally-certified-basketball-mega-box-retail-debut,2026-09-06T20:10:33+00:00,1.0
PANINI_2024-25_TOTALLY_CERTIFIED_MEGA,WATCH,True,retail,awesome,trusted,2024-25 Panini Totally Certified Basketball Mega Box,,99.75,,,0,115.97,50.0,,,,,,,,0,https://theawesomecardshop.com/products/2024-25-panini-totally-certified-basketball-mega-box,2026-09-06T20:10:33+00:00,1.0
PANINI_2024-25_COURT_KINGS_BLASTER,WATCH,True,retail,bleecker,watch,2024-25 Panini Court Kings Basketball Blaster Box,,250.0,,,0,271.39,250.0,,,,,,,,0,https://bleeckertrading.com/products/2024-25-court-kings-basketball-blaster-box,2026-09-06T20:10:33+00:00,1.0
PANINI_2024-25_REVOLUTION_BLASTER,WATCH,True,retail,superior,watch,2024-25 Panini Revolution Basketball 6-Pack Blaster Box,,55.0,,,1,69.68,55.0,,,,,,,SUIVI,0,https://superiorsportsinvestments.com/products/2024-25-panini-revolution-basketball-6-pack-blaster-box,2026-09-06T20:10:33+00:00,1.0
PANINI_2024-25_REVOLUTION_BLASTER,WATCH,True,retail,columbia,trusted,2024-25 Panini Revolution Basketball 6-Pack Blaster Box,,21.99,,,0,35.53,55.0,,,,,,,,0,https://columbiasportscard.com/products/2024-25-panini-revolution-basketball-6-pack-blaster-box,2026-09-06T20:10:33+00:00,1.0
PANINI_2024-25_REVOLUTION_BLASTER,WATCH,True,retail,cardiacs,trusted,2024-25 Panini Revolution Basketball Blaster Box,,24.95,,,0,38.6,55.0,,,,,,,,0,https://www.thecardiacs.com/products/2024-25-panini-revolution-basketball-blaster-box,2026-09-06T20:10:33+00:00,1.0
PANINI_2024-25_REVOLUTION_BLASTER,WATCH,True,retail,ehcards,trusted,2024/25 Panini Revolution NBA Basketball 6-pack Blaster Box,,25.0,,,0,38.65,55.0,,,,,,,,0,https://ehcards.com/products/2024-25-panini-revolution-nba-basketball-6-pack-blaster-box,2026-09-06T20:10:33+00:00,1.0
PANINI_2024-25_REVOLUTION_BLASTER,WATCH,True,retail,sportscardjunction,watch,2024-25 Panini Revolution Basketball Blaster Box,,25.0,,,0,38.65,55.0,,,,,,,,0,https://sportscardjunction.com/products/2024-25-panini-revolution-basketball-blaster-box,2026-09-06T20:10:33+00:00,1.0
PANINI_2024-25_REVOLUTION_BLASTER,WATCH,True,retail,rlsports,watch,2024-25 Panini Revolution Basketball Blaster Box,,28.99,,,0,42.78,55.0,,,,,,,,0,https://rlsportscards.com/products/2024-25-panini-revolution-basketball-blaster-box,2026-09-06T20:10:33+00:00,1.0
PANINI_2024-25_REVOLUTION_BLASTER,WATCH,True,retail,hiddengems,trusted,2024-25 Panini NBA Revolution Basketball Trading Card Blaster Box,,29.99,,,0,43.81,55.0,,,,,,,,0,https://www.hiddengemscardshop.com/products/2024-25-panini-nba-revolution-basketball-trading-card-blaster-box,2026-09-06T20:10:33+00:00,1.0
PANINI_2024-25_REVOLUTION_BLASTER,WATCH,True,retail,monmouth,watch,2024-25 Panini Revolution Basketball Blaster Box,,33.24,,,0,47.17,55.0,,,,,,,,0,https://monmouthcards.com/products/2024-25-panini-revolution-basketball-blaster-box,2026-09-06T20:10:33+00:00,1.0
PANINI_2024-25_REVOLUTION_BLASTER,WATCH,True,retail,awesome,trusted,2024-25 Panini Revolution Basketball Blaster Box,,34.75,,,0,48.73,55.0,,,,,,,,0,https://theawesomecardshop.com/products/2024-25-panini-revolution-basketball-blaster-box,2026-09-06T20:10:33+00:00,1.0
PANINI_2024-25_REVOLUTION_BLASTER,WATCH,True,retail,bleecker,watch,2024-25 Panini NBA Revolution Basketball Blaster Box,,35.0,,,0,48.99,55.0,,,,,,,,0,https://bleeckertrading.com/products/2024-25-panini-nba-revolution-basketball-retail-blaster-box,2026-09-06T20:10:33+00:00,1.0
PANINI_2024-25_REVOLUTION_BLASTER,WATCH,True,retail,deichcards,watch,Panini Revolution Basketball Blaster Box 2024/2025,,37.49,,,0,51.57,55.0,,,,,,,,0,https://deichcards.de/products/panini-revolution-basketball-blaster-box-2024-2025,2026-09-06T20:10:33+00:00,1.0
PANINI_2024-25_REVOLUTION_BLASTER,WATCH,True,retail,fancave,watch,2024-25 Panini Revolution Basketball Blaster Box,,39.99,,,0,54.15,55.0,,,,,,,,0,https://fancave.com/products/2024-25-panini-revolution-basketball-blaster-box,2026-09-06T20:10:33+00:00,1.0
PANINI_2024-25_REVOLUTION_CNY,WATCH,True,retail,dennistheripper,watch,2024-25 Panini Revolution Basketball Chinese New Year Hobby Box,,79.99,,,1,95.53,100.0,,,,,,,SUIVI,0,https://dennistheripper.de/products/2024-25-panini-america-revolution-chinese-new-year-nba-basketball-hobby-box,2026-09-06T20:10:33+00:00,1.0
PANINI_2024-25_REVOLUTION_CNY,WATCH,True,retail,hallofcollect,watch,Panini Revolution Chinese New Year Hobby Box NBA Basketball 2024/2025,,80.0,,,1,95.54,100.0,,,,,,,,0,https://hallofcollect.de/products/panini-revolution-chinese-new-year-hobby-box-nba-basketball-2024-2025,2026-09-06T20:10:33+00:00,1.0
PANINI_2024-25_REVOLUTION_CNY,WATCH,True,retail,rbicru7,trusted,"2024-25 Panini Revolution Basketball Chinese New Year, Box",,85.0,,,1,100.71,100.0,,,,,,,,0,https://rbicru7.com/products/2024-25-panini-revolution-basketball-hobby-international-box,2026-09-06T20:10:33+00:00,1.0
PANINI_2024-25_REVOLUTION_CNY,WATCH,True,retail,bleecker,watch,2024-25 Panini Revolution Chinese New Year Basketball Box,,125.0,,,1,142.09,100.0,,,,,,,,0,https://bleeckertrading.com/products/2024-25-panini-revolution-chinese-new-year-basketball-box,2026-09-06T20:10:33+00:00,1.0
PANINI_2024-25_REVOLUTION_CNY,WATCH,True,retail,awesome,trusted,2024-25 Panini Revolution Chinese New Year Basketball Box,,0.0,,,0,12.79,100.0,,,,,,,,0,https://theawesomecardshop.com/products/2024-25-panini-revolution-chinese-new-year-basketball-box,2026-09-06T20:10:33+00:00,1.0
PANINI_2024-25_REVOLUTION_CNY,WATCH,True,retail,deichcards,watch,Panini Revolution Basketball Chinese New Year Box 2024/2025,,65.0,,,0,80.02,100.0,,,,,,,,0,https://deichcards.de/products/panini-revolution-basketball-chinese-new-year-box-2024-2025,2026-09-06T20:10:33+00:00,1.0
PANINI_2023-24_REVOLUTION_TIN,WATCH,True,retail,cbhobby,watch,2023-24 Panini Revolution Basketball Stocking Stuffer Tin,,12.0,,,1,25.2,20.0,,,,,,,SUIVI,0,https://cbhobby.com/products/2023-24-panini-revolution-basketball-stocking-stuffer-tin,2026-09-06T20:10:33+00:00,1.0
PANINI_2023-24_REVOLUTION_TIN,WATCH,True,retail,cardiacs,trusted,2023-24 Panini Revolution Basketball Hobby Tin,,12.95,,,1,26.18,20.0,,,,,,,,0,https://www.thecardiacs.com/products/2023-24-panini-revolution-hobby-tin,2026-09-06T20:10:33+00:00,1.0
PANINI_2023-24_REVOLUTION_TIN,WATCH,True,retail,boxseat,watch,2023-24 Panini Revolution Basketball Trading Cards Tin,,14.99,,,1,28.29,20.0,,,,,,,,0,https://boxseatcollectibles.com/products/2023-24-panini-revolution-basketball-trading-cards-tin,2026-09-06T20:10:33+00:00,1.0
PANINI_2023-24_REVOLUTION_TIN,WATCH,True,retail,rbicru7,trusted,"2023-24 Panini Revolution Basketball Winter, Tin",,20.0,,,1,33.48,20.0,,,,,,,,0,https://rbicru7.com/products/2023-24-panini-revolution-basketball-winter-tin,2026-09-06T20:10:33+00:00,1.0
PANINI_2023-24_REVOLUTION_TIN,WATCH,True,retail,jakesbreaks,watch,Panini - 2023/24 Revolution Basketball (NBA) - Winter Tin,,7.5,,,0,20.55,20.0,,,,,,,,0,https://jakesbreaks.co.uk/products/panini-2023-24-revolution-basketball-nba-winter-tin,2026-09-06T20:10:33+00:00,1.0
PANINI_2023-24_REVOLUTION_TIN,WATCH,True,retail,hiddengems,trusted,2023-24 Panini Revolution Basketball Tin,,11.99,,,0,25.19,20.0,,,,,,,,0,https://www.hiddengemscardshop.com/products/2023-24-panini-revolution-basketball-tin,2026-09-06T20:10:33+00:00,1.0
PANINI_2023-24_REVOLUTION_TIN,WATCH,True,retail,awesome,trusted,2023-24 Panini Revolution Basketball Winter Tin,,14.75,,,0,28.05,20.0,,,,,,,,0,https://theawesomecardshop.com/products/2023-24-panini-revolution-basketball-winter-tin,2026-09-06T20:10:33+00:00,1.0
PANINI_2023-24_REVOLUTION_TIN,WATCH,True,retail,sportcards,watch,2023/24 Panini Revolution Basketball Winter Tin,,14.95,,,0,28.25,20.0,,,,,,,,0,https://sportcards.com/products/2023-24-panini-revolution-basketball-winter-tin,2026-09-06T20:10:33+00:00,1.0
PANINI_2023-24_REVOLUTION_TIN,WATCH,True,retail,sportscardjunction,watch,2023-24 Panini Revolution Basketball Winter Tin,,20.0,,,0,33.48,20.0,,,,,,,,0,https://sportscardjunction.com/products/2023-24-panini-revolution-basketball-winter-tin,2026-09-06T20:10:33+00:00,1.0
PANINI_2023-24_REVOLUTION_TIN,WATCH,True,retail,worldchampion,watch,2023/24 Panini Revolution Basketball Winter Tin,,20.0,,,0,33.48,20.0,,,,,,,,0,https://www.worldchampionsportscards.org/products/2023-24-panini-revolution-basketball-winter-tin,2026-09-06T20:10:33+00:00,1.0
PANINI_2024-25_REVOLUTION_MEGA,WATCH,True,retail,superior,watch,2024-25 Panini Revolution Basketball Mega Box (Scope Parallels!),,90.0,,,1,105.88,90.0,,,,,,,SUIVI,0,https://superiorsportsinvestments.com/products/2024-25-panini-revolution-basketball-mega-box-scope-parallels,2026-09-06T20:10:33+00:00,1.0
PANINI_2024-25_REVOLUTION_MEGA,WATCH,True,retail,hiddengems,trusted,2024-25 Panini NBA Revolution Basketball Trading Cards Mega Box,,34.99,,,0,48.98,90.0,,,,,,,,0,https://www.hiddengemscardshop.com/products/2024-25-panini-nba-revolution-basketball-trading-cards-mega-box,2026-09-06T20:10:33+00:00,1.0
PANINI_2024-25_REVOLUTION_MEGA,WATCH,True,retail,columbia,trusted,2024-25 Panini Revolution Basketball Mega Box,,44.99,,,0,59.33,90.0,,,,,,,,0,https://columbiasportscard.com/products/2024-25-panini-revolution-basketball-mega-box,2026-09-06T20:10:33+00:00,1.0
PANINI_2024-25_REVOLUTION_MEGA,WATCH,True,retail,awesome,trusted,2024-25 Panini Revolution Basketball Mega Box,,49.75,,,0,64.25,90.0,,,,,,,,0,https://theawesomecardshop.com/products/2024-25-panini-revolution-basketball-mega-box,2026-09-06T20:10:33+00:00,1.0
PANINI_2024-25_REVOLUTION_MEGA,WATCH,True,retail,boxseat,watch,2024-25 Panini NBA Revolution Basketball Trading Card Mega Box,,49.99,,,0,64.5,90.0,,,,,,,,0,https://boxseatcollectibles.com/products/2024-25-panini-nba-revolution-basketball-trading-card-mega-box,2026-09-06T20:10:33+00:00,1.0
PANINI_2024-25_REVOLUTION_MEGA,WATCH,True,retail,boxseat,watch,"2024–25 Panini Revolution NBA Basketball Mega Box – Official NBA Trading Cards – Mega Box Exclusive Parallels, Inserts & Rookie Cards – Panini Retail Set",,49.99,,,0,64.5,90.0,,,,,,,,0,https://boxseatcollectibles.com/products/2024-25-panini-revolution-nba-basketball-mega-box-official-nba-trading-cards-mega-box-exclusive-parallels-inserts-rookie-cards-panini-retail-set,2026-09-06T20:10:33+00:00,1.0
PANINI_2024-25_REVOLUTION_MEGA,WATCH,True,retail,bleecker,watch,2024-25 Panini Revolution Basketball Mega Box,,50.0,,,0,64.51,90.0,,,,,,,,0,https://bleeckertrading.com/products/2024-25-panini-revolution-basketball-mega-box,2026-09-06T20:10:33+00:00,1.0
PANINI_2024-25_REVOLUTION_MEGA,WATCH,True,retail,worldchampion,watch,2024/25 Panini Revolution Basketball Mega Box (Cosmo & Storm Parallels!),,50.0,,,0,64.51,90.0,,,,,,,,0,https://www.worldchampionsportscards.org/products/2024-25-panini-revolution-basketball-mega-box-cosmo-storm-parallels,2026-09-06T20:10:33+00:00,1.0
PANINI_2024-25_REVOLUTION_MEGA,WATCH,True,retail,cardiacs,trusted,2024-25 Panini Revolution Basketball Mega Box,,54.95,,,0,69.63,90.0,,,,,,,,0,https://www.thecardiacs.com/products/2024-25-panini-revolution-basketball-mega-box,2026-09-06T20:10:33+00:00,1.0
PANINI_2024-25_REVOLUTION_MEGA,WATCH,True,retail,monmouth,watch,2024-25 Panini Revolution Basketball Mega Box,,56.99,,,0,71.74,90.0,,,,,,,,0,https://monmouthcards.com/products/2024-25-panini-revolution-basketball-mega-box,2026-09-06T20:10:33+00:00,1.0
PANINI_2024-25_REVOLUTION_MEGA,WATCH,True,retail,bleecker,watch,2024-25 Panini Revolution Basketball Mega Box (Cosmo & Storm Parallels!),,60.0,,,0,74.85,90.0,,,,,,,,0,https://bleeckertrading.com/products/2024-25-panini-revolution-basketball-mega-box-cosmo-storm-parallels,2026-09-06T20:10:33+00:00,1.0
PANINI_2024-25_REVOLUTION_MEGA,WATCH,True,retail,sportscardjunction,watch,2024-25 Panini Revolution Basketball Mega Box,,60.0,,,0,74.85,90.0,,,,,,,,0,https://sportscardjunction.com/products/2024-25-panini-revolution-basketball-mega-box,2026-09-06T20:10:33+00:00,1.0
PANINI_2024-25_REVOLUTION_MEGA,WATCH,True,retail,deichcards,watch,Panini Revolution Basketball Mega Box 2024/2025,,64.9,,,0,79.92,90.0,,,,,,,,0,https://deichcards.de/products/panini-revolution-basketball-mega-box-2024-2025,2026-09-06T20:10:33+00:00,1.0
TOPPS_2023-24_CHROME_VALUE_BLASTER,ACTIVE,nbpa,retail,hiddengems,trusted,2023-24 Topps Chrome NBA Basketball Value Box - SEALED,,75.0,,,1,90.37,120.0,,,,35.0,45.0,,NO_GO,0,https://www.hiddengemscardshop.com/products/2023-24-topps-chrome-nba-basketball-value-box-sealed,2026-09-06T20:10:33+00:00,1.0
TOPPS_2023-24_CHROME_VALUE_BLASTER,ACTIVE,nbpa,retail,superior,watch,2023-24 Topps Chrome Basketball Blaster Box,,125.0,,,1,142.09,120.0,,,,35.0,45.0,,,0,https://superiorsportsinvestments.com/products/2023-24-topps-chrome-basketball-blaster-box,2026-09-06T20:10:33+00:00,1.0
TOPPS_2023-24_CHROME_VALUE_BLASTER,ACTIVE,nbpa,retail,rlsports,watch,2023-24 Topps Chrome Basketball Value Box,,23.99,,,0,37.6,120.0,,,,35.0,45.0,,,0,https://rlsportscards.com/products/2023-24-topps-chrome-basketball-value-box,2026-09-06T20:10:33+00:00,1.0
TOPPS_2023-24_CHROME_VALUE_BLASTER,ACTIVE,nbpa,retail,sportscardjunction,watch,2023-24 Topps Chrome Basketball Blaster Box,,25.0,,,0,38.65,120.0,,,,35.0,45.0,,,0,https://sportscardjunction.com/products/2023-24-topps-chrome-basketball-blaster-box,2026-09-06T20:10:33+00:00,1.0
TOPPS_2023-24_CHROME_VALUE_BLASTER,ACTIVE,nbpa,retail,cardiacs,trusted,2023-24 Topps Chrome Basketball Value Box SE,,29.95,,,0,43.77,120.0,,,,35.0,45.0,,,0,https://www.thecardiacs.com/products/2023-24-topps-chrome-basketball-value-box-se,2026-09-06T20:10:33+00:00,1.0
TOPPS_2023-24_CHROME_VALUE_BLASTER,ACTIVE,nbpa,retail,worldchampion,watch,2023/24 Topps Chrome Basketball Blaster Box,,40.0,,,0,54.16,120.0,,,,35.0,45.0,,,0,https://www.worldchampionsportscards.org/products/2023-24-topps-chrome-basketball-blaster-box-presell,2026-09-06T20:10:33+00:00,1.0
TOPPS_2023-24_CHROME_VALUE_BLASTER,ACTIVE,nbpa,retail,bleecker,watch,2023-24 Topps Chrome Basketball Blaster Box,,45.0,,,0,59.34,120.0,,,,35.0,45.0,,,0,https://bleeckertrading.com/products/2023-24-topps-chrome-basketball-blaster-box,2026-09-06T20:10:33+00:00,1.0
TOPPS_2023-24_CHROME_VALUE_BLASTER,ACTIVE,nbpa,retail,bleecker,watch,2023-24 Topps Chrome Basketball Blaster Box,,50.0,,,0,64.51,120.0,,,,35.0,45.0,,,0,https://bleeckertrading.com/products/2023-24-topps-chrome-basketball-blaster-box-1,2026-09-06T20:10:33+00:00,1.0
TOPPS_2023-24_CHROME_VALUE_BLASTER,ACTIVE,nbpa,retail,awesome,trusted,2023-24 Topps Chrome Basketball Blaster Box,,65.0,,,0,80.02,120.0,,,,35.0,45.0,,,0,https://theawesomecardshop.com/products/2023-24-topps-chrome-basketball-blaster-box,2026-09-06T20:10:33+00:00,1.0
TOPPS_2023-24_CHROME_VALUE_BLASTER,ACTIVE,nbpa,retail,e5sports,watch,2023-24 Topps Chrome NBA Blaster Box,,75.0,,,0,90.37,120.0,,,,35.0,45.0,,,0,https://e5sports.com/products/2023-24-topps-chrome-nba-blaster-box,2026-09-06T20:10:33+00:00,1.0
TOPPS_2023-24_CHROME_MEGA,WATCH,nbpa,retail,e5sports,watch,2023-24 Topps Chrome NBA Mega Box,,60.0,,,0,74.85,60.0,,,,,,,,0,https://e5sports.com/products/2023-24-topps-chrome-nba-mega-box,2026-09-06T20:10:33+00:00,1.0
TOPPS_2023-24_CHROME_MEGA,WATCH,nbpa,retail,awesome,trusted,2023-24 Topps Chrome Basketball Mega Box,,65.0,,,0,80.02,60.0,,,,,,,,0,https://theawesomecardshop.com/products/2023-24-topps-chrome-basketball-mega-box,2026-09-06T20:10:33+00:00,1.0
TOPPS_2023-24_CHROME_MEGA,WATCH,nbpa,retail,monmouth,watch,2023-24 Topps Chrome Basketball Mega Box,,75.99,,,0,91.39,60.0,,,,,,,,0,https://monmouthcards.com/products/2023-24-topps-chrome-basketball-mega-box,2026-09-06T20:10:33+00:00,1.0
TOPPS_2023-24_CHROME_MEGA,WATCH,nbpa,retail,worldchampion,watch,2023/24 Topps Chrome Basketball MEGA Box,,80.0,,,0,95.54,60.0,,,,,,,,0,https://www.worldchampionsportscards.org/products/2023-24-topps-chrome-basketball-mega-box-presell,2026-09-06T20:10:33+00:00,1.0
TOPPS_2023-24_CHROME_HANGER,WATCH,nbpa,retail,superior,watch,2023-24 Topps Chrome Basketball Hanger Box,,85.0,,,1,100.71,85.0,,,,,,,SUIVI,0,https://superiorsportsinvestments.com/products/2023-24-topps-chrome-basketball-hanger-box,2026-09-06T20:10:33+00:00,1.0
TOPPS_2023-24_CHROME_HANGER,WATCH,nbpa,retail,awesome,trusted,2023-24 Topps Chrome Basketball Hanger Box,,24.0,,,0,37.61,85.0,,,,,,,,0,https://theawesomecardshop.com/products/2023-24-topps-chrome-basketball-trading-card-hanger-pack,2026-09-06T20:10:33+00:00,1.0
TOPPS_2023-24_CHROME_HANGER,WATCH,nbpa,retail,sportscardjunction,watch,2023-24 Topps Chrome Basketball Hanger Box,,25.0,,,0,38.65,85.0,,,,,,,,0,https://sportscardjunction.com/products/2023-24-topps-chrome-basketball-hanger-box,2026-09-06T20:10:33+00:00,1.0
TOPPS_2023-24_CHROME_HANGER,WATCH,nbpa,retail,worldchampion,watch,2023/24 Topps Chrome Basketball Hanger Box,,30.0,,,0,43.82,85.0,,,,,,,,0,https://www.worldchampionsportscards.org/products/2023-24-topps-chrome-basketball-hanger-box,2026-09-06T20:10:33+00:00,1.0
TOPPS_2025-26_BOWMAN_MEGA,WATCH,True,retail,ehcards,trusted,2025/26 Bowman Basketball 6-pack Mega Box,,79.99,,,1,95.53,59.99,,,,,,91.66,SUIVI,0,https://ehcards.com/products/2025-26-bowman-basketball-6-pack-mega-box,2026-09-06T20:10:33+00:00,1.0
TOPPS_2025-26_BOWMAN_MEGA,WATCH,True,retail,sportscardjunction,watch,2025-26 Topps Bowman Basketball Mega Box,,85.0,,,1,100.71,59.99,,,,,,91.66,,0,https://sportscardjunction.com/products/2025-26-topps-bowmans-basketball-mega-box,2026-09-06T20:10:33+00:00,1.0
TOPPS_2025-26_BOWMAN_MEGA,WATCH,True,retail,awesome,trusted,2025-26 Bowman Basketball Mega Box,,99.75,,,1,115.97,59.99,,,,,,91.66,,0,https://theawesomecardshop.com/products/2025-26-bowman-basketball-mega-box,2026-09-06T20:10:33+00:00,1.0
TOPPS_2025-26_BOWMAN_MEGA,WATCH,True,retail,superior,watch,2025-26 Bowman Basketball Mega Box,,155.0,,,1,173.12,59.99,,,,,,91.66,,0,https://superiorsportsinvestments.com/products/2025-26-bowman-basketball-mega-box,2026-09-06T20:10:33+00:00,1.0
TOPPS_2025-26_BOWMAN_MEGA,WATCH,True,retail,columbia,trusted,2025-26 Bowman Basketball Mega Box,,69.99,,,0,85.19,59.99,,,,,,91.66,,0,https://columbiasportscard.com/products/2025-26-bowman-basketball-mega-box,2026-09-06T20:10:33+00:00,1.0
TOPPS_2025-26_BOWMAN_MEGA,WATCH,True,retail,rlsports,watch,2025-26 Bowman Basketball Mega Box,,69.99,,,0,85.19,59.99,,,,,,91.66,,0,https://rlsportscards.com/products/2025-26-bowman-basketball-mega-box,2026-09-06T20:10:33+00:00,1.0
TOPPS_2025-26_BOWMAN_MEGA,WATCH,True,retail,hiddengems,trusted,2025-26 Bowman Basketball - Mega Box,,79.99,,,0,95.53,59.99,,,,,,91.66,,0,https://www.hiddengemscardshop.com/products/2025-26-bowman-basketball-mega-box-presell,2026-09-06T20:10:33+00:00,1.0
TOPPS_2025-26_BOWMAN_MEGA,WATCH,True,retail,bleecker,watch,2025-26 Bowman Basketball Mega Box,,80.0,,,0,95.54,59.99,,,,,,91.66,,0,https://bleeckertrading.com/products/2025-26-bowman-basketball-mega-box-presale,2026-09-06T20:10:33+00:00,1.0
TOPPS_2025-26_BOWMAN_MEGA,WATCH,True,retail,boxseat,watch,2025-26 Bowman Basketball - Factory Sealed - Mega Box,,99.99,,,0,116.22,59.99,,,,,,91.66,,0,https://boxseatcollectibles.com/products/2025-26-bowman-basketball-factory-sealed-mega-box,2026-09-06T20:10:33+00:00,1.0
TOPPS_2025-26_BOWMAN_MEGA,WATCH,True,retail,worldchampion,watch,2025/26 Bowman Basketball Mega Box (Presell),,110.0,,,0,126.57,59.99,,,,,,91.66,,0,https://www.worldchampionsportscards.org/products/2025-26-bowman-basketball-mega-box-presell,2026-09-06T20:10:33+00:00,1.0
TOPPS_2025-26_BOWMAN_VALUE_BLASTER,WATCH,True,retail,sportscardjunction,watch,2025-26 Bowman Basketball Blaster Box,,40.0,,,1,54.16,29.99,,,,,,49.99,SUIVI,0,https://sportscardjunction.com/products/pre-order-2025-26-bowman-basketball-blaster-box-releases-4-22-26,2026-09-06T20:10:33+00:00,1.0
TOPPS_2025-26_BOWMAN_VALUE_BLASTER,WATCH,True,retail,rbicru7,trusted,"2025-26 Bowman Basketball Blaster, Box",,45.0,,,1,59.34,29.99,,,,,,49.99,,0,https://rbicru7.com/products/2025-26-bowman-basketball-blaster-box,2026-09-06T20:10:33+00:00,1.0
TOPPS_2025-26_BOWMAN_VALUE_BLASTER,WATCH,True,retail,superior,watch,2025-26 Bowman Basketball Blaster Box,,55.0,,,1,69.68,29.99,,,,,,49.99,,0,https://superiorsportsinvestments.com/products/2025-26-bowman-basketball-blaster-box,2026-09-06T20:10:33+00:00,1.0
TOPPS_2025-26_BOWMAN_VALUE_BLASTER,WATCH,True,retail,columbia,trusted,2025-26 Bowman Basketball Blaster Box,,32.79,,,0,46.71,29.99,,,,,,49.99,,0,https://columbiasportscard.com/products/2025-26-bowman-basketball-blaster-box,2026-09-06T20:10:33+00:00,1.0
TOPPS_2025-26_BOWMAN_VALUE_BLASTER,WATCH,True,retail,awesome,trusted,2025-26 Bowman Basketball Blaster Box,,39.75,,,0,53.91,29.99,,,,,,49.99,,0,https://theawesomecardshop.com/products/2025-26-bowman-basketball-blaster-box,2026-09-06T20:10:33+00:00,1.0
TOPPS_2025-26_BOWMAN_VALUE_BLASTER,WATCH,True,retail,cardiacs,trusted,2025-26 Bowman Basketball Blaster Box,,39.95,,,0,54.11,29.99,,,,,,49.99,,0,https://www.thecardiacs.com/products/2025-26-bowman-basketball-blaster-box,2026-09-06T20:10:33+00:00,1.0
TOPPS_2025-26_BOWMAN_VALUE_BLASTER,WATCH,True,retail,collectorstore,trusted,2025-26 Bowman Basketball Blaster Box,,39.99,,,0,54.15,29.99,,,,,,49.99,,0,https://collectorstore.com/products/202526-bowman-basketball-blaster-fgc006692,2026-09-06T20:10:33+00:00,1.0
TOPPS_2025-26_BOWMAN_VALUE_BLASTER,WATCH,True,retail,bleecker,watch,2025-26 Bowman Basketball Blaster Box,,45.0,,,0,59.34,29.99,,,,,,49.99,,0,https://bleeckertrading.com/products/2025-26-bowman-basketball-blaster-box-presale,2026-09-06T20:10:33+00:00,1.0
TOPPS_2025-26_BOWMAN_VALUE_BLASTER,WATCH,True,retail,monmouth,watch,2025-26 Bowman Basketball Blaster Box,,47.49,,,0,61.91,29.99,,,,,,49.99,,0,https://monmouthcards.com/products/2025-26-bowman-basketball-blaster-box,2026-09-06T20:10:33+00:00,1.0
TOPPS_2025-26_BOWMAN_VALUE_BLASTER,WATCH,True,retail,tanteo,watch,2025-26 Topps Bowman Cartes Basketball NBA Blaster Box,,49.9,,,0,64.4,29.99,,,,,,49.99,,0,https://tanteocartescollections.com/products/2025-26-topps-bowman-cartes-basketball-nba-blaster-box-precommande,2026-09-06T20:10:33+00:00,1.0
TOPPS_2025-26_BOWMAN_VALUE_BLASTER,WATCH,True,retail,worldchampion,watch,2025/26 Bowman Basketball Blaster Box (Presell),,55.0,,,0,69.68,29.99,,,,,,49.99,,0,https://www.worldchampionsportscards.org/products/2025-26-bowman-basketball-blaster-box-presell,2026-09-06T20:10:33+00:00,1.0
TOPPS_2025-26_CHROME_MEGA,WATCH,True,retail,awesome,trusted,2025-26 Topps Chrome Basketball Mega Box,,199.75,,,1,219.41,199.75,,,,,,,SUIVI,0,https://theawesomecardshop.com/products/2025-26-topps-chrome-basketball-mega-box,2026-09-06T20:10:33+00:00,1.0
TOPPS_2025-26_CHROME_MEGA,WATCH,True,retail,superior,watch,2025-26 Topps Chrome Basketball Mega Box,,290.0,,,1,312.76,199.75,,,,,,,,0,https://superiorsportsinvestments.com/products/2025-26-topps-chrome-basketball-mega-box,2026-09-06T20:10:33+00:00,1.0
TOPPS_2025-26_CHROME_MEGA,WATCH,True,retail,dacardworldeu,watch,2025/26 Topps Chrome Basketball Mega 2025/26 Topps Chrome Basketball Mega Box,2025/26 Topps Chrome Basketball Mega Box,300.0,,,1,323.11,199.75,,,,,,,,0,https://dacardworld.eu/products/2025-26-topps-chrome-basketball-mega,2026-09-06T20:10:33+00:00,1.0
TOPPS_2025-26_CHROME_MEGA,WATCH,True,retail,bleecker,watch,2025-26 Topps Chrome McDonald's All-American Basketball Mega Box,,75.0,,,0,90.37,199.75,,,,,,,,0,https://bleeckertrading.com/products/2025-26-topps-chrome-mcdonalds-all-american-basketball-mega-box-presale,2026-09-06T20:10:33+00:00,1.0
TOPPS_2025-26_CHROME_MEGA,WATCH,True,retail,columbia,trusted,2025/26 Topps Chrome Basketball Mega Box,,82.99,,,0,98.63,199.75,,,,,,,,0,https://columbiasportscard.com/products/2025-26-topps-chrome-basketball-mega-box-columbia-sports-cards,2026-09-06T20:10:33+00:00,1.0
TOPPS_2025-26_CHROME_MEGA,WATCH,True,retail,hikaru_shop,watch,2025-26 Topps Chrome NBA Basketball - Mega Box,,99.9,,,0,116.12,199.75,,,,,,,,0,https://hikarudistribution.com/products/2025-26-topps-chrome-nba-basketball-hobby-box-copie,2026-09-06T20:10:33+00:00,1.0
TOPPS_2025-26_CHROME_MEGA,WATCH,True,retail,worldchampion,watch,2025/26 Topps Chrome Basketball Mega Box,,125.0,,,0,142.09,199.75,,,,,,,,0,https://www.worldchampionsportscards.org/products/2025-topps-chrome-basketball-value-box-presell-copy,2026-09-06T20:10:33+00:00,1.0
TOPPS_2025-26_CHROME_MEGA,WATCH,True,retail,rlsports,watch,2025-26 Topps Chrome Basketball Mega Box,,129.99,,,0,147.25,199.75,,,,,,,,0,https://rlsportscards.com/products/2025-26-topps-chrome-basketball-mega-box,2026-09-06T20:10:33+00:00,1.0
TOPPS_2025-26_CHROME_MEGA,WATCH,True,retail,sportscardjunction,watch,2025-26 Topps Chrome Basketball Mega Box,,180.0,,,0,198.98,199.75,,,,,,,,0,https://sportscardjunction.com/products/pre-order-2025-26-topps-chrome-basketball-mega-box-releases-12-18-25,2026-09-06T20:10:33+00:00,1.0
TOPPS_2025-26_CHROME_MEGA,WATCH,True,retail,boxseat,watch,2025-26 Topps Chrome Basketball MEGA BOX,,189.99,,,0,209.31,199.75,,,,,,,,0,https://boxseatcollectibles.com/products/2025-26-topps-chrome-basketball-mega-box,2026-09-06T20:10:33+00:00,1.0
TOPPS_2025-26_CHROME_MEGA,WATCH,True,retail,ehcards,trusted,2025/26 Topps Chrome Basketball Mega Box,,199.99,,,0,219.66,199.75,,,,,,,,0,https://ehcards.com/products/2025-26-topps-chrome-basketball-mega-box,2026-09-06T20:10:33+00:00,1.0
TOPPS_2025-26_CHROME_MEGA,WATCH,True,retail,bleecker,watch,2025-26 Topps Chrome Basketball Mega Box,,200.0,,,0,219.67,199.75,,,,,,,,0,https://bleeckertrading.com/products/2025-26-topps-chrome-basketball-mega-box-presale,2026-09-06T20:10:33+00:00,1.0
TOPPS_2025-26_CHROME_MEGA,WATCH,True,retail,hiddengems,trusted,2025-26 Topps Chrome Basketball - Mega Box,,230.0,,,0,250.7,199.75,,,,,,,,0,https://www.hiddengemscardshop.com/products/2025-26-topps-chrome®-basketball-mega-box,2026-09-06T20:10:33+00:00,1.0
TOPPS_2025-26_CHROME_MEGA,WATCH,True,retail,collectorstore,trusted,2025-26 Topps Chrome Basketball Mega Box,,274.99,,,0,297.24,199.75,,,,,,,,0,https://collectorstore.com/products/2025-26-topps-chrome-basketball-mega-box,2026-09-06T20:10:33+00:00,1.0
TOPPS_2024-25_CHROME_BLASTER,WATCH,True,retail,hiddengems,trusted,2024-25 Topps Chrome Basketball 8-Pack Blaster Box,,19.99,,,1,33.47,20.0,,,,,,,SUIVI,0,https://www.hiddengemscardshop.com/products/2024-25-topps-chrome-basketball-8-pack-blaster-box-presell-6-12-release,2026-09-06T20:10:33+00:00,1.0
TOPPS_2024-25_CHROME_BLASTER,WATCH,True,retail,awesome,trusted,2024-25 Topps Chrome Basketball Blaster Box,,29.75,,,1,43.56,20.0,,,,,,,,0,https://theawesomecardshop.com/products/2024-25-topps-chrome-basketball-blaster-box,2026-09-06T20:10:33+00:00,1.0
TOPPS_2024-25_CHROME_BLASTER,WATCH,True,retail,dacardworldeu,watch,2024/25 Topps Chrome Basketball 8-Pack Blaster 2024/25 Topps Chrome Basketball 8-Pack Blaster Box,2024/25 Topps Chrome Basketball 8-Pack Blaster Box,33.0,,,1,46.92,20.0,,,,,,,,0,https://dacardworld.eu/products/2024-25-topps-chrome-basketball-8-pack-blaster,2026-09-06T20:10:33+00:00,1.0
TOPPS_2024-25_CHROME_BLASTER,WATCH,True,retail,boxseat,watch,2024-25 Topps Chrome Basketball Blaster Box,,34.99,,,1,48.98,20.0,,,,,,,,0,https://boxseatcollectibles.com/products/2024-25-topps-chrome-basketball-factory-sealed-value-box,2026-09-06T20:10:33+00:00,1.0
TOPPS_2024-25_CHROME_BLASTER,WATCH,True,retail,bleecker,watch,2024-25 Topps Chrome Basketball Blaster Box,,40.0,,,1,54.16,20.0,,,,,,,,0,https://bleeckertrading.com/products/2024-25-topps-chrome-basketball-sealed-blaster-box-presale,2026-09-06T20:10:33+00:00,1.0
TOPPS_2024-25_CHROME_BLASTER,WATCH,True,retail,superior,watch,2024-25 Topps Chrome Basketball 8-Pack Blaster Box,,40.0,,,1,54.16,20.0,,,,,,,,0,https://superiorsportsinvestments.com/products/2024-25-topps-chrome-basketball-8-pack-blaster-box,2026-09-06T20:10:33+00:00,1.0
TOPPS_2024-25_CHROME_BLASTER,WATCH,True,retail,columbia,trusted,2024-25 Topps Chrome Basketball 8-Pack Blaster Box,,14.99,,,0,28.29,20.0,,,,,,,,0,https://columbiasportscard.com/products/2024-25-topps-chrome-basketball-8-pack-blaster-box,2026-09-06T20:10:33+00:00,1.0
TOPPS_2024-25_CHROME_BLASTER,WATCH,True,retail,cardiacs,trusted,2024-25 Topps Chrome Basketball Blaster Box,,19.95,,,0,33.42,20.0,,,,,,,,0,https://www.thecardiacs.com/products/2024-25-topps-chrome-basketball-blaster-box,2026-09-06T20:10:33+00:00,1.0
TOPPS_2024-25_CHROME_BLASTER,WATCH,True,retail,sportcards,watch,2024/25 Topps Chrome Basketball 8-Pack Blaster Box,,19.95,,,0,33.42,20.0,,,,,,,,0,https://sportcards.com/products/2024-25-topps-chrome-basketball-8-pack-blaster-box,2026-09-06T20:10:33+00:00,1.0
TOPPS_2024-25_CHROME_BLASTER,WATCH,True,retail,sportscardjunction,watch,2024-25 Topps Chrome Basketball Blaster Box,,20.0,,,0,33.48,20.0,,,,,,,,0,https://sportscardjunction.com/products/2024-25-topps-chrome-basketball-blaster-box,2026-09-06T20:10:33+00:00,1.0
TOPPS_2024-25_CHROME_BLASTER,WATCH,True,retail,bleecker,watch,2024-25 Topps Chrome Basketball Blaster Box (Pink),,30.0,,,0,43.82,20.0,,,,,,,,0,https://bleeckertrading.com/products/2024-25-topps-chrome-basketball-blaster-box-copy,2026-09-06T20:10:33+00:00,1.0
TOPPS_2024-25_CHROME_BLASTER,WATCH,True,retail,worldchampion,watch,2024/25 Topps Chrome Basketball 8-Pack Blaster Box,,30.0,,,0,43.82,20.0,,,,,,,,0,https://www.worldchampionsportscards.org/products/2024-25-topps-chrome-basketball-8-pack-blaster-box,2026-09-06T20:10:33+00:00,1.0
TOPPS_2024-25_CHROME_BLASTER,WATCH,True,retail,monmouth,watch,2024-25 Topps Chrome Basketball Blaster Box,,33.24,,,0,47.17,20.0,,,,,,,,0,https://monmouthcards.com/products/2024-25-topps-chrome-basketball-blaster-box,2026-09-06T20:10:33+00:00,1.0
TOPPS_2025-26_CHROME_BLASTER,WATCH,True,retail,ehcards,trusted,2025/26 Topps Chrome Basketball Blaster Box,,79.99,,,1,95.53,79.99,,,,,,,SUIVI,0,https://ehcards.com/products/2025-26-topps-chrome-basketball-blaster-box,2026-09-06T20:10:33+00:00,1.0
TOPPS_2025-26_CHROME_BLASTER,WATCH,True,retail,rbicru7,trusted,"2025-26 Topps Chrome Basketball Blaster, Box",,85.0,,,1,100.71,79.99,,,,,,,,0,https://rbicru7.com/products/2025-26-topps-chrome-basketball-blaster-box,2026-09-06T20:10:33+00:00,1.0
TOPPS_2025-26_CHROME_BLASTER,WATCH,True,retail,bleecker,watch,2025-26 Topps Chrome Basketball Blaster Box,,90.0,,,1,105.88,79.99,,,,,,,,0,https://bleeckertrading.com/products/2025-26-topps-chrome-basketball-blaster-box,2026-09-06T20:10:33+00:00,1.0
TOPPS_2025-26_CHROME_BLASTER,WATCH,True,retail,dacardworldeu,watch,2025/26 Topps Chrome Basketball 7-Pack Blaster 2025/26 Topps Chrome Basketball 7-Pack Blaster Box,2025/26 Topps Chrome Basketball 7-Pack Blaster Box,110.0,,,1,126.57,79.99,,,,,,,,0,https://dacardworld.eu/products/2025-26-topps-chrome-basketball-7-pack-blaster,2026-09-06T20:10:33+00:00,1.0
TOPPS_2025-26_CHROME_BLASTER,WATCH,True,retail,superior,watch,2025-26 Topps Chrome Basketball Blaster Box,,115.0,,,1,131.74,79.99,,,,,,,,0,https://superiorsportsinvestments.com/products/2025-26-topps-chrome-basketball-blaster-box,2026-09-06T20:10:33+00:00,1.0
TOPPS_2025-26_CHROME_BLASTER,WATCH,True,retail,columbia,trusted,2025/26 Topps Chrome Basketball 7-Pack Blaster Box,,44.99,,,0,59.33,79.99,,,,,,,,0,https://columbiasportscard.com/products/2025-26-topps-chrome-basketball-blaster-box,2026-09-06T20:10:33+00:00,1.0
TOPPS_2025-26_CHROME_BLASTER,WATCH,True,retail,cardiacs,trusted,2025-26 Topps Chrome Basketball Blaster Box,,54.95,,,0,69.63,79.99,,,,,,,,0,https://www.thecardiacs.com/products/2025-26-topps-chrome-basketball-blaster-box,2026-09-06T20:10:33+00:00,1.0
TOPPS_2025-26_CHROME_BLASTER,WATCH,True,retail,awesome,trusted,2025-26 Topps Chrome Basketball Blaster Box,,55.75,,,0,70.46,79.99,,,,,,,,0,https://theawesomecardshop.com/products/2025-26-topps-chrome-basketball-blaster-box,2026-09-06T20:10:33+00:00,1.0
TOPPS_2025-26_CHROME_BLASTER,WATCH,True,retail,sportscardjunction,watch,2025-26 Topps Chrome Basketball Value Blaster Box,,80.0,,,0,95.54,79.99,,,,,,,,0,https://sportscardjunction.com/products/pre-order-2025-26-topps-chrome-basketball-value-blaster-box-releases-12-18-25,2026-09-06T20:10:33+00:00,1.0
TOPPS_2025-26_CHROME_BLASTER,WATCH,True,retail,bleecker,watch,2025-26 Topps Chrome Basketball Blaster Box,,85.0,,,0,100.71,79.99,,,,,,,,0,https://bleeckertrading.com/products/2025-26-topps-chrome-basketball-blaster-box-presale,2026-09-06T20:10:33+00:00,1.0
TOPPS_2025-26_CHROME_BLASTER,WATCH,True,retail,dioib,watch,2025-26 Topps Chrome Basketball Blaster Box,,114.0,,,0,130.71,79.99,,,,,,,,0,https://dioib.fr/products/topps-2025-26-chrome-basketball-blaster-box,2026-09-06T20:10:33+00:00,1.0
TOPPS_2025-26_CHROME_HANGER,WATCH,True,retail,hiddengems,trusted,2025-26 Topps Chrome Basketball Hanger Box,,69.99,,,1,85.19,69.99,,,,,,,SUIVI,0,https://www.hiddengemscardshop.com/products/2025-26-topps-chrome-basketball-hanger-box,2026-09-06T20:10:33+00:00,1.0
TOPPS_2025-26_CHROME_HANGER,WATCH,True,retail,dacardworldeu,watch,2025/26 Topps Chrome Basketball Hanger 2025/26 Topps Chrome Basketball Hanger Box,2025/26 Topps Chrome Basketball Hanger Box,71.0,,,1,86.23,69.99,,,,,,,,0,https://dacardworld.eu/products/2025-26-topps-chrome-basketball-hanger,2026-09-06T20:10:33+00:00,1.0
TOPPS_2025-26_CHROME_HANGER,WATCH,True,retail,rbicru7,trusted,"2025-26 Topps Chrome Basketball Hanger, Box",,75.0,,,1,90.37,69.99,,,,,,,,0,https://rbicru7.com/products/2025-26-topps-chrome-basketball-hanger-box,2026-09-06T20:10:33+00:00,1.0
TOPPS_2025-26_CHROME_HANGER,WATCH,True,retail,superior,watch,2025-26 Topps Chrome Basketball Hanger Box,,98.0,,,1,114.16,69.99,,,,,,,,0,https://superiorsportsinvestments.com/products/2025-26-topps-chrome-basketball-hanger-box,2026-09-06T20:10:33+00:00,1.0
TOPPS_2025-26_CHROME_HANGER,WATCH,True,retail,bleecker,watch,2025-26 Topps Chrome Basketball Hanger Box,,50.0,,,0,64.51,69.99,,,,,,,,0,https://bleeckertrading.com/products/2025-26-topps-chrome-basketball-hanger-box,2026-09-06T20:10:33+00:00,1.0
TOPPS_2025-26_CHROME_UPDATE_MEGA,WATCH,True,retail,superior,watch,2025-26 Topps Chrome Update Series Basketball Mega Box,,240.0,,,1,261.04,180.0,,,,,,133.33,SUIVI,0,https://superiorsportsinvestments.com/products/2025-26-topps-chrome-update-series-basketball-mega-box,2026-09-06T20:10:33+00:00,1.0
TOPPS_2025-26_CHROME_UPDATE_MEGA,WATCH,True,retail,rlsports,watch,2025-26 Topps Chrome Update Basketball Mega Box,,84.99,,,0,100.7,180.0,,,,,,133.33,,0,https://rlsportscards.com/products/2025-26-topps-chrome-update-basketball-mega-box,2026-09-06T20:10:33+00:00,1.0
TOPPS_2025-26_CHROME_UPDATE_MEGA,WATCH,True,retail,hiddengems,trusted,2025-26 Topps Chrome Update Series Basketball Mega Box,,155.0,,,0,173.12,180.0,,,,,,133.33,,0,https://www.hiddengemscardshop.com/products/2025-26-topps-chrome-update-series-basketball-mega-box,2026-09-06T20:10:33+00:00,1.0
TOPPS_2025-26_CHROME_UPDATE_MEGA,WATCH,True,retail,awesome,trusted,2025-26 Topps Chrome Update Series Basketball Mega Box,,174.75,,,0,193.55,180.0,,,,,,133.33,,0,https://theawesomecardshop.com/products/2025-26-topps-chrome-update-series-basketball-mega-box,2026-09-06T20:10:33+00:00,1.0
TOPPS_2025-26_CHROME_UPDATE_MEGA,WATCH,True,retail,columbia,trusted,2025/26 Topps Chrome Update Series Basketball Mega Box,,174.99,,,0,193.8,180.0,,,,,,133.33,,0,https://columbiasportscard.com/products/2025-26-topps-chrome-update-series-basketball-mega-box,2026-09-06T20:10:33+00:00,1.0
TOPPS_2025-26_CHROME_UPDATE_MEGA,WATCH,True,retail,collectorstore,trusted,2025-26 Topps Chrome Update Series Basketball Mega Box,,189.99,,,0,209.31,180.0,,,,,,133.33,,0,https://collectorstore.com/products/2025-26-topps-chrome-update-series-basketball-mega-box,2026-09-06T20:10:33+00:00,1.0
TOPPS_2025-26_CHROME_UPDATE_MEGA,WATCH,True,retail,bleecker,watch,2025-26 Topps Chrome Update Series Basketball Mega Box,,200.0,,,0,219.67,180.0,,,,,,133.33,,0,https://bleeckertrading.com/products/2025-26-topps-chrome-update-series-basketball-mega-box,2026-09-06T20:10:33+00:00,1.0
TOPPS_2025-26_CHROME_UPDATE_MEGA,WATCH,True,retail,worldchampion,watch,2025/26 Topps Chrome Update Series Basketball Mega Box (Presell),,225.0,,,0,245.53,180.0,,,,,,133.33,,0,https://www.worldchampionsportscards.org/products/2025-26-topps-chrome-update-series-basketball-mega-box-presell,2026-09-06T20:10:33+00:00,1.0
TOPPS_2025-26_CHROME_UPDATE_VALUE,WATCH,True,retail,hiddengems,trusted,2025-26 Topps Chrome Update Series Basketball Value Box,,90.0,,,1,105.88,65.0,,,,,,70.0,SUIVI,0,https://www.hiddengemscardshop.com/products/2025-26-topps-chrome-update-series-basketball-blaster-box,2026-09-06T20:10:33+00:00,1.0
TOPPS_2025-26_CHROME_UPDATE_VALUE,WATCH,True,retail,rlsports,watch,2025-26 Topps Chrome Update Basketball Value Box,,44.99,,,0,59.33,65.0,,,,,,70.0,,0,https://rlsportscards.com/products/2025-26-topps-chrome-update-basketball-value-box,2026-09-06T20:10:33+00:00,1.0
TOPPS_2025-26_CHROME_UPDATE_VALUE,WATCH,True,retail,dennistheripper,watch,2025-26 Topps Chrome Update Basketball Value Box,,64.99,,,0,80.01,65.0,,,,,,70.0,,0,https://dennistheripper.de/products/2025-26-topps-chrome-update-basketball-value-box,2026-09-06T20:10:33+00:00,1.0
TOPPS_2025-26_CHROME_UPDATE_VALUE,WATCH,True,retail,qscards,watch,2025-26 Topps Chrome Update Basketball Value Box,,75.0,,,0,90.37,65.0,,,,,,70.0,,0,https://qscards.com/products/2025-26-topps-chrome-update-basketball-value-box,2026-09-06T20:10:33+00:00,1.0
TOPPS_2025-26_CHROME_UPDATE_BLASTER,WATCH,True,retail,tanteo,watch,2025-26 Topps Chrome Update Series Cartes Basketball NBA Blaster Box,,82.9,,,1,98.54,120.0,,,,,,62.49,SUIVI,0,https://tanteocartescollections.com/products/2025-26-topps-update-series-cartes-basketball-nba-blaster-box,2026-09-06T20:10:33+00:00,1.0
TOPPS_2025-26_CHROME_UPDATE_BLASTER,WATCH,True,retail,superior,watch,2025-26 Topps Chrome Update Series Basketball Blaster Box,,120.0,,,1,136.92,120.0,,,,,,62.49,,0,https://superiorsportsinvestments.com/products/2025-26-topps-chrome-update-series-basketball-blaster-box,2026-09-06T20:10:33+00:00,1.0
TOPPS_2025-26_CHROME_UPDATE_BLASTER,WATCH,True,retail,bleecker,watch,2025-26 Topps Chrome Update Series Basketball Blaster Box,,45.0,,,0,59.34,120.0,,,,,,62.49,,0,https://bleeckertrading.com/products/2025-26-topps-chrome-update-series-basketball-blaster-box,2026-09-06T20:10:33+00:00,1.0
TOPPS_2025-26_CHROME_UPDATE_BLASTER,WATCH,True,retail,sportscardjunction,watch,2025-26 Topps Chrome Update Basketball Blaster Box,,45.0,,,0,59.34,120.0,,,,,,62.49,,0,https://sportscardjunction.com/products/2025-26-topps-chrome-update-basketball-blaster-box,2026-09-06T20:10:33+00:00,1.0
TOPPS_2025-26_CHROME_UPDATE_BLASTER,WATCH,True,retail,columbia,trusted,2025/26 Topps Chrome Update Series Basketball Blaster Box,,87.95,,,0,103.76,120.0,,,,,,62.49,,0,https://columbiasportscard.com/products/2025-26-topps-chrome-update-series-basketball-blaster-box,2026-09-06T20:10:33+00:00,1.0
TOPPS_2025-26_CHROME_UPDATE_BLASTER,WATCH,True,retail,awesome,trusted,2025-26 Topps Chrome Update Series Basketball Blaster Box,,89.75,,,0,105.63,120.0,,,,,,62.49,,0,https://theawesomecardshop.com/products/2025-26-topps-chrome-update-series-basketball-blaster-box,2026-09-06T20:10:33+00:00,1.0
TOPPS_2025-26_CHROME_UPDATE_BLASTER,WATCH,True,retail,worldchampion,watch,2025/26 Topps Chrome Update Series Basketball Blaster Box (Presell),,100.0,,,0,116.23,120.0,,,,,,62.49,,0,https://www.worldchampionsportscards.org/products/2025-26-topps-chrome-update-series-basketball-blaster-box-presell,2026-09-06T20:10:33+00:00,1.0
TOPPS_2025-26_HOOPS_BLASTER,WATCH,True,retail,rbicru7,trusted,"2025-26 Topps NBA Hoops Basketball Blaster, Box",,30.0,,,1,43.82,29.95,,,,,,37.49,SUIVI,0,https://rbicru7.com/products/2025-26-topps-nba-hoops-basketball-blaster-box,2026-09-06T20:10:33+00:00,1.0
TOPPS_2025-26_HOOPS_BLASTER,WATCH,True,retail,sportscardjunction,watch,2025-26 Topps Hoops Basketball Blaster Box,,30.0,,,1,43.82,29.95,,,,,,37.49,,0,https://sportscardjunction.com/products/2025-26-topps-hoops-basketball-blaster-box,2026-09-06T20:10:33+00:00,1.0
TOPPS_2025-26_HOOPS_BLASTER,WATCH,True,retail,monmouth,watch,2025-26 Topps NBA Hoops Basketball Blaster Box,,37.99,,,1,52.08,29.95,,,,,,37.49,,0,https://monmouthcards.com/products/2025-26-topps-nba-hoops-basketball-value-blaster-box,2026-09-06T20:10:33+00:00,1.0
TOPPS_2025-26_HOOPS_BLASTER,WATCH,True,retail,dacardworldeu,watch,2025/26 Topps Hoops Basketball Blaster 2025/26 Topps Hoops Basketball Blaster Box,2025/26 Topps Hoops Basketball Blaster Box,39.0,,,1,53.13,29.95,,,,,,37.49,,0,https://dacardworld.eu/products/2025-26-topps-hoops-basketball-blaster,2026-09-06T20:10:33+00:00,1.0
TOPPS_2025-26_HOOPS_BLASTER,WATCH,True,retail,ehcards,trusted,2025/26 Topps NBA Hoops Basketball Blaster Box,,39.99,,,1,54.15,29.95,,,,,,37.49,,0,https://ehcards.com/products/2025-26-topps-nba-hoops-basketball-blaster-box,2026-09-06T20:10:33+00:00,1.0
TOPPS_2025-26_HOOPS_BLASTER,WATCH,True,retail,bleecker,watch,2025-26 Topps NBA Hoops Basketball Blaster Box,,40.0,,,1,54.16,29.95,,,,,,37.49,,0,https://bleeckertrading.com/products/2025-26-topps-nba-hoops-basketball-blaster-box-presale,2026-09-06T20:10:33+00:00,1.0
TOPPS_2025-26_HOOPS_BLASTER,WATCH,True,retail,worldchampion,watch,2025/26 Topps Hoops Basketball Blaster Box (Presell),,40.0,,,1,54.16,29.95,,,,,,37.49,,0,https://www.worldchampionsportscards.org/products/2025-26-topps-hoops-basketball-blaster-box-presell,2026-09-06T20:10:33+00:00,1.0
TOPPS_2025-26_HOOPS_BLASTER,WATCH,True,retail,tanteo,watch,2025-26 Topps Hoops Cartes Basketball NBA Blaster Box,,47.9,,,1,62.34,29.95,,,,,,37.49,,0,https://tanteocartescollections.com/products/2025-26-topps-hoops-cartes-basketball-nba-blaster-box,2026-09-06T20:10:33+00:00,1.0
TOPPS_2025-26_HOOPS_BLASTER,WATCH,True,retail,fancave,watch,2025-26 Topps NBA Hoops Basketball Blaster Box,,49.99,,,1,64.5,29.95,,,,,,37.49,,0,https://fancave.com/products/2025-26-topps-nba-hoops-basketball-blaster-box-1,2026-09-06T20:10:33+00:00,1.0
TOPPS_2025-26_HOOPS_BLASTER,WATCH,True,retail,superior,watch,2025-26 Topps Hoops Basketball Blaster Box,,60.0,,,1,74.85,29.95,,,,,,37.49,,0,https://superiorsportsinvestments.com/products/2025-26-topps-hoops-basketball-blaster-box,2026-09-06T20:10:33+00:00,1.0
TOPPS_2025-26_HOOPS_BLASTER,WATCH,True,retail,sjay2k,watch,2025-26 Topps NBA Hoops Basketball Value Blaster Box,,65.0,,,1,80.02,29.95,,,,,,37.49,,0,https://www.sjay2k.com/products/2025-26-topps-nba-hoops-basketball-value-blaster-box-pre-order-may-14,2026-09-06T20:10:33+00:00,1.0
TOPPS_2025-26_HOOPS_BLASTER,WATCH,True,retail,columbia,trusted,2025/26 Topps NBA Hoops Basketball Blaster Box,,24.95,,,0,38.6,29.95,,,,,,37.49,,0,https://columbiasportscard.com/products/2025-26-topps-nba-hoops-basketball-blaster-box,2026-09-06T20:10:33+00:00,1.0
TOPPS_2025-26_HOOPS_BLASTER,WATCH,True,retail,collectorstore,trusted,2025-26 Topps NBA Hoops Basketball Blaster Box,,24.99,,,0,38.64,29.95,,,,,,37.49,,0,https://collectorstore.com/products/2025-26-topps-nba-hoops-basketball-blaster-box,2026-09-06T20:10:33+00:00,1.0
TOPPS_2025-26_HOOPS_BLASTER,WATCH,True,retail,awesome,trusted,2025-26 Topps NBA Hoops Basketball Blaster Box,,29.75,,,0,43.56,29.95,,,,,,37.49,,0,https://theawesomecardshop.com/products/2025-26-topps-nba-hoops-basketball-blaster-box,2026-09-06T20:10:33+00:00,1.0
TOPPS_2025-26_HOOPS_BLASTER,WATCH,True,retail,ballgame,watch,2025/26 Topps Hoops Basketball Blaster Box,,30.0,,,0,43.82,29.95,,,,,,37.49,,0,https://theballgame.com/products/2025-26-topps-hoops-basketball-blaster-box,2026-09-06T20:10:33+00:00,1.0
TOPPS_2025-26_HOOPS_BLASTER,WATCH,True,retail,hallofcollect,watch,Topps Hoops Value Blaster 2025/2026,,40.0,,,0,54.16,29.95,,,,,,37.49,,0,https://hallofcollect.de/products/topps-hoops-value-blaster-2025-2026,2026-09-06T20:10:33+00:00,1.0
TOPPS_2025-26_HOOPS_VALUE_BOX,WATCH,True,retail,rlsports,watch,2025-26 Topps NBA Hoops Basketball Value Box,,27.99,,,1,41.74,29.99,,,,,,39.0,SUIVI,0,https://rlsportscards.com/products/2025-26-topps-nba-hoops-basketball-value-box,2026-09-06T20:10:33+00:00,1.0
TOPPS_2025-26_HOOPS_VALUE_BOX,WATCH,True,retail,hiddengems,trusted,2025-26 Topps Hoops Basketball Value Box,,29.99,,,1,43.81,29.99,,,,,,39.0,,0,https://www.hiddengemscardshop.com/products/2025-26-topps-hoops-basketball-value-box,2026-09-06T20:10:33+00:00,1.0
TOPPS_2025-26_HOOPS_VALUE_BOX,WATCH,True,retail,deichcards,watch,Topps NBA Hoops Value Box 2025/26,,30.0,,,1,43.82,29.99,,,,,,39.0,,0,https://deichcards.de/products/topps-nba-hoops-2025-26-value-box,2026-09-06T20:10:33+00:00,1.0
TOPPS_2025-26_HOOPS_VALUE_BOX,WATCH,True,retail,mafiosicards_shop,watch,2025-26 Hoops Basketball - Value Box,,35.0,,,1,48.99,29.99,,,,,,39.0,,0,https://mafiosicards.com/products/2025-26-hoops-basketball-value-box,2026-09-06T20:10:33+00:00,1.0
TOPPS_2025-26_HOOPS_VALUE_BOX,WATCH,True,retail,americansportstore,watch,Topps NBA Hoops 2025-26 Value Box,,39.99,,,1,54.15,29.99,,,,,,39.0,,0,https://american-sportstore.com/products/topps-nba-hoops-2025-26-value-box-pre-order,2026-09-06T20:10:33+00:00,1.0
TOPPS_2025-26_HOOPS_VALUE_BOX,WATCH,True,retail,boxseat,watch,2025-26 Topps Hoops Basketball - Factory Sealed - Value Box,,39.99,,,1,54.15,29.99,,,,,,39.0,,0,https://boxseatcollectibles.com/products/2025-26-topps-hoops-basketball-factory-sealed-value-box,2026-09-06T20:10:33+00:00,1.0
TOPPS_2025-26_HOOPS_VALUE_BOX,WATCH,True,retail,dennistheripper,watch,2025-26 Topps NBA Hoops Basketball Value Box,,49.99,,,1,64.5,29.99,,,,,,39.0,,0,https://dennistheripper.de/products/2025-26-topps-nba-hoops-basketball-value-box,2026-09-06T20:10:33+00:00,1.0
TOPPS_2025-26_SIGNATURE_CLASS_VALUE_BOX,WATCH,True,retail,boxseat,watch,2025-26 Topps Signature Class Basketball - Factory Sealed - Value Box,,39.99,,,1,54.15,,,,,,,39.0,SUIVI,0,https://boxseatcollectibles.com/products/2025-26-topps-signature-class-basketball-factory-sealed-value-box,2026-09-06T20:10:33+00:00,1.0
TOPPS_2025-26_SIGNATURE_CLASS_VALUE_BOX,WATCH,True,retail,cbhobby,watch,2025-26 Topps Signature Class Basketball Value Box Box,Box,40.0,,,1,54.16,,,,,,,39.0,,0,https://cbhobby.com/products/2025-26-topps-signature-class-basketball-value-box,2026-09-06T20:10:33+00:00,1.0
TOPPS_2025-26_SIGNATURE_CLASS_VALUE_BOX,WATCH,True,retail,hallofcollect,watch,Topps NBA Signature Class 2025/2026 Value Box,,45.0,,,1,59.34,,,,,,,39.0,,0,https://hallofcollect.de/products/topps-nba-signature-class-2025-2026-value-box,2026-09-06T20:10:33+00:00,1.0
TOPPS_2025-26_SIGNATURE_CLASS_VALUE_BOX,WATCH,True,retail,rlsports,watch,2025-26 Topps Signature Class Basketball Value Box,,34.99,,,0,48.98,,,,,,,39.0,,0,https://rlsportscards.com/products/2025-26-topps-signature-class-basketball-value-box,2026-09-06T20:10:33+00:00,1.0
TOPPS_2025-26_SIGNATURE_CLASS_VALUE_BOX,WATCH,True,retail,deichcards,watch,Topps Signature Class NBA Value Box 2025/2026,,35.0,,,0,48.99,,,,,,,39.0,,0,https://deichcards.de/products/topps-signature-class-nba-value-box-2025-2026,2026-09-06T20:10:33+00:00,1.0
TOPPS_2025-26_SIGNATURE_CLASS_VALUE_BOX,WATCH,True,retail,hiddengems,trusted,2025-26 Topps NBA Signature Class Value Box,,35.0,,,0,48.99,,,,,,,39.0,,0,https://www.hiddengemscardshop.com/products/2025-26-topps-nba-signature-class-value-box,2026-09-06T20:10:33+00:00,1.0
TOPPS_2025-26_SIGNATURE_CLASS_VALUE_BOX,WATCH,True,retail,mafiosicards_shop,watch,2025/2026 Topps Signature Class Basketball - Value Box,,39.0,,,0,53.13,,,,,,,39.0,,0,https://mafiosicards.com/products/2025-2026-topps-signature-class-basketball-value-box,2026-09-06T20:10:33+00:00,1.0
TOPPS_2025-26_SIGNATURE_CLASS_VALUE_BOX,WATCH,True,retail,cbhobby,watch,2025-26 Topps Signature Class Basketball Value Box Case (40 ct),Case (40 ct),1800.0,,,0,1874.71,,,,,,,39.0,,0,https://cbhobby.com/products/2025-26-topps-signature-class-basketball-value-box,2026-09-06T20:10:33+00:00,1.0
TOPPS_2025-26_SIGNATURE_CLASS_BLASTER,WATCH,True,retail,awesome,trusted,2025-26 Topps Signature Class Basketball Blaster Box,,39.75,,,1,53.91,39.75,,,,,,,SUIVI,0,https://theawesomecardshop.com/products/2025-26-topps-signature-class-basketball-blaster-box,2026-09-06T20:10:33+00:00,1.0
TOPPS_2025-26_SIGNATURE_CLASS_BLASTER,WATCH,True,retail,sportscardjunction,watch,2025-26 Topps Signature Class Basketball Blaster Box,,40.0,,,1,54.16,39.75,,,,,,,,0,https://sportscardjunction.com/products/2025-26-topps-signature-class-basketball-blaster-box,2026-09-06T20:10:33+00:00,1.0
TOPPS_2025-26_SIGNATURE_CLASS_BLASTER,WATCH,True,retail,stcuk,watch,2025-26 Topps Signature Class Basketball Blaster Box,,40.0,,,1,54.16,39.75,,,,,,,,0,https://sportstradingcardsuk.com/products/2025-26-topps-signature-class-basketball-blaster-box,2026-09-06T20:10:33+00:00,1.0
TOPPS_2025-26_SIGNATURE_CLASS_BLASTER,WATCH,True,retail,collectorstore,trusted,2025-26 Topps Signature Class Basketball Blaster Box,,42.99,,,1,57.26,39.75,,,,,,,,0,https://collectorstore.com/products/2025-26-topps-signature-class-basketball-blaster-box,2026-09-06T20:10:33+00:00,1.0
TOPPS_2025-26_SIGNATURE_CLASS_BLASTER,WATCH,True,retail,ehcards,trusted,2025/26 Topps Signature Class Basketball Blaster Box,,44.99,,,1,59.33,39.75,,,,,,,,0,https://ehcards.com/products/2025-26-topps-signature-class-basketball-blaster-box,2026-09-06T20:10:33+00:00,1.0
TOPPS_2025-26_SIGNATURE_CLASS_BLASTER,WATCH,True,retail,dacardworldeu,watch,2025/26 Topps Signature Class Basketball Blaster 2025/26 Topps Signature Class Basketball Blaster Box,2025/26 Topps Signature Class Basketball Blaster Box,45.0,,,1,59.34,39.75,,,,,,,,0,https://dacardworld.eu/products/2025-26-topps-signature-class-basketball-blaster,2026-09-06T20:10:33+00:00,1.0
TOPPS_2025-26_SIGNATURE_CLASS_BLASTER,WATCH,True,retail,rbicru7,trusted,"2025-26 Topps Signature Class Basketball Blaster, Box",,45.0,,,1,59.34,39.75,,,,,,,,0,https://rbicru7.com/products/2025-26-topps-signature-class-basketball-blaster-box,2026-09-06T20:10:33+00:00,1.0
TOPPS_2025-26_SIGNATURE_CLASS_BLASTER,WATCH,True,retail,tanteo,watch,2025-26 Topps Signature class Cartes Basketball NBA Blaster Box,,54.9,,,1,69.58,39.75,,,,,,,,0,https://tanteocartescollections.com/products/2025-26-topps-signature-class-cartes-basketball-nba-blaster-box,2026-09-06T20:10:33+00:00,1.0
TOPPS_2025-26_SIGNATURE_CLASS_BLASTER,WATCH,True,retail,sjay2k,watch,2025-26 Topps Signature Class Basketball Value Blaster Box,,80.0,,,1,95.54,39.75,,,,,,,,0,https://www.sjay2k.com/products/2025-26-topps-signature-class-basketball-blaster-box-pre-order-may-28,2026-09-06T20:10:33+00:00,1.0
TOPPS_2025-26_SIGNATURE_CLASS_BLASTER,WATCH,True,retail,superior,watch,2025-26 Topps Signature Class Basketball Blaster Box,,80.0,,,1,95.54,39.75,,,,,,,,0,https://superiorsportsinvestments.com/products/2025-26-topps-signature-class-basketball-blaster-box,2026-09-06T20:10:33+00:00,1.0
TOPPS_2025-26_SIGNATURE_CLASS_BLASTER,WATCH,True,retail,cardiacs,trusted,2025-26 Topps Signature Class Basketball Blaster Box,,32.95,,,0,46.87,39.75,,,,,,,,0,https://www.thecardiacs.com/products/2025-26-topps-signature-class-basketball-blaster-box,2026-09-06T20:10:33+00:00,1.0
TOPPS_2025-26_SIGNATURE_CLASS_BLASTER,WATCH,True,retail,columbia,trusted,2025/26 Topps Signature Class Basketball Blaster Box,,34.95,,,0,48.94,39.75,,,,,,,,0,https://columbiasportscard.com/products/2025-26-topps-signature-class-basketball-blaster-box,2026-09-06T20:10:33+00:00,1.0
TOPPS_2025-26_SIGNATURE_CLASS_BLASTER,WATCH,True,retail,bleecker,watch,2025-26 Topps Signature Class Basketball Blaster Box,,45.0,,,0,59.34,39.75,,,,,,,,0,https://bleeckertrading.com/products/2025-26-topps-signature-class-basketball-blaster-box-presale,2026-09-06T20:10:33+00:00,1.0
TOPPS_2025-26_SIGNATURE_CLASS_BLASTER,WATCH,True,retail,monmouth,watch,2025-26 Topps Signature Class Basketball Blaster Box,,47.49,,,0,61.91,39.75,,,,,,,,0,https://monmouthcards.com/products/2025-26-topps-signature-class-basketball-value-blaster-box,2026-09-06T20:10:33+00:00,1.0
TOPPS_2025-26_SIGNATURE_CLASS_BLASTER,WATCH,True,retail,worldchampion,watch,2025/26 Topps Signature Class Basketball Blaster Box (Presell),,50.0,,,0,64.51,39.75,,,,,,,,0,https://www.worldchampionsportscards.org/products/2025-26-topps-signature-class-basketball-mega-box-presell-copy,2026-09-06T20:10:33+00:00,1.0
PANINI_2025-26_EUROLEAGUE_CONTENDERS_MEGA,CANDIDATE,euroleague,retail,collectorstore,trusted,2025-26 Panini Euroleague Contenders Basketball Mega Box,,19.99,,,1,33.47,,,,,,,49.49,CANDIDAT,0,https://collectorstore.com/products/2025-26-panini-euroleague-contenders-basketball-mega-box,2026-09-06T20:10:33+00:00,1.0
PANINI_2025-26_EUROLEAGUE_CONTENDERS_MEGA,CANDIDATE,euroleague,retail,bleecker,watch,2025-26 Panini Contenders EuroLeague Basketball Mega Box,,35.0,,,1,48.99,,,,,,,49.49,,0,https://bleeckertrading.com/products/2025-26-panini-contenders-euroleague-basketball-mega-box,2026-09-06T20:10:33+00:00,1.0
PANINI_2025-26_EUROLEAGUE_CONTENDERS_MEGA,CANDIDATE,euroleague,retail,awesome,trusted,2025-26 Panini Contenders EuroLeague Basketball Mega Box,,47.75,,,0,62.18,,,,,,,49.49,,0,https://theawesomecardshop.com/products/2025-26-panini-contenders-euroleague-basketball-mega-box,2026-09-06T20:10:33+00:00,1.0
PANINI_2023-24_DONRUSS_BLASTER,WATCH,True,retail,tanteo,watch,2023-24 Panini Donruss Cartes Basketball NBA Blaster Box,,69.9,,,1,85.09,39.99,,,,,,,SUIVI,0,https://tanteocartescollections.com/products/2023-2024-panini-donruss-cartes-basketball-nba-blaster-box,2026-09-06T20:10:33+00:00,1.0
PANINI_2023-24_DONRUSS_BLASTER,WATCH,True,retail,e5sports,watch,2023-24 Panini Donruss NBA Blaster Box,,25.0,,,0,38.65,39.99,,,,,,,,0,https://e5sports.com/products/2023-24-panini-donruss-nba-blaster-box,2026-09-06T20:10:33+00:00,1.0
PANINI_2023-24_DONRUSS_BLASTER,WATCH,True,retail,worldchampion,watch,2023-24 Donruss Basketball Factory Sealed Retail Blaster Box,,25.0,,,0,38.65,39.99,,,,,,,,0,https://www.worldchampionsportscards.org/products/2023-24-donruss-basketball-factory-sealed-retail-blaster-box,2026-09-06T20:10:33+00:00,1.0
PANINI_2023-24_DONRUSS_BLASTER,WATCH,True,retail,bleecker,watch,2023-24 Panini Donruss Basketball Blaster Box,,35.0,,,0,48.99,39.99,,,,,,,,0,https://bleeckertrading.com/products/2023-2024-panini-donruss-basketball-blaster-box,2026-09-06T20:10:33+00:00,1.0
PANINI_2023-24_DONRUSS_BLASTER,WATCH,True,retail,ehcards,trusted,2023/24 Panini Donruss Basketball 6-Pack Blaster Box,,39.99,,,0,54.15,39.99,,,,,,,,0,https://ehcards.com/products/2023-24-panini-donruss-basketball-6-pack-blaster-box,2026-09-06T20:10:33+00:00,1.0
PANINI_2023-24_DONRUSS_BLASTER,WATCH,True,retail,monmouth,watch,2023-24 Panini Donruss Basketball Blaster Box,,39.99,,,0,54.15,39.99,,,,,,,,0,https://monmouthcards.com/products/2023-24-donruss-basketball-blaster-box,2026-09-06T20:10:33+00:00,1.0
PANINI_2023-24_DONRUSS_BLASTER,WATCH,True,retail,deichcards,watch,Panini Donruss Basketball NBA Blaster Box 2023/2024,,47.49,,,0,61.91,39.99,,,,,,,,0,https://deichcards.de/products/panini-donruss-basketball-nba-blaster-box-2023-2024,2026-09-06T20:10:33+00:00,1.0
PANINI_2023-24_DONRUSS_BLASTER,WATCH,True,retail,sportcards,watch,2023/24 Panini Donruss Basketball 6-Pack Blaster Box,,64.95,,,0,79.97,39.99,,,,,,,,0,https://sportcards.com/products/2023-24-panini-donruss-basketball-6-pack-blaster-box,2026-09-06T20:10:33+00:00,1.0
PANINI_2023-24_DONRUSS_MEGA,WATCH,True,retail,monmouth,watch,2023-24 Panini Donruss Basketball Mega Box,,59.99,,,0,74.84,64.75,,,,,,,,0,https://monmouthcards.com/products/2023-24-donruss-basketball-mega-box,2026-09-06T20:10:33+00:00,1.0
PANINI_2023-24_DONRUSS_MEGA,WATCH,True,retail,awesome,trusted,2023-24 Panini Donruss Basketball Mega Box,,64.75,,,0,79.77,64.75,,,,,,,,0,https://theawesomecardshop.com/products/2023-24-panini-donruss-basketball-mega-box,2026-09-06T20:10:33+00:00,1.0
PANINI_2023-24_DONRUSS_OPTIC_PACK,WATCH,True,retail,superior,watch,2023-24 Panini Donruss Optic Basketball 4-Card Pack,,26.0,,,1,39.68,26.0,,,,,,,SUIVI,0,https://superiorsportsinvestments.com/products/2023-24-panini-donruss-optic-basketball-4-card-pack,2026-09-06T20:10:33+00:00,1.0
PANINI_2023-24_DONRUSS_OPTIC_PACK,WATCH,True,retail,monmouth,watch,2023-24 Panini Donruss Optic Basketball Retail Pack,,9.99,,,0,23.12,26.0,,,,,,,,0,https://monmouthcards.com/products/2023-24-panini-donruss-optic-basketball-retail-pack,2026-09-06T20:10:33+00:00,1.0
PANINI_2023-24_DONRUSS_OPTIC_RETAIL_BOX,WATCH,True,retail,ehcards,trusted,2023/24 Panini Donruss Optic Basketball Retail BOX - 24 Packs,,129.99,,,0,147.25,199.99,,,,,,,,0,https://ehcards.com/products/2023-24-panini-donruss-optic-basketball-retail-box-24-packs,2026-09-06T20:10:33+00:00,1.0
PANINI_2023-24_DONRUSS_OPTIC_RETAIL_BOX,WATCH,True,retail,monmouth,watch,2023-24 Panini Donruss Optic Basketball Retail Box,,199.99,,,0,219.66,199.99,,,,,,,,0,https://monmouthcards.com/products/2023-24-panini-donruss-optic-basketball-retail-box,2026-09-06T20:10:33+00:00,1.0
PANINI_2023-24_DONRUSS_PACK,WATCH,True,retail,ehcards,trusted,2023/24 Panini Donruss Basketball Retail Pack - 8 Cards,,5.0,,,0,17.96,9.99,,,,,,,,0,https://ehcards.com/products/2023-24-panini-donruss-basketball-retail-pack-8-cards,2026-09-06T20:10:33+00:00,1.0
PANINI_2023-24_DONRUSS_PACK,WATCH,True,retail,boxseat,watch,2023-24 Panini Donruss Basketball BLASTER PACK,,9.99,,,0,23.12,9.99,,,,,,,,0,https://boxseatcollectibles.com/products/2023-24-panini-donruss-basketball-blaster-pack,2026-09-06T20:10:33+00:00,1.0
PANINI_2023-24_DONRUSS_PACK,WATCH,True,retail,sportcards,watch,2023-24 Optic Donruss Basketball Pack,,24.95,,,0,38.6,9.99,,,,,,,,0,https://sportcards.com/products/2023-24-optic-donruss-basketball-pack,2026-09-06T20:10:33+00:00,1.0
PANINI_2023-24_HOOPS_PACK,WATCH,True,retail,boxseat,watch,2023-24 Panini NBA Hoops RETAIL PACK,,4.99,,,1,17.95,8.99,,,,,,,SUIVI,0,https://boxseatcollectibles.com/products/2023-24-panini-nba-hoops-retail-pack,2026-09-06T20:10:33+00:00,1.0
PANINI_2023-24_HOOPS_PACK,WATCH,True,retail,boxseat,watch,2023-24 Panini NBA Hoops Winter BLASTER PACK,,8.99,,,1,22.09,8.99,,,,,,,,0,https://boxseatcollectibles.com/products/2023-24-panini-nba-hoops-winter-blaster-pack,2026-09-06T20:10:33+00:00,1.0
PANINI_2023-24_HOOPS_PACK,WATCH,True,retail,ehcards,trusted,2023/24 Panini Hoops Basketball Retail Pack - 8 Cards,,5.0,,,0,17.96,8.99,,,,,,,,0,https://ehcards.com/products/2023-24-panini-hoops-basketball-retail-pack-8-cards,2026-09-06T20:10:33+00:00,1.0
PANINI_2023-24_HOOPS_PACK,WATCH,True,retail,worldchampion,watch,2023-24 Panini NBA Basketball Haunted Hoops 40 Packs,,25.0,,,0,38.65,8.99,,,,,,,,0,https://www.worldchampionsportscards.org/products/2023-24-panini-nba-basketball-haunted-hoops-40-packs,2026-09-06T20:10:33+00:00,1.0
PANINI_2023-24_HOOPS_RETAIL_BOX,WATCH,True,retail,e5sports,watch,2023-24 Panini NBA Hoops Basketball Retail Box Wembanyama,,100.0,,,0,116.23,115.0,,,,,,,,0,https://e5sports.com/products/2023-24-panini-nba-hoops-basketball-retail-box-wembanyama,2026-09-06T20:10:33+00:00,1.0
PANINI_2023-24_HOOPS_RETAIL_BOX,WATCH,True,retail,bleecker,watch,2023-24 Panini NBA Hoops Basketball Retail Box,,115.0,,,0,131.74,115.0,,,,,,,,0,https://bleeckertrading.com/products/2023-24-panini-nba-hoops-basketball-sealed-retail-box,2026-09-06T20:10:33+00:00,1.0
PANINI_2023-24_MOSAIC_PACK,WATCH,True,retail,boxseat,watch,2023-24 Panini Mosaic Basketball BLASTER PACK,,8.99,,,1,22.09,21.99,,,,,,,SUIVI,0,https://boxseatcollectibles.com/products/2023-24-panini-mosaic-basketball-blaster-pack,2026-09-06T20:10:33+00:00,1.0
PANINI_2023-24_MOSAIC_PACK,WATCH,True,retail,boxseat,watch,2023-24 Panini Mosaic Basketball MEGA PACK,,21.99,,,1,35.53,21.99,,,,,,,,0,https://boxseatcollectibles.com/products/2023-24-panini-mosaic-basketball-mega-pack,2026-09-06T20:10:33+00:00,1.0
PANINI_2023-24_MOSAIC_PACK,WATCH,True,retail,superior,watch,2023-24 Panini Mosaic Basketball Pack,,28.0,,,1,41.75,21.99,,,,,,,,0,https://superiorsportsinvestments.com/products/2023-24-panini-mosaic-basketball-pack,2026-09-06T20:10:33+00:00,1.0
PANINI_2023-24_PHOENIX_PACK,WATCH,True,retail,boxseat,watch,2023-24 Panini Phoenix Basketball BLASTER Pack,,6.99,,,1,20.02,14.99,,,,,,,SUIVI,0,https://boxseatcollectibles.com/products/2023-24-panini-phoenix-basketball-blaster-pack,2026-09-06T20:10:33+00:00,1.0
PANINI_2023-24_PHOENIX_PACK,WATCH,True,retail,boxseat,watch,2023-24 Panini Phoenix Basketball MEGA PACK,,14.99,,,1,28.29,14.99,,,,,,,,0,https://boxseatcollectibles.com/products/2023-24-panini-phoenix-basketball-mega-pack,2026-09-06T20:10:33+00:00,1.0
PANINI_2023-24_PHOENIX_PACK,WATCH,True,retail,bleecker,watch,2023-24 Panini Phoenix Basketball Mega Box (6 Pack Box),,65.0,,,0,80.02,14.99,,,,,,,,0,https://bleeckertrading.com/products/2023-24-phoenix-basketball-mega-box-1,2026-09-06T20:10:33+00:00,1.0
PANINI_2023-24_PRIZM_DRAFT_PICKS_DRAFT_BLASTER,WATCH,False,retail,boxseat,watch,2023/24 Panini Prizm Draft Picks Basketball Blaster Box (6 pks/bx),,34.99,,,1,48.98,35.0,,,,,,,SUIVI,0,https://boxseatcollectibles.com/products/2023-24-panini-prizm-draft-picks-basketball-blaster-box-6-pks-bx,2026-09-06T20:10:33+00:00,1.0
PANINI_2023-24_PRIZM_DRAFT_PICKS_DRAFT_BLASTER,WATCH,False,retail,superior,watch,2023-24 Panini Prizm Draft Picks Basketball Blaster Box,,63.0,,,1,77.96,35.0,,,,,,,,0,https://superiorsportsinvestments.com/products/2023-24-panini-prizm-draft-picks-basketball-blaster-box,2026-09-06T20:10:33+00:00,1.0
PANINI_2023-24_PRIZM_DRAFT_PICKS_DRAFT_BLASTER,WATCH,False,retail,rlsports,watch,2023 Panini Prizm Draft Picks Basketball Blaster Box,,28.95,,,0,42.73,35.0,,,,,,,,0,https://rlsportscards.com/products/2023-panini-prizm-draft-picks-basketball-blaster-box,2026-09-06T20:10:33+00:00,1.0
PANINI_2023-24_PRIZM_DRAFT_PICKS_DRAFT_BLASTER,WATCH,False,retail,worldchampion,watch,2023-24 Panini Prizm Draft Picks Basketball Blaster Box (Green Pulsar Prizms!),,35.0,,,0,48.99,35.0,,,,,,,,0,https://www.worldchampionsportscards.org/products/2023-24-panini-prizm-draft-picks-basketball-blaster-box-green-pulsar-prizms,2026-09-06T20:10:33+00:00,1.0
PANINI_2023-24_PRIZM_HOBBY_BLASTER,WATCH,True,retail,bleecker,watch,2023-24 Panini Prizm Basketball Hobby Blaster Box (Green Wave),,65.0,,,0,80.02,75.0,,,,,,,,0,https://bleeckertrading.com/products/2023-24-panini-prizm-basketball-sealed-blaster-box-green-wave,2026-09-06T20:10:33+00:00,1.0
PANINI_2023-24_PRIZM_HOBBY_BLASTER,WATCH,True,retail,sportscardjunction,watch,2023-24 Panini Prizm Basketball Hobby Blaster Box,,75.0,,,0,90.37,75.0,,,,,,,,0,https://sportscardjunction.com/products/2023-24-panini-prizm-basketball-hobby-blaster-box,2026-09-06T20:10:33+00:00,1.0
PANINI_2023-24_PRIZM_MONOPOLY_BLASTER,WATCH,True,retail,superior,watch,2023-24 Panini Prizm Monopoly 6-Pack Basketball Blaster Box ( Exclusive Version),,82.0,,,1,97.61,82.0,,,,,,,SUIVI,0,https://superiorsportsinvestments.com/products/2023-24-panini-prizm-monopoly-6-pack-basketball-blaster-box-exclusive-version,2026-09-06T20:10:33+00:00,1.0
PANINI_2023-24_PRIZM_MONOPOLY_BLASTER,WATCH,True,retail,superior,watch,2023-24 Panini Prizm Monopoly 6-Pack Basketball Blaster Box,,88.0,,,1,103.81,82.0,,,,,,,,0,https://superiorsportsinvestments.com/products/2023-24-panini-prizm-monopoly-6-pack-basketball-blaster-box,2026-09-06T20:10:33+00:00,1.0
PANINI_2023-24_PRIZM_MONOPOLY_BLASTER,WATCH,True,retail,sportcards,watch,2023-24 Panini Prizm Monopoly Basketball Blaster Box,,44.95,,,0,59.28,82.0,,,,,,,,0,https://sportcards.com/products/2023-24-panini-prizm-monopoly-basketball-blaster-box,2026-09-06T20:10:33+00:00,1.0
PANINI_2023-24_PRIZM_MONOPOLY_BLASTER,WATCH,True,retail,worldchampion,watch,2023/24 Panini Prizm Monopoly Basketball 6-Pack Blaster Box,,50.0,,,0,64.51,82.0,,,,,,,,0,https://www.worldchampionsportscards.org/products/2023-24-panini-prizm-monopoly-basketball-6-pack-blaster-box,2026-09-06T20:10:33+00:00,1.0
PANINI_2023-24_PRIZM_PACK,WATCH,True,retail,superior,watch,2023-24 Panini Prizm Basketball 4-Card Pack,,26.0,,,1,39.68,26.0,,,,,,,SUIVI,0,https://superiorsportsinvestments.com/products/2023-24-panini-prizm-basketball-4-card-pack,2026-09-06T20:10:33+00:00,1.0
PANINI_2023-24_PRIZM_PACK,WATCH,True,retail,sportscardjunction,watch,2023-24 Panini Prizm Basketball Retail Pack,,8.0,,,0,21.06,26.0,,,,,,,,0,https://sportscardjunction.com/products/2023-24-panini-prizm-basketball-retail-pack,2026-09-06T20:10:33+00:00,1.0
PANINI_2023-24_SELECT_HOBBY_BLASTER,WATCH,True,retail,awesome,trusted,2023-24 Panini Select Basketball Hobby Blaster Box (Green Ice Prizm),,50.0,,,0,64.51,55.0,,,,,,,,0,https://theawesomecardshop.com/products/2023-24-panini-select-basketball-blaster-box,2026-09-06T20:10:33+00:00,1.0
PANINI_2023-24_SELECT_HOBBY_BLASTER,WATCH,True,retail,bleecker,watch,2023-24 Select Basketball Hobby Blaster Box,,55.0,,,0,69.68,55.0,,,,,,,,0,https://bleeckertrading.com/products/2023-24-select-basketball-sealed-hobby-blaster-box,2026-09-06T20:10:33+00:00,1.0
PANINI_2023-24_SELECT_HOBBY_BLASTER,WATCH,True,retail,sportscardjunction,watch,2023-24 Panini Select Basketball Hobby Blaster Box,,55.0,,,0,69.68,55.0,,,,,,,,0,https://sportscardjunction.com/products/2023-24-panini-select-basketball-hobby-blaster-box,2026-09-06T20:10:33+00:00,1.0
TOPPS_2023-24_TOPPS_CHROME_PACK,WATCH,True,retail,sportscardjunction,watch,2023-24 Topps Chrome Basketball Blaster Retail Pack,,6.0,,,0,18.99,10.0,,,,,,,,0,https://sportscardjunction.com/products/2023-24-topps-chrome-basketball-blaster-retail-pack,2026-09-06T20:10:33+00:00,1.0
TOPPS_2023-24_TOPPS_CHROME_PACK,WATCH,True,retail,boxseat,watch,2023-24 Topps Chrome Basketball BLASTER PACK,,11.99,,,0,25.19,10.0,,,,,,,,0,https://boxseatcollectibles.com/products/2023-24-topps-chrome-basketball-blaster-pack,2026-09-06T20:10:33+00:00,1.0
PANINI_2024-25_DONRUSS_FAT_PACK,WATCH,True,retail,hiddengems,trusted,Panini - 2024-2025 Donruss NBA Basketball Fat Pack,,5.99,,,0,18.98,8.0,,,,,,,,0,https://www.hiddengemscardshop.com/products/panini-2024-2025-donruss-nba-basketball-fat-pack,2026-09-06T20:10:33+00:00,1.0
PANINI_2024-25_DONRUSS_FAT_PACK,WATCH,True,retail,cardiacs,trusted,2024-25 Donruss Basketball Fat Pack,,7.0,,,0,20.03,8.0,,,,,,,,0,https://www.thecardiacs.com/products/2024-25-donruss-basketball-fat-pack,2026-09-06T20:10:33+00:00,1.0
PANINI_2024-25_DONRUSS_FAT_PACK,WATCH,True,retail,ehcards,trusted,2024/25 Panini Donruss Basketball Jumbo Fat Pack - 30 Cards,,8.0,,,0,21.06,8.0,,,,,,,,0,https://ehcards.com/products/2024-25-panini-donruss-basketball-jumbo-fat-pack-30-cards,2026-09-06T20:10:33+00:00,1.0
PANINI_2024-25_DONRUSS_FAT_PACK,WATCH,True,retail,cardiacs,trusted,2024-25 Panini Donruss Basketball Fat Pack Box,,64.95,,,0,79.97,8.0,,,,,,,,0,https://www.thecardiacs.com/products/2024-25-panini-donruss-basketball-fat-pack-box,2026-09-06T20:10:33+00:00,1.0
PANINI_2024-25_DONRUSS_HOBBY_BLASTER,WATCH,True,retail,ehcards,trusted,2024/25 Panini Donruss NBA Basketball 6-Pack Hobby Blaster Box,,29.99,,,1,43.81,28.75,,,,,,,SUIVI,0,https://ehcards.com/products/2024-25-panini-donruss-nba-basketball-6-pack-hobby-blaster-box,2026-09-06T20:10:33+00:00,1.0
PANINI_2024-25_DONRUSS_HOBBY_BLASTER,WATCH,True,retail,rbicru7,trusted,"* Last Box * 2024-25 Panini Donruss Basketball, Hobby Blaster Box",,30.0,,,1,43.82,28.75,,,,,,,,0,https://rbicru7.com/products/2024-25-panini-donruss-basketball-blaster-box,2026-09-06T20:10:33+00:00,1.0
PANINI_2024-25_DONRUSS_HOBBY_BLASTER,WATCH,True,retail,sjay2k,watch,2024-25 Panini Donruss Basketball Hobby Blaster,,50.0,,,1,64.51,28.75,,,,,,,,0,https://www.sjay2k.com/products/2024-25-panini-donruss-basketball-hobby-blaster,2026-09-06T20:10:33+00:00,1.0
PANINI_2024-25_DONRUSS_HOBBY_BLASTER,WATCH,True,retail,dacardworldeu,watch,2024/25 Panini Donruss Optic Basketball 6-Pack Hobby Blaster 2024/25 Panini Donruss Optic Basketball 6-Pack Hobby Blaster Box,2024/25 Panini Donruss Optic Basketball 6-Pack Hobby Blaster Box,53.0,,,1,67.61,28.75,,,,,,,,0,https://dacardworld.eu/products/2024-25-panini-donruss-optic-basketball-6-pack-hobby-blaster,2026-09-06T20:10:33+00:00,1.0
PANINI_2024-25_DONRUSS_HOBBY_BLASTER,WATCH,True,retail,cardiacs,trusted,2024-25 Panini Donruss Basketball Hobby Blaster,,18.95,,,0,32.39,28.75,,,,,,,,0,https://www.thecardiacs.com/products/2024-25-panini-donruss-basketball-hobby-blaster,2026-09-06T20:10:33+00:00,1.0
PANINI_2024-25_DONRUSS_HOBBY_BLASTER,WATCH,True,retail,cardiacs,trusted,2024-25 Panini Donruss Optic Basketball Hobby Blaster Box - Shimmer Parallel,,24.95,,,0,38.6,28.75,,,,,,,,0,https://www.thecardiacs.com/products/2024-25-donruss-optic-basketball-hobby-blaster-box,2026-09-06T20:10:33+00:00,1.0
PANINI_2024-25_DONRUSS_HOBBY_BLASTER,WATCH,True,retail,sportscardjunction,watch,2024-25 Donruss Basketball Hobby Blaster Box,,25.0,,,0,38.65,28.75,,,,,,,,0,https://sportscardjunction.com/products/2024-25-donruss-basketball-hobby-blaster-box,2026-09-06T20:10:33+00:00,1.0
PANINI_2024-25_DONRUSS_HOBBY_BLASTER,WATCH,True,retail,rlsports,watch,2024-25 Panini Donruss Basketball Hobby Blaster Box,,26.99,,,0,40.71,28.75,,,,,,,,0,https://rlsportscards.com/products/2024-25-panini-donruss-basketball-hobby-blaster-box,2026-09-06T20:10:33+00:00,1.0
PANINI_2024-25_DONRUSS_HOBBY_BLASTER,WATCH,True,retail,awesome,trusted,2024-25 Panini Donruss Basketball Hobby Blaster Box,,28.75,,,0,42.53,28.75,,,,,,,,0,https://theawesomecardshop.com/products/2024-25-panini-donruss-basketball-hobby-blaster-box,2026-09-06T20:10:33+00:00,1.0
PANINI_2024-25_DONRUSS_HOBBY_BLASTER,WATCH,True,retail,sportscardjunction,watch,2024-25 Panini Donruss Optic Basketball Hobby Blaster Box,,35.0,,,0,48.99,28.75,,,,,,,,0,https://sportscardjunction.com/products/2024-25-panini-donruss-optic-basketball-hobby-blaster-box,2026-09-06T20:10:33+00:00,1.0
PANINI_2024-25_DONRUSS_HOBBY_BLASTER,WATCH,True,retail,rlsports,watch,2024-25 Panini Donruss Optic Basketball Hobby Blaster Box,,39.99,,,0,54.15,28.75,,,,,,,,0,https://rlsportscards.com/products/2024-25-panini-donruss-optic-basketball-hobby-blaster-box,2026-09-06T20:10:33+00:00,1.0
PANINI_2024-25_DONRUSS_HOBBY_BLASTER,WATCH,True,retail,awesome,trusted,2024-25 Panini Donruss Optic Basketball Hobby Blaster Box,,44.75,,,0,59.08,28.75,,,,,,,,0,https://theawesomecardshop.com/products/2024-25-panini-donruss-optic-basketball-hobby-blaster-box-1,2026-09-06T20:10:33+00:00,1.0
PANINI_2024-25_DONRUSS_HOBBY_BLASTER,WATCH,True,retail,bleecker,watch,2024-25 Panini Donruss Optic Basketball Hobby Blaster Box,,50.0,,,0,64.51,28.75,,,,,,,,0,https://bleeckertrading.com/products/2024-25-panini-prizm-basketball-hobby-blaster-box-copy,2026-09-06T20:10:33+00:00,1.0
PANINI_2024-25_DONRUSS_OPTIC_FAST_BREAK,WATCH,True,retail,superior,watch,2024-25 Panini Donruss Optic Basketball Fast Break Box,,310.0,,,1,333.45,220.0,,,,,,,SUIVI,0,https://superiorsportsinvestments.com/products/2024-25-panini-donruss-optic-basketball-fast-break-box,2026-09-06T20:10:33+00:00,1.0
PANINI_2024-25_DONRUSS_OPTIC_FAST_BREAK,WATCH,True,retail,sportscardjunction,watch,2024-25 Panini Donruss Optic Basketball Fast BRK Box,,180.0,,,0,198.98,220.0,,,,,,,,0,https://sportscardjunction.com/products/2024-25-panini-donruss-optic-basketball-fast-brk-box,2026-09-06T20:10:33+00:00,1.0
PANINI_2024-25_DONRUSS_OPTIC_FAST_BREAK,WATCH,True,retail,cardiacs,trusted,2024-25 Donruss Optic Basketball Fast Break Box,,189.95,,,0,209.27,220.0,,,,,,,,0,https://www.thecardiacs.com/products/2024-25-donruss-optic-basketball-fast-break-box,2026-09-06T20:10:33+00:00,1.0
PANINI_2024-25_DONRUSS_OPTIC_FAST_BREAK,WATCH,True,retail,awesome,trusted,2024-25 Panini Donruss Optic Basketball Fast Break Box,,209.75,,,0,229.75,220.0,,,,,,,,0,https://theawesomecardshop.com/products/2024-25-panini-donruss-optic-basketball-fast-break-box,2026-09-06T20:10:33+00:00,1.0
PANINI_2024-25_DONRUSS_OPTIC_FAST_BREAK,WATCH,True,retail,columbia,trusted,2024-25 Panini Donruss Optic Basketball Fast Break Box,,219.99,,,0,240.35,220.0,,,,,,,,0,https://columbiasportscard.com/products/2024-25-panini-donruss-optic-basketball-fast-break-box-columbia-sports-cards-2,2026-09-06T20:10:33+00:00,1.0
PANINI_2024-25_DONRUSS_OPTIC_FAST_BREAK,WATCH,True,retail,rlsports,watch,2024-25 Panini Donruss Optic Basketball Fast Break Box,,220.0,,,0,240.36,220.0,,,,,,,,0,https://rlsportscards.com/products/2024-25-panini-donruss-optic-basketball-fast-break-box,2026-09-06T20:10:33+00:00,1.0
PANINI_2024-25_DONRUSS_OPTIC_FAST_BREAK,WATCH,True,retail,deichcards,watch,Panini Donruss Optic Fast Break Basketball Hobby Box 2024/2025,,249.0,,,0,270.35,220.0,,,,,,,,0,https://deichcards.de/products/panini-donruss-optic-fast-break-basketball-hobby-box-2024-2025,2026-09-06T20:10:33+00:00,1.0
PANINI_2024-25_DONRUSS_OPTIC_FAST_BREAK,WATCH,True,retail,bleecker,watch,2024-25 Panini Donruss Optic Basketball Fast Break Box,,275.0,,,0,297.25,220.0,,,,,,,,0,https://bleeckertrading.com/products/2024-25-panini-donruss-optic-basketball-fast-break-box,2026-09-06T20:10:33+00:00,1.0
PANINI_2024-25_DONRUSS_OPTIC_HANGER,WATCH,True,retail,dacardworldeu,watch,2024/25 Panini Donruss Optic Basketball Hanger Box 2024/25 Panini Donruss Optic Basketball Hanger Box,2024/25 Panini Donruss Optic Basketball Hanger Box,33.0,,,1,46.92,30.0,,,,,,,SUIVI,0,https://dacardworld.eu/products/2024-25-panini-donruss-optic-basketball-hanger-box,2026-09-06T20:10:33+00:00,1.0
PANINI_2024-25_DONRUSS_OPTIC_HANGER,WATCH,True,retail,superior,watch,2024-25 Panini Donruss Optic Basketball Hanger Box,,35.0,,,1,48.99,30.0,,,,,,,,0,https://superiorsportsinvestments.com/products/2024-25-panini-donruss-optic-basketball-hanger-box,2026-09-06T20:10:33+00:00,1.0
PANINI_2024-25_DONRUSS_OPTIC_HANGER,WATCH,True,retail,worldchampion,watch,2024/25 Panini Donruss Optic Basketball Hanger Box,,25.0,,,0,38.65,30.0,,,,,,,,0,https://www.worldchampionsportscards.org/products/2024-25-panini-donruss-optic-basketball-hanger-box,2026-09-06T20:10:33+00:00,1.0
PANINI_2024-25_DONRUSS_OPTIC_HANGER,WATCH,True,retail,bleecker,watch,2024-25 Panini Donruss Optic Basketball Hanger Box,,30.0,,,0,43.82,30.0,,,,,,,,0,https://bleeckertrading.com/products/202-25-panini-donruss-optic-basketball-hanger-box,2026-09-06T20:10:33+00:00,1.0
PANINI_2024-25_DONRUSS_OPTIC_HOBBY_MEGA,WATCH,True,retail,ballgame,watch,2024/25 Panini Donruss Optic Basketball Hobby Mega Box,,60.0,,,1,74.85,60.0,,,,,,,SUIVI,0,https://theballgame.com/products/2024-25-panini-donruss-optic-basketball-hobby-mega-box,2026-09-06T20:10:33+00:00,1.0
PANINI_2024-25_DONRUSS_OPTIC_HOBBY_MEGA,WATCH,True,retail,columbia,trusted,2024/25 Panini Donruss Optic Basketball Hobby Mega Box,,49.99,,,0,64.5,60.0,,,,,,,,0,https://columbiasportscard.com/products/2024-25-panini-donruss-optic-basketball-fast-break-box-columbia-sports-cards,2026-09-06T20:10:33+00:00,1.0
PANINI_2024-25_DONRUSS_OPTIC_HOBBY_MEGA,WATCH,True,retail,rlsports,watch,2024-25 Panini Donruss Optic Basketball Hobby Mega Box,,49.99,,,0,64.5,60.0,,,,,,,,0,https://rlsportscards.com/products/2024-25-panini-donruss-optic-basketball-hobby-mega-box,2026-09-06T20:10:33+00:00,1.0
PANINI_2024-25_DONRUSS_OPTIC_HOBBY_MEGA,WATCH,True,retail,awesome,trusted,2024-25 Panini Donruss Optic Basketball Hobby Mega Box,,54.75,,,0,69.42,60.0,,,,,,,,0,https://theawesomecardshop.com/products/2024-25-panini-donruss-optic-basketball-mega-box,2026-09-06T20:10:33+00:00,1.0
PANINI_2024-25_DONRUSS_OPTIC_HOBBY_MEGA,WATCH,True,retail,sportscardjunction,watch,2024-25 Panini Donruss Optic Basketball Hobby Mega Box,,60.0,,,0,74.85,60.0,,,,,,,,0,https://sportscardjunction.com/products/2024-25-panini-donruss-optic-basketball-hobby-mega-box,2026-09-06T20:10:33+00:00,1.0
PANINI_2024-25_DONRUSS_OPTIC_HOBBY_MEGA,WATCH,True,retail,ehcards,trusted,2024/25 Panini Donruss Optic NBA Basketball Hobby Mega Box,,64.99,,,0,80.01,60.0,,,,,,,,0,https://ehcards.com/products/2024-25-panini-donruss-optic-nba-basketball-hobby-mega-box,2026-09-06T20:10:33+00:00,1.0
PANINI_2024-25_DONRUSS_OPTIC_HOBBY_MEGA,WATCH,True,retail,bleecker,watch,2024-25 Panini Donruss Optic Basketball Hobby Mega Box,,65.0,,,0,80.02,60.0,,,,,,,,0,https://bleeckertrading.com/products/2024-25-panini-donruss-optic-basketball-hobby-blaster-box-copy,2026-09-06T20:10:33+00:00,1.0
PANINI_2024-25_DONRUSS_OPTIC_HOBBY_MEGA,WATCH,True,retail,cardiacs,trusted,2024-25 Panini Donruss Optic Basketball Hobby Mega Box,,74.95,,,0,90.32,60.0,,,,,,,,0,https://www.thecardiacs.com/products/2024-25-panini-donruss-basketball-hobby-mega-box,2026-09-06T20:10:33+00:00,1.0
PANINI_2024-25_DONRUSS_OPTIC_PACK,WATCH,True,retail,fancave,watch,2024-25 Panini Donruss Optic Basketball Retail Box - Single Pack,,5.99,,,1,18.98,35.0,,,,,,,SUIVI,0,https://fancave.com/products/2024-25-panini-donruss-optic-basketball-retail-box-single-pack,2026-09-06T20:10:33+00:00,1.0
PANINI_2024-25_DONRUSS_OPTIC_PACK,WATCH,True,retail,dacardworldeu,watch,2024/25 Panini Donruss Optic Basketball Hobby 2024/25 Panini Donruss Optic Basketball Hobby Pack,2024/25 Panini Donruss Optic Basketball Hobby Pack,34.0,,,1,47.96,35.0,,,,,,,,0,https://dacardworld.eu/products/2024-25-panini-donruss-optic-basketball-hobby,2026-09-06T20:10:33+00:00,1.0
PANINI_2024-25_DONRUSS_OPTIC_PACK,WATCH,True,retail,superior,watch,2024-25 Panini Donruss Optic Basketball Hobby Pack,,35.0,,,1,48.99,35.0,,,,,,,,0,https://superiorsportsinvestments.com/products/2024-25-panini-donruss-optic-basketball-hobby-pack,2026-09-06T20:10:33+00:00,1.0
PANINI_2024-25_DONRUSS_OPTIC_RETAIL_BOX,WATCH,True,retail,monmouth,watch,2024-25 Panini Donruss Optic Basketball Retail Box,,69.99,,,0,85.19,79.99,,,,,,,,0,https://monmouthcards.com/products/2024-25-panini-donruss-optic-basketball-retail-box,2026-09-06T20:10:33+00:00,1.0
PANINI_2024-25_DONRUSS_OPTIC_RETAIL_BOX,WATCH,True,retail,columbia,trusted,2024-25 Panini Donruss Optic Basketball Retail Box,,79.99,,,0,95.53,79.99,,,,,,,,0,https://columbiasportscard.com/products/2024-25-panini-donruss-optic-basketball-retail-box-columbia-sports-cards,2026-09-06T20:10:33+00:00,1.0
PANINI_2024-25_DONRUSS_OPTIC_RETAIL_BOX,WATCH,True,retail,deichcards,watch,Panini Donruss Optic Basketball NBA Retail Box 2024/2025,,99.0,,,0,115.19,79.99,,,,,,,,0,https://deichcards.de/products/panini-donruss-optic-basketball-nba-retail-box-2024-2025,2026-09-06T20:10:33+00:00,1.0
PANINI_2024-25_DONRUSS_OPTIC_RETAIL_BOX,WATCH,True,retail,bleecker,watch,2024-25 Panini Donruss Optic Basketball Retail Box,,120.0,,,0,136.92,79.99,,,,,,,,0,https://bleeckertrading.com/products/2024-25-panini-donruss-optic-basketball-retail-box,2026-09-06T20:10:33+00:00,1.0
PANINI_2024-25_DONRUSS_PACK,WATCH,True,retail,cardiacs,trusted,2024-25 Donruss Basketball Retail Pack,,3.0,,,1,15.89,5.0,,,,,,,SUIVI,0,https://www.thecardiacs.com/products/2024-25-donruss-basketball-retail-pack,2026-09-06T20:10:33+00:00,1.0
PANINI_2024-25_DONRUSS_PACK,WATCH,True,retail,boxseat,watch,2024-25 Panini Donruss Basketball MEGA PACK,,3.99,,,1,16.92,5.0,,,,,,,,0,https://boxseatcollectibles.com/products/2024-25-panini-donruss-basketball-mega-pack,2026-09-06T20:10:33+00:00,1.0
PANINI_2024-25_DONRUSS_PACK,WATCH,True,retail,hiddengems,trusted,2024-25 Panini Donruss Basketball Pack 15 Cards,,5.0,,,1,17.96,5.0,,,,,,,,0,https://www.hiddengemscardshop.com/products/2024-25-panini-donruss-basketball-pack-15-cards,2026-09-06T20:10:33+00:00,1.0
PANINI_2024-25_DONRUSS_PACK,WATCH,True,retail,rbicru7,trusted,"2024-25 Panini Donruss Basketball Hobby, Pack",,30.0,,,1,43.82,5.0,,,,,,,,0,https://rbicru7.com/products/2024-25-panini-donruss-basketball-hobby-pack,2026-09-06T20:10:33+00:00,1.0
PANINI_2024-25_DONRUSS_PACK,WATCH,True,retail,sportscardjunction,watch,2024-25 Donruss Basketball Blaster Pack,,6.0,,,0,18.99,5.0,,,,,,,,0,https://sportscardjunction.com/products/2024-25-donruss-basketball-blaster-pack,2026-09-06T20:10:33+00:00,1.0
PANINI_2024-25_DONRUSS_RETAIL_BOX,WATCH,True,retail,qscards,watch,2024-25 Panini Optic Donruss  Basketball Retail Box Box,Box,119.0,,,1,135.88,115.0,,,,,,,SUIVI,0,https://qscards.com/products/2024-25-panini-optic-donruss-basketball-retail-box,2026-09-06T20:10:33+00:00,1.0
PANINI_2024-25_DONRUSS_RETAIL_BOX,WATCH,True,retail,cardiacs,trusted,2024-25 Donruss Basketball Retail Box,,54.95,,,0,69.63,115.0,,,,,,,,0,https://www.thecardiacs.com/products/2024-25-donruss-basketball-retail-box,2026-09-06T20:10:33+00:00,1.0
PANINI_2024-25_DONRUSS_RETAIL_BOX,WATCH,True,retail,awesome,trusted,2024-25 Panini Donruss Basketball Retail 24-Pack Box,,59.75,,,0,74.59,115.0,,,,,,,,0,https://theawesomecardshop.com/products/2024-25-panini-donruss-basketball-retail-24-pack-box,2026-09-06T20:10:33+00:00,1.0
PANINI_2024-25_DONRUSS_RETAIL_BOX,WATCH,True,retail,jakesbreaks,watch,2024-25 Panini Donruss Basketball Retail Box,,69.99,,,0,85.19,115.0,,,,,,,,0,https://jakesbreaks.co.uk/products/2024-25-panini-donruss-basketball-retail-box,2026-09-06T20:10:33+00:00,1.0
PANINI_2024-25_DONRUSS_RETAIL_BOX,WATCH,True,retail,deichcards,watch,Panini Donruss Basketball NBA Retail Box 2024/2025,,79.9,,,0,95.44,115.0,,,,,,,,0,https://deichcards.de/products/panini-donruss-basketball-nba-retail-box-2024-2025,2026-09-06T20:10:33+00:00,1.0
PANINI_2024-25_DONRUSS_RETAIL_BOX,WATCH,True,retail,bleecker,watch,2024-25 Panini Donruss Basketball Retail Box,,115.0,,,0,131.74,115.0,,,,,,,,0,https://bleeckertrading.com/products/2024-25-panini-donruss-basketball-sealed-retail-box-1,2026-09-06T20:10:33+00:00,1.0
PANINI_2024-25_DONRUSS_RETAIL_BOX,WATCH,True,retail,qscards,watch,2024-25 Panini Optic Donruss  Basketball Retail Box Case (20 Boxes),Case (20 Boxes),2299.0,,,0,2390.87,115.0,,,,,,,,0,https://qscards.com/products/2024-25-panini-optic-donruss-basketball-retail-box,2026-09-06T20:10:33+00:00,1.0
PANINI_2024-25_DONRUSS_RETAIL_BOX,WATCH,True,retail,awesome,trusted,2024-25 Panini Donruss Basketball Retail 24-Pack 20-Box Case,,9999.0,,,0,10355.75,115.0,,,,,,,,0,https://theawesomecardshop.com/products/2024-25-panini-donruss-basketball-retail-24-pack-20-box-case,2026-09-06T20:10:33+00:00,1.0
PANINI_2024-25_HOOPS_FAT_PACK,WATCH,True,retail,boxseat,watch,2024/25 Panini Hoops Basketball NBA Jumbo Value Fat Pack (Teal Explosion ~ White Explosion ~ Orange Explosion Parallels),,19.99,,,1,33.47,19.99,,,,,,,SUIVI,0,https://boxseatcollectibles.com/products/2024-25-panini-hoops-basketball-nba-jumbo-value-fat-pack-teal-explosion-white-explosion-orange-explosion-parallels,2026-09-06T20:10:33+00:00,1.0
PANINI_2024-25_HOOPS_FAT_PACK,WATCH,True,retail,sportscardjunction,watch,2024-25 Panini NBA Hoops Basketball Fat Pack,,10.0,,,0,23.13,19.99,,,,,,,,0,https://sportscardjunction.com/products/2024-25-panini-nba-hoops-basketball-fat-pack,2026-09-06T20:10:33+00:00,1.0
PANINI_2024-25_HOOPS_HOBBY_BLASTER,WATCH,True,retail,sportscardjunction,watch,2024-25 Panini NBA Hoops Hobby Blaster,,25.0,,,0,38.65,29.75,,,,,,,,0,https://sportscardjunction.com/products/2024-25-panini-nba-hoops-hobby-blaster,2026-09-06T20:10:33+00:00,1.0
PANINI_2024-25_HOOPS_HOBBY_BLASTER,WATCH,True,retail,rlsports,watch,2024-25 Panini Hoops Basketball Hobby Blaster Box,,27.99,,,0,41.74,29.75,,,,,,,,0,https://rlsportscards.com/products/2024-25-panini-hoops-basketball-hobby-blaster-box,2026-09-06T20:10:33+00:00,1.0
PANINI_2024-25_HOOPS_HOBBY_BLASTER,WATCH,True,retail,awesome,trusted,2024-25 Panini NBA Hoops Basketball Hobby Blaster Box,,29.75,,,0,43.56,29.75,,,,,,,,0,https://theawesomecardshop.com/products/2024-25-panini-nba-hoops-basketball-6-pack-blaster-box,2026-09-06T20:10:33+00:00,1.0
PANINI_2024-25_HOOPS_HOBBY_BLASTER,WATCH,True,retail,ehcards,trusted,2024/25 Panini Hoops NBA Basketball 6-pack Hobby Blaster Box,,34.99,,,0,48.98,29.75,,,,,,,,0,https://ehcards.com/products/2024-25-panini-hoops-nba-basketball-6-pack-hobby-blaster-box,2026-09-06T20:10:33+00:00,1.0
PANINI_2024-25_HOOPS_HOBBY_BLASTER,WATCH,True,retail,bleecker,watch,2024-25 Panini NBA Hoops Basketball Hobby Blaster Box,,40.0,,,0,54.16,29.75,,,,,,,,0,https://bleeckertrading.com/products/2024-25-panini-hoops-nba-hobby-blaster-box,2026-09-06T20:10:33+00:00,1.0
PANINI_2024-25_HOOPS_PACK,WATCH,True,retail,rbicru7,trusted,"2024-25 Panini Haunted Hoops Basketball, Pack",,0.75,,,1,13.56,10.9,,,,,,,SUIVI,0,https://rbicru7.com/products/2024-25-panini-haunted-hoops-basketball-pack,2026-09-06T20:10:33+00:00,1.0
PANINI_2024-25_HOOPS_PACK,WATCH,True,retail,stcuk,watch,2024-25 Panini Hoops Basketball International Gravity Pack,,3.0,,,1,15.89,10.9,,,,,,,,0,https://sportstradingcardsuk.com/products/2024-25-panini-hoops-basketball-international-gravity-pack,2026-09-06T20:10:33+00:00,1.0
PANINI_2024-25_HOOPS_PACK,WATCH,True,retail,awesome,trusted,2024-25 Panini NBA Hoops Basketball Hobby Pack,,7.0,,,1,20.03,10.9,,,,,,,,0,https://theawesomecardshop.com/products/2024-25-panini-nba-hoops-basketball-hobby-pack,2026-09-06T20:10:33+00:00,1.0
PANINI_2024-25_HOOPS_PACK,WATCH,True,retail,rbicru7,trusted,"2024-25 Panini NBA Hoops Basketball Hobby, Pack",,9.5,,,1,22.61,10.9,,,,,,,,0,https://rbicru7.com/products/2024-25-panini-nba-hoops-basketball-hobby-pack,2026-09-06T20:10:33+00:00,1.0
PANINI_2024-25_HOOPS_PACK,WATCH,True,retail,superior,watch,2024-25 Panini Hoops Basketball Hobby Pack,,21.0,,,1,34.51,10.9,,,,,,,,0,https://superiorsportsinvestments.com/products/2024-25-panini-hoops-basketball-hobby-pack,2026-09-06T20:10:33+00:00,1.0
PANINI_2024-25_HOOPS_PACK,WATCH,True,retail,cardiacs,trusted,2024-25 Panini Hoops Basketball Retail Pack,,3.5,,,0,16.41,10.9,,,,,,,,0,https://www.thecardiacs.com/products/2024-25-panini-hoops-basketball-retail-pack,2026-09-06T20:10:33+00:00,1.0
PANINI_2024-25_HOOPS_PACK,WATCH,True,retail,sportscardjunction,watch,2024-25 Panini Hoops NBA Basketball Hobby Pack,,7.0,,,0,20.03,10.9,,,,,,,,0,https://sportscardjunction.com/products/2024-25-panini-hoops-nba-basketball-hobby-pack,2026-09-06T20:10:33+00:00,1.0
PANINI_2024-25_HOOPS_RETAIL_BOX,WATCH,True,retail,ehcards,trusted,2024/25 Panini Hoops NBA Basketball 24-pack Retail Box,,89.99,,,1,105.87,89.99,,,,,,,SUIVI,0,https://ehcards.com/products/2024-25-panini-hoops-nba-basketball-24-pack-retail-box,2026-09-06T20:10:33+00:00,1.0
PANINI_2024-25_HOOPS_RETAIL_BOX,WATCH,True,retail,deichcards,watch,Panini Hoops Basketball NBA Retail Box 2024/2025,,89.9,,,0,105.78,89.99,,,,,,,,0,https://deichcards.de/products/panini-hoops-basketball-nba-retail-box-2024-2025,2026-09-06T20:10:33+00:00,1.0
PANINI_2024-25_HOOPS_RETAIL_BOX,WATCH,True,retail,bleecker,watch,2024-25 Panini Hoops Basketball Retail Box,,125.0,,,0,142.09,89.99,,,,,,,,0,https://bleeckertrading.com/products/2024-25-panini-hoops-basketball-retail-box,2026-09-06T20:10:33+00:00,1.0
PANINI_2024-25_MOSAIC_PACK,WATCH,True,retail,boxseat,watch,2024-25 Panini Mosaic Basketball BLASTER PACK,,4.99,,,1,17.95,32.0,,,,,,,SUIVI,0,https://boxseatcollectibles.com/products/2024-25-panini-mosaic-basketball-blaster-pack,2026-09-06T20:10:33+00:00,1.0
PANINI_2024-25_MOSAIC_PACK,WATCH,True,retail,dacardworldeu,watch,2024/25 Panini Mosaic Basketball International Hobby 2024/25 Panini Mosaic Basketball International Hobby Pack,2024/25 Panini Mosaic Basketball International Hobby Pack,32.0,,,0,45.89,32.0,,,,,,,,0,https://dacardworld.eu/products/2024-25-panini-mosaic-basketball-international-hobby,2026-09-06T20:10:33+00:00,1.0
PANINI_2024-25_MOSAIC_PACK,WATCH,True,retail,awesome,trusted,2024-25 Panini Mosaic Basketball Hobby Pack,,374.75,,,0,400.43,32.0,,,,,,,,0,https://theawesomecardshop.com/products/2024-25-panini-mosaic-basketball-hobby-pack,2026-09-06T20:10:33+00:00,1.0
PANINI_2024-25_PRIZM_EUROLEAGUE_BLASTER,WATCH,False,retail,sportscardjunction,watch,2024-25 Panini Prizm Turkish Airlines EuroLeauge Basketball Blaster Box,,15.0,,,1,28.3,15.0,,,,,,,SUIVI,0,https://sportscardjunction.com/products/2024-25-panini-prizm-turkish-airlines-euroleauge-basketball-blaster-box,2026-09-06T20:10:33+00:00,1.0
PANINI_2024-25_PRIZM_EUROLEAGUE_BLASTER,WATCH,False,retail,awesome,trusted,2024-25 Panini Prizm Turkish Airlines EuroLeague Basketball Blaster Box,,0.0,,,0,12.79,15.0,,,,,,,,0,https://theawesomecardshop.com/products/2024-25-panini-prizm-turkish-airlines-euroleague-basketball-blaster-box,2026-09-06T20:10:33+00:00,1.0
PANINI_2024-25_PRIZM_EUROLEAGUE_BLASTER,WATCH,False,retail,sportscardjunction,watch,2024-25 Panini Prizm Euroleague Basketball Blaster Box,,10.0,,,0,23.13,15.0,,,,,,,,0,https://sportscardjunction.com/products/2024-25-panini-prizm-euroleague-basketball-blaster-box,2026-09-06T20:10:33+00:00,1.0
PANINI_2024-25_PRIZM_EUROLEAGUE_BLASTER,WATCH,False,retail,bleecker,watch,2024-25 Panini Prizm Turkish Airlines EuroLeague Basketball Blaster Box,,15.0,,,0,28.3,15.0,,,,,,,,0,https://bleeckertrading.com/products/2024-25-panini-prizm-basketball-turkish-airlines-euroleague-blaster,2026-09-06T20:10:33+00:00,1.0
PANINI_2024-25_PRIZM_EUROLEAGUE_BLASTER,WATCH,False,retail,rlsports,watch,2024-25 Panini Prizm Turkish Airlines Euroleague Basketball Blaster Box,,17.99,,,0,31.4,15.0,,,,,,,,0,https://rlsportscards.com/products/2024-25-panini-prizm-turkish-airlines-euroleague-basketball-hobby-blaster-box,2026-09-06T20:10:33+00:00,1.0
PANINI_2024-25_PRIZM_FAST_BREAK,WATCH,True,retail,hallofcollect,watch,Panini Prizm Fast Break NBA Basketball Hobby Box 2024/2025,,420.0,,,1,447.24,325.0,,,,,,,SUIVI,0,https://hallofcollect.de/products/panini-prizm-fast-break-nba-basketball-hobby-box-2024-2025,2026-09-06T20:10:33+00:00,1.0
PANINI_2024-25_PRIZM_FAST_BREAK,WATCH,True,retail,rlsports,watch,2024-25 Panini Prizm Basketball Fast Break Box,,219.99,,,0,240.35,325.0,,,,,,,,0,https://rlsportscards.com/products/2024-25-panini-prizm-basketball-fast-break-box,2026-09-06T20:10:33+00:00,1.0
PANINI_2024-25_PRIZM_FAST_BREAK,WATCH,True,retail,awesome,trusted,2024-25 Panini Prizm Basketball Fast Break Hobby Box,,239.75,,,0,260.79,325.0,,,,,,,,0,https://theawesomecardshop.com/products/2024-25-panini-prizm-basketball-fast-break-hobby-box,2026-09-06T20:10:33+00:00,1.0
PANINI_2024-25_PRIZM_FAST_BREAK,WATCH,True,retail,columbia,trusted,2024-25 Panini Prizm Basketball Fast Break Box,,244.99,,,0,266.21,325.0,,,,,,,,0,https://columbiasportscard.com/products/2024-25-panini-prizm-basketball-fast-break-box,2026-09-06T20:10:33+00:00,1.0
PANINI_2024-25_PRIZM_FAST_BREAK,WATCH,True,retail,hiddengems,trusted,2024/25 Panini Prizm Basketball Fast Break Box,,250.0,,,0,271.39,325.0,,,,,,,,0,https://www.hiddengemscardshop.com/products/2024-25-panini-prizm-basketball-fast-break-box,2026-09-06T20:10:33+00:00,1.0
PANINI_2024-25_PRIZM_FAST_BREAK,WATCH,True,retail,bleecker,watch,2024-25 Panini Prizm Basketball Fast Break Hobby Box,,325.0,,,0,348.97,325.0,,,,,,,,0,https://bleeckertrading.com/products/2024-25-panini-prizm-nba-fast-break-box,2026-09-06T20:10:33+00:00,1.0
PANINI_2024-25_PRIZM_FAST_BREAK,WATCH,True,retail,sportscardjunction,watch,2024-25 Panini Prizm NBA Basketball Fast BRK Box,,325.0,,,0,348.97,325.0,,,,,,,,0,https://sportscardjunction.com/products/pre-order-2024-25-panini-prizm-nba-basketball-fast-brk-box-releases-3-7-25,2026-09-06T20:10:33+00:00,1.0
PANINI_2024-25_PRIZM_FAST_BREAK,WATCH,True,retail,deichcards,watch,Panini Prizm Fast Break Basketball Box 2024/2025,,350.0,,,0,374.83,325.0,,,,,,,,0,https://deichcards.de/products/panini-prizm-fast-break-basketball-box-2024-2025,2026-09-06T20:10:33+00:00,1.0
PANINI_2024-25_PRIZM_FAT_PACK,WATCH,True,retail,cardiacs,trusted,2024-25 Panini Prizm Basketball Fat Pack Display Box,,124.95,,,1,142.04,14.99,,,,,,,SUIVI,0,https://www.thecardiacs.com/products/2024-25-panini-prizm-basketball-fat-pack-display-box,2026-09-06T20:10:33+00:00,1.0
PANINI_2024-25_PRIZM_FAT_PACK,WATCH,True,retail,hiddengems,trusted,2024-25 Panini Prizm NBA Fat Pack Basketball Trading Cards,,9.99,,,0,23.12,14.99,,,,,,,,0,https://www.hiddengemscardshop.com/products/2024-25-panini-prizm-nba-fat-pack-basketball-trading-cards,2026-09-06T20:10:33+00:00,1.0
PANINI_2024-25_PRIZM_FAT_PACK,WATCH,True,retail,worldchampion,watch,2024-25 Panini PRIZM NBA Fat Pack,,12.0,,,0,25.2,14.99,,,,,,,,0,https://www.worldchampionsportscards.org/products/2024-25-panini-prizm-nba-fat-pack,2026-09-06T20:10:33+00:00,1.0
PANINI_2024-25_PRIZM_FAT_PACK,WATCH,True,retail,awesome,trusted,2024-25 Panini Prizm Basketball Fat Pack,,14.0,,,0,27.27,14.99,,,,,,,,0,https://theawesomecardshop.com/products/2024-25-panini-prizm-basketball-fat-pack,2026-09-06T20:10:33+00:00,1.0
PANINI_2024-25_PRIZM_FAT_PACK,WATCH,True,retail,rlsports,watch,2024-25 Panini Prizm Basketball Fat Pack,,14.99,,,0,28.29,14.99,,,,,,,,0,https://rlsportscards.com/products/2024-25-panini-prizm-basketball-fat-pack,2026-09-06T20:10:33+00:00,1.0
PANINI_2024-25_PRIZM_HOBBY_BLASTER,WATCH,True,retail,sportscardjunction,watch,2024-25 Panini Prizm Basketball Hobby Blaster Box,,30.0,,,1,43.82,30.99,,,,,,,SUIVI,0,https://sportscardjunction.com/products/2024-25-panini-prizm-basketball-hobby-blaster-box,2026-09-06T20:10:33+00:00,1.0
PANINI_2024-25_PRIZM_HOBBY_BLASTER,WATCH,True,retail,awesome,trusted,2024-25 Panini Prizm Basketball Hobby Blaster Box,,34.75,,,1,48.73,30.99,,,,,,,,0,https://theawesomecardshop.com/products/2024-25-panini-prizm-basketball-6-pack-hobby-blaster-box,2026-09-06T20:10:33+00:00,1.0
PANINI_2024-25_PRIZM_HOBBY_BLASTER,WATCH,True,retail,ehcards,trusted,2024/25 Panini Prizm NBA Basketball 6-Pack Hobby Blaster Box,,39.99,,,1,54.15,30.99,,,,,,,,0,https://ehcards.com/products/2024-25-panini-prizm-nba-basketball-6-pack-hobby-blaster-box,2026-09-06T20:10:33+00:00,1.0
PANINI_2024-25_PRIZM_HOBBY_BLASTER,WATCH,True,retail,cardiacs,trusted,2024-25 Panini Prizm Basketball Hobby Blaster,,22.95,,,0,36.53,30.99,,,,,,,,0,https://www.thecardiacs.com/products/2024-25-panini-prizm-basketball-hobby-blaster,2026-09-06T20:10:33+00:00,1.0
PANINI_2024-25_PRIZM_HOBBY_BLASTER,WATCH,True,retail,rlsports,watch,2024-25 Panini Prizm Basketball Hobby Blaster Box,,30.99,,,0,44.84,30.99,,,,,,,,0,https://rlsportscards.com/products/2024-25-panini-prizm-basketball-hobby-blaster-box,2026-09-06T20:10:33+00:00,1.0
PANINI_2024-25_PRIZM_HOBBY_MEGA,WATCH,True,retail,sjay2k,watch,2024-25 Panini Prizm Basketball Hobby Mega Box (Red Ice Prizms!),,125.0,,,1,142.09,64.75,,,,,,,SUIVI,0,https://www.sjay2k.com/products/2024-25-panini-prizm-basketball-hobby-mega-box-green-ice-prizms-copy-1,2026-09-06T20:10:33+00:00,1.0
PANINI_2024-25_PRIZM_HOBBY_MEGA,WATCH,True,retail,sportscardjunction,watch,2024-25 Panini Prizm Basketball Hobby Mega Box,,50.0,,,0,64.51,64.75,,,,,,,,0,https://sportscardjunction.com/products/2024-25-panini-prizm-basketball-hobby-mega-box,2026-09-06T20:10:33+00:00,1.0
PANINI_2024-25_PRIZM_HOBBY_MEGA,WATCH,True,retail,rlsports,watch,2024-25 Panini Prizm Basketball Hobby Mega Box,,59.99,,,0,74.84,64.75,,,,,,,,0,https://rlsportscards.com/products/2024-25-panini-prizm-basketball-hobby-mega-box,2026-09-06T20:10:33+00:00,1.0
PANINI_2024-25_PRIZM_HOBBY_MEGA,WATCH,True,retail,awesome,trusted,2024-25 Panini Prizm Basketball Hobby Mega Box,,64.75,,,0,79.77,64.75,,,,,,,,0,https://theawesomecardshop.com/products/2024-25-panini-prizm-basketball-hobby-mega-box,2026-09-06T20:10:33+00:00,1.0
PANINI_2024-25_PRIZM_HOBBY_MEGA,WATCH,True,retail,ehcards,trusted,2024/25 Panini Prizm NBA Basketball 6-Pack Hobby Mega Box,,69.99,,,0,85.19,64.75,,,,,,,,0,https://ehcards.com/products/2024-25-panini-prizm-nba-basketball-6-pack-hobby-mega-box,2026-09-06T20:10:33+00:00,1.0
PANINI_2024-25_PRIZM_PACK,WATCH,True,retail,boxseat,watch,2024-25 Panini Prizm Basketball BLASTER PACK,,5.99,,,1,18.98,13.99,,,,,,,SUIVI,0,https://boxseatcollectibles.com/products/2024-25-panini-prizm-basketball-blaster-pack,2026-09-06T20:10:33+00:00,1.0
PANINI_2024-25_PRIZM_PACK,WATCH,True,retail,sportscardjunction,watch,2024-25 Panini Prizm Basketball Retail Pack,,6.0,,,1,18.99,13.99,,,,,,,,0,https://sportscardjunction.com/products/2024-25-panini-prizm-basketball-retail-pack,2026-09-06T20:10:33+00:00,1.0
PANINI_2024-25_PRIZM_PACK,WATCH,True,retail,boxseat,watch,2024-25 Panini Prizm Basketball MEGA PACK,,13.99,,,1,27.26,13.99,,,,,,,,0,https://boxseatcollectibles.com/products/2024-25-panini-prizm-basketball-mega-pack,2026-09-06T20:10:33+00:00,1.0
PANINI_2024-25_PRIZM_PACK,WATCH,True,retail,superior,watch,2024-25 Panini Prizm Basketball Pack,,22.0,,,1,35.54,13.99,,,,,,,,0,https://superiorsportsinvestments.com/products/2024-25-panini-prizm-basketball-pack,2026-09-06T20:10:33+00:00,1.0
PANINI_2024-25_PRIZM_PACK,WATCH,True,retail,rbicru7,trusted,"2024-25 Panini Prizm Basketball Fast Brk, Pack",,29.0,,,1,42.79,13.99,,,,,,,,0,https://rbicru7.com/products/2024-25-panini-prizm-basketball-fast-brk-pack,2026-09-06T20:10:33+00:00,1.0
PANINI_2024-25_PRIZM_PACK,WATCH,True,retail,superior,watch,2024-25 Panini Prizm Basketball 5-Card Pack,,45.0,,,1,59.34,13.99,,,,,,,,0,https://superiorsportsinvestments.com/products/2024-25-panini-prizm-basketball-5-card-pack,2026-09-06T20:10:33+00:00,1.0
PANINI_2024-25_PRIZM_PACK,WATCH,True,retail,sportscardjunction,watch,2024-25 Panini Prizm Basketball Blaster Pack,,9.0,,,0,22.1,13.99,,,,,,,,0,https://sportscardjunction.com/products/2024-25-panini-prizm-basketball-blaster-pack,2026-09-06T20:10:33+00:00,1.0
PANINI_2024-25_PRIZM_PACK,WATCH,True,retail,sportcards,watch,2024/25 Panini Prizm Basketball SINGLE PACK,,14.95,,,0,28.25,13.99,,,,,,,,0,https://sportcards.com/products/2024-25-panini-prizm-basketball-single-pack,2026-09-06T20:10:33+00:00,1.0
PANINI_2024-25_PRIZM_RETAIL_BOX,WATCH,True,retail,awesome,trusted,2024-25 Panini Prizm Basketball Retail 24-Pack Box,,84.75,,,1,100.45,84.75,,,,,,,SUIVI,0,https://theawesomecardshop.com/products/2024-25-panini-prizm-basketball-retail-24-pack-box,2026-09-06T20:10:33+00:00,1.0
PANINI_2024-25_PRIZM_RETAIL_BOX,WATCH,True,retail,monmouth,watch,2024-25 Panini Prizm Basketball Retail Box,,89.99,,,1,105.87,84.75,,,,,,,,0,https://monmouthcards.com/products/2024-25-panini-prizm-basketball-retail-box,2026-09-06T20:10:33+00:00,1.0
PANINI_2024-25_PRIZM_RETAIL_BOX,WATCH,True,retail,awesome,trusted,2024-25 Panini Prizm Basketball Retail 24-Pack 20-Box Case,,0.0,,,0,12.79,84.75,,,,,,,,0,https://theawesomecardshop.com/products/2024-25-panini-prizm-basketball-retail-24-pack-20-box-case,2026-09-06T20:10:33+00:00,1.0
PANINI_2024-25_PRIZM_RETAIL_BOX,WATCH,True,retail,columbia,trusted,2024-25 Panini Prizm Basketball Retail 24-Pack Box,,69.99,,,0,85.19,84.75,,,,,,,,0,https://columbiasportscard.com/products/2024-25-panini-prizm-basketball-retail-box-24-packs,2026-09-06T20:10:33+00:00,1.0
PANINI_2024-25_PRIZM_RETAIL_BOX,WATCH,True,retail,cardiacs,trusted,2024-25 Panini Prizm Basketball Retail Box,,74.95,,,0,90.32,84.75,,,,,,,,0,https://www.thecardiacs.com/products/2024-25-panini-prizm-basketball-retail-box,2026-09-06T20:10:33+00:00,1.0
PANINI_2024-25_PRIZM_RETAIL_BOX,WATCH,True,retail,bleecker,watch,2024-25 Panini Prizm Basketball Retail Box,,115.0,,,0,131.74,84.75,,,,,,,,0,https://bleeckertrading.com/products/2024-25-panini-prizm-basketball-retail-box,2026-09-06T20:10:33+00:00,1.0
PANINI_2024-25_PRIZM_RETAIL_BOX,WATCH,True,retail,deichcards,watch,Panini Prizm Basketball NBA Retail Box 2024/2025,,119.9,,,0,136.81,84.75,,,,,,,,0,https://deichcards.de/products/panini-prizm-basketball-nba-retail-box-2024-2025,2026-09-06T20:10:33+00:00,1.0
PANINI_2024-25_PRIZM_RETAIL_BOX,WATCH,True,retail,tanteo,watch,2024-25 Panini Prizm Cartes Basketball NBA Retail Box,,124.0,,,0,141.05,84.75,,,,,,,,0,https://tanteocartescollections.com/products/2024-25-panini-prizm-cartes-basketball-nba-retail-box,2026-09-06T20:10:33+00:00,1.0
PANINI_2024-25_SELECT_HANGER,WATCH,True,retail,superior,watch,2024-25 Panini Select Basketball Hanger Box,,32.0,,,1,45.89,20.0,,,,,,,SUIVI,0,https://superiorsportsinvestments.com/products/2024-25-panini-select-basketball-hanger-box,2026-09-06T20:10:33+00:00,1.0
PANINI_2024-25_SELECT_HANGER,WATCH,True,retail,hiddengems,trusted,2024-25 Panini Select Basketball Hanger Box,,15.0,,,0,28.3,20.0,,,,,,,,0,https://www.hiddengemscardshop.com/products/2024-25-panini-select-basketball-hanger-box,2026-09-06T20:10:33+00:00,1.0
PANINI_2024-25_SELECT_HANGER,WATCH,True,retail,worldchampion,watch,2024/25 Panini Select Basketball Hanger Box,,20.0,,,0,33.48,20.0,,,,,,,,0,https://www.worldchampionsportscards.org/products/2024-25-panini-select-basketball-hanger-box,2026-09-06T20:10:33+00:00,1.0
PANINI_2024-25_SELECT_HOBBY_MEGA,WATCH,True,retail,cardiacs,trusted,2024-25 Panini Select Basketball Hobby Mega Box,,39.95,,,0,54.11,49.75,,,,,,,,0,https://www.thecardiacs.com/products/2024-25-panini-select-basketball-hobby-mega-box,2026-09-06T20:10:33+00:00,1.0
PANINI_2024-25_SELECT_HOBBY_MEGA,WATCH,True,retail,rlsports,watch,2024-25 Panini Select Basketball Hobby Mega Box,,39.99,,,0,54.15,49.75,,,,,,,,0,https://rlsportscards.com/products/2024-panini-select-basketball-hobby-mega-box,2026-09-06T20:10:33+00:00,1.0
PANINI_2024-25_SELECT_HOBBY_MEGA,WATCH,True,retail,sportscardjunction,watch,2024-25 Panini Select Basketball Hobby Mega Box,,40.0,,,0,54.16,49.75,,,,,,,,0,https://sportscardjunction.com/products/2024-25-panini-select-basketball-hobby-mega-box,2026-09-06T20:10:33+00:00,1.0
PANINI_2024-25_SELECT_HOBBY_MEGA,WATCH,True,retail,ballgame,watch,2024/25 Panini Select Basketball Hobby Mega Box,,45.0,,,0,59.34,49.75,,,,,,,,0,https://theballgame.com/products/2024-25-panini-select-basketball-hobby-mega-box,2026-09-06T20:10:33+00:00,1.0
PANINI_2024-25_SELECT_HOBBY_MEGA,WATCH,True,retail,awesome,trusted,2024-25 Panini Select Basketball Hobby Mega Box,,49.75,,,0,64.25,49.75,,,,,,,,0,https://theawesomecardshop.com/products/2024-25-panini-select-basketball-hobby-mega-box,2026-09-06T20:10:33+00:00,1.0
PANINI_2024-25_SELECT_HOBBY_MEGA,WATCH,True,retail,worldchampion,watch,2024-25 Panini Select Basketball Hobby Mega Box,,50.0,,,0,64.51,49.75,,,,,,,,0,https://www.worldchampionsportscards.org/products/2024-25-panini-select-basketball-hobby-mega-box,2026-09-06T20:10:33+00:00,1.0
PANINI_2024-25_SELECT_PACK,WATCH,True,retail,cardiacs,trusted,2024-25 Panini Select Basketball Retail Blaster PACK (Flash Prizms),,4.0,,,1,16.93,4.99,,,,,,,SUIVI,0,https://www.thecardiacs.com/products/2024-25-panini-select-basketball-blaster-pack-flash-prizms,2026-09-06T20:10:33+00:00,1.0
PANINI_2024-25_SELECT_PACK,WATCH,True,retail,boxseat,watch,2024-25 Panini Select Basketball BLASTER PACK,,4.99,,,1,17.95,4.99,,,,,,,,0,https://boxseatcollectibles.com/products/2024-25-panini-select-basketball-blaster-pack,2026-09-06T20:10:33+00:00,1.0
PANINI_2024-25_SELECT_PACK,WATCH,True,retail,rbicru7,trusted,"2024-25 Panini Select Basketball Hobby, Pack",,35.0,,,1,48.99,4.99,,,,,,,,0,https://rbicru7.com/products/2024-25-panini-select-basketball-hobby-pack,2026-09-06T20:10:33+00:00,1.0
PANINI_2024-25_SELECT_PACK,WATCH,True,retail,rbicru7,trusted,"2024-25 Panini Select Basketball H2, Pack",,53.0,,,1,67.61,4.99,,,,,,,,0,https://rbicru7.com/products/2024-25-panini-select-basketball-h2-pack,2026-09-06T20:10:33+00:00,1.0
PANINI_2025-26_DONRUSS_BLASTER,WATCH,True,retail,rlsports,watch,2025-26 Panini Donruss Basketball Blaster Box,,24.99,,,1,38.64,29.75,,,,,,,SUIVI,0,https://rlsportscards.com/products/2025-26-panini-donruss-basketball-blaster-box,2026-09-06T20:10:33+00:00,1.0
PANINI_2025-26_DONRUSS_BLASTER,WATCH,True,retail,rbicru7,trusted,"2025-26 Panini Donruss Basketball Blaster, Box",,28.0,,,1,41.75,29.75,,,,,,,,0,https://rbicru7.com/products/2025-26-panini-donruss-basketball-retail-blaster-box,2026-09-06T20:10:33+00:00,1.0
PANINI_2025-26_DONRUSS_BLASTER,WATCH,True,retail,awesome,trusted,2025-26 Panini Donruss Basketball Blaster Box,,29.75,,,1,43.56,29.75,,,,,,,,0,https://theawesomecardshop.com/products/2025-26-panini-donruss-basketball-blaster-box,2026-09-06T20:10:33+00:00,1.0
PANINI_2025-26_DONRUSS_BLASTER,WATCH,True,retail,cbhobby,watch,2025-26 Panini Donruss Basketball Blaster Box,,30.0,,,1,43.82,29.75,,,,,,,,0,https://cbhobby.com/products/2025-26-panini-donruss-basketball-blaster-box,2026-09-06T20:10:33+00:00,1.0
PANINI_2025-26_DONRUSS_BLASTER,WATCH,True,retail,tanteo,watch,2025-26 Panini Donruss Cartes Basketball NBA Blaster Box,,42.9,,,1,57.16,29.75,,,,,,,,0,https://tanteocartescollections.com/products/2025-26-panini-donruss-cartes-basketball-nba-blaster-box,2026-09-06T20:10:33+00:00,1.0
PANINI_2025-26_DONRUSS_BLASTER,WATCH,True,retail,collectorstore,trusted,2025-26 Panini Donruss Basketball Blaster Box,,24.99,,,0,38.64,29.75,,,,,,,,0,https://collectorstore.com/products/2025-26-panini-donruss-basketball-blaster-box,2026-09-06T20:10:33+00:00,1.0
PANINI_2025-26_DONRUSS_MEGA,WATCH,True,retail,rlsports,watch,2025-26 Panini Donruss Basketball Mega Box,,44.99,,,1,59.33,60.0,,,,,,,SUIVI,0,https://rlsportscards.com/products/2025-26-panini-donruss-basketball-mega-box,2026-09-06T20:10:33+00:00,1.0
PANINI_2025-26_DONRUSS_MEGA,WATCH,True,retail,cbhobby,watch,2025-26 Panini Donruss Basketball Mega Box,,60.0,,,1,74.85,60.0,,,,,,,,0,https://cbhobby.com/products/2025-26-panini-donruss-basketball-mega-box,2026-09-06T20:10:33+00:00,1.0
PANINI_2025-26_DONRUSS_MEGA,WATCH,True,retail,superior,watch,2025-26 Panini Donruss Basketball Mega Box,,75.0,,,1,90.37,60.0,,,,,,,,0,https://superiorsportsinvestments.com/products/2025-26-panini-donruss-basketball-mega-box,2026-09-06T20:10:33+00:00,1.0
PANINI_2025-26_DONRUSS_MEGA,WATCH,True,retail,collectorstore,trusted,2025-26 Panini Donruss Basketball Mega Box,,49.99,,,0,64.5,60.0,,,,,,,,0,https://collectorstore.com/products/2025-26-panini-donruss-basketball-mega-box,2026-09-06T20:10:33+00:00,1.0
PANINI_2025-26_HOOPS_HANGER,WATCH,True,retail,hiddengems,trusted,2025-26 Hoops Basketball - Hanger Box,,14.99,,,1,28.29,22.0,,,,,,,SUIVI,0,https://www.hiddengemscardshop.com/products/2025-26-hoops-basketball-hanger-box,2026-09-06T20:10:33+00:00,1.0
PANINI_2025-26_HOOPS_HANGER,WATCH,True,retail,cbhobby,watch,2025-26 Topps Hoops Basketball Hanger Box,,17.0,,,1,30.37,22.0,,,,,,,,0,https://cbhobby.com/products/2025-26-topps-hoops-basketball-hanger-box,2026-09-06T20:10:33+00:00,1.0
PANINI_2025-26_HOOPS_HANGER,WATCH,True,retail,rlsports,watch,2025-26 Topps NBA Hoops Basketball Hanger Box,,17.99,,,1,31.4,22.0,,,,,,,,0,https://rlsportscards.com/products/2025-26-topps-nba-hoops-basketball-hanger-box,2026-09-06T20:10:33+00:00,1.0
PANINI_2025-26_HOOPS_HANGER,WATCH,True,retail,rbicru7,trusted,"2025-26 Topps NBA Hoops Basketball Hanger, Box",,20.0,,,1,33.48,22.0,,,,,,,,0,https://rbicru7.com/products/2025-26-topps-nba-hoops-basketball-hanger-box,2026-09-06T20:10:33+00:00,1.0
PANINI_2025-26_HOOPS_HANGER,WATCH,True,retail,sportscardjunction,watch,2025-26 Topps Hoops Basketball Hanger Box,,20.0,,,1,33.48,22.0,,,,,,,,0,https://sportscardjunction.com/products/2025-26-topps-hoops-basketball-hanger-box,2026-09-06T20:10:33+00:00,1.0
PANINI_2025-26_HOOPS_HANGER,WATCH,True,retail,worldchampion,watch,2025/26 Topps Hoops Basketball Hanger Box,,20.0,,,1,33.48,22.0,,,,,,,,0,https://www.worldchampionsportscards.org/products/2025-26-topps-hoops-basketball-hanger-box,2026-09-06T20:10:33+00:00,1.0
PANINI_2025-26_HOOPS_HANGER,WATCH,True,retail,hallofcollect,watch,Topps NBA Hoops Hanger Box 2025/2026,,22.0,,,1,35.54,22.0,,,,,,,,0,https://hallofcollect.de/products/topps-nba-hoops-hanger-box,2026-09-06T20:10:33+00:00,1.0
PANINI_2025-26_HOOPS_HANGER,WATCH,True,retail,awesome,trusted,2025-26 Topps NBA Hoops Basketball Hanger Box,,24.75,,,1,38.39,22.0,,,,,,,,0,https://theawesomecardshop.com/products/2025-26-topps-nba-hoops-basketball-hanger-box,2026-09-06T20:10:33+00:00,1.0
PANINI_2025-26_HOOPS_HANGER,WATCH,True,retail,dennistheripper,watch,2025-26 Topps NBA Hoops Basketball Hanger Box,,24.99,,,1,38.64,22.0,,,,,,,,0,https://dennistheripper.de/products/2025-26-topps-nba-hoops-basketball-hanger-box,2026-09-06T20:10:33+00:00,1.0
PANINI_2025-26_HOOPS_HANGER,WATCH,True,retail,ehcards,trusted,2025/26 Topps NBA Hoops Basketball Hanger Box,,24.99,,,1,38.64,22.0,,,,,,,,0,https://ehcards.com/products/2025-26-topps-nba-hoops-basketball-hanger-box,2026-09-06T20:10:33+00:00,1.0
PANINI_2025-26_HOOPS_HANGER,WATCH,True,retail,fancave,watch,2025-26 Topps NBA Hoops Basketball Hanger Box,,24.99,,,1,38.64,22.0,,,,,,,,0,https://fancave.com/products/2025-26-topps-nba-hoops-basketball-hanger-box-1,2026-09-06T20:10:33+00:00,1.0
PANINI_2025-26_HOOPS_HANGER,WATCH,True,retail,dacardworldeu,watch,2025/26 Topps Hoops Basketball Hanger 2025/26 Topps Hoops Basketball Hanger Box,2025/26 Topps Hoops Basketball Hanger Box,25.0,,,1,38.65,22.0,,,,,,,,0,https://dacardworld.eu/products/2025-26-topps-hoops-basketball-hanger,2026-09-06T20:10:33+00:00,1.0
PANINI_2025-26_HOOPS_HANGER,WATCH,True,retail,superior,watch,2025-26 Topps NBA Hoops Basketball Hanger Box,,45.0,,,1,59.34,22.0,,,,,,,,0,https://superiorsportsinvestments.com/products/2025-26-topps-nba-hoops-basketball-hanger-box,2026-09-06T20:10:33+00:00,1.0
PANINI_2025-26_HOOPS_HANGER,WATCH,True,retail,columbia,trusted,2025/26 Topps Hoops Basketball Hanger Box,,15.92,,,0,29.26,22.0,,,,,,,,0,https://columbiasportscard.com/products/2025-26-topps-hoops-basketball-hanger-box,2026-09-06T20:10:33+00:00,1.0
PANINI_2025-26_HOOPS_HANGER,WATCH,True,retail,collectorstore,trusted,2025-26 Topps NBA Hoops Basketball Hanger Box,,17.99,,,0,31.4,22.0,,,,,,,,0,https://collectorstore.com/products/2025-26-topps-nba-hoops-basketball-hanger-box,2026-09-06T20:10:33+00:00,1.0
PANINI_2025-26_HOOPS_HANGER,WATCH,True,retail,deichcards,watch,Topps NBA Hoops Hanger Box 2025/26,,20.0,,,0,33.48,22.0,,,,,,,,0,https://deichcards.de/products/topps-nba-hoops-2025-26-hanger-box,2026-09-06T20:10:33+00:00,1.0
PANINI_2025-26_HOOPS_HANGER,WATCH,True,retail,bleecker,watch,2025-26 Topps Hoops Basketball Hanger Box,,25.0,,,0,38.65,22.0,,,,,,,,0,https://bleeckertrading.com/products/2025-26-topps-hoops-basketball-hanger-box,2026-09-06T20:10:33+00:00,1.0
PANINI_2025-26_HOOPS_HANGER,WATCH,True,retail,tanteo,watch,2025-26 Topps Hoops Cartes Basketball NBA Hanger Box,,29.9,,,0,43.72,22.0,,,,,,,,0,https://tanteocartescollections.com/products/2025-26-topps-hoops-cartes-basketball-nba-hanger-box,2026-09-06T20:10:33+00:00,1.0
PANINI_2025-26_HOOPS_PACK,WATCH,True,retail,boxseat,watch,2025-26 Topps NBA Hoops HOBBY PACK,,14.99,,,1,28.29,15.0,,,,,,,SUIVI,0,https://boxseatcollectibles.com/products/2025-26-topps-nba-hoops-hobby-pack,2026-09-06T20:10:33+00:00,1.0
PANINI_2025-26_HOOPS_PACK,WATCH,True,retail,rbicru7,trusted,"2025-26 Topps NBA Hoops Basketball Hobby, Pack",,15.0,,,1,28.3,15.0,,,,,,,,0,https://rbicru7.com/products/2025-26-topps-nba-hoops-basketball-hobby-pack,2026-09-06T20:10:33+00:00,1.0
PANINI_2025-26_HOOPS_PACK,WATCH,True,retail,cardiacs,trusted,2025-26 Topps NBA Hoops Basketball Hobby Pack,,20.0,,,1,33.48,15.0,,,,,,,,0,https://www.thecardiacs.com/products/2025-26-topps-nba-hoops-basketball-hobby-pack,2026-09-06T20:10:33+00:00,1.0
PANINI_2025-26_HOOPS_PACK,WATCH,True,retail,rbicru7,trusted,"2025-26 Topps NBA Hoops Basketball Jumbo, Pack",,42.0,,,1,56.23,15.0,,,,,,,,0,https://rbicru7.com/products/2025-26-topps-nba-hoops-basketball-jumbo-pack,2026-09-06T20:10:33+00:00,1.0
PANINI_2025-26_HOOPS_PACK,WATCH,True,retail,sportscardjunction,watch,2025-26 NBA Hoops Basketball Blaster Pack,,5.0,,,0,17.96,15.0,,,,,,,,0,https://sportscardjunction.com/products/2025-26-nba-hoops-basketball-blaster-pack,2026-09-06T20:10:33+00:00,1.0
PANINI_2025-26_ORIGINS_EUROLEAGUE_PACK,WATCH,False,retail,rbicru7,trusted,"2025-26 Panini Origins EuroLeague Basketball H2, Pack",,8.0,,,1,21.06,9.5,,,,,,,SUIVI,0,https://rbicru7.com/products/2025-26-panini-origins-euroleague-basketball-h2-pack,2026-09-06T20:10:33+00:00,1.0
PANINI_2025-26_ORIGINS_EUROLEAGUE_PACK,WATCH,False,retail,dacardworldeu,watch,2025/26 Panini Origins EuroLeague Basketball H2 2025/26 Panini Origins EuroLeague Basketball H2 Pack (Presell),2025/26 Panini Origins EuroLeague Basketball H2 Pack (Presell),9.5,,,0,22.61,9.5,,,,,,,,0,https://dacardworld.eu/products/2025-26-panini-origins-euroleague-basketball-h2,2026-09-06T20:10:33+00:00,1.0
PANINI_2025-26_PRIZM_BLASTER,WATCH,True,retail,stcuk,watch,2025/26 Panini Prizm Basketball Blaster Box,,25.0,,,1,38.65,35.0,,,,,,,SUIVI,0,https://sportstradingcardsuk.com/products/2025-26-panini-prizm-basketball-blaster-box,2026-09-06T20:10:33+00:00,1.0
PANINI_2025-26_PRIZM_BLASTER,WATCH,True,retail,collectorstore,trusted,2025-26 Panini Prizm Basketball Blaster Box,,29.99,,,1,43.81,35.0,,,,,,,,0,https://collectorstore.com/products/2025-26-panini-prizm-basketball-blaster-box,2026-09-06T20:10:33+00:00,1.0
PANINI_2025-26_PRIZM_BLASTER,WATCH,True,retail,rlsports,watch,2025-26 Panini Prizm Basketball Blaster Box,,29.99,,,1,43.81,35.0,,,,,,,,0,https://rlsportscards.com/products/2025-26-panini-prizm-basketball-blaster-box,2026-09-06T20:10:33+00:00,1.0
PANINI_2025-26_PRIZM_BLASTER,WATCH,True,retail,rbicru7,trusted,"2025-26 Panini Prizm Basketball Blaster, Box (Purple Wave Prizms)",,30.0,,,1,43.82,35.0,,,,,,,,0,https://rbicru7.com/products/2025-26-panini-prizm-basketball-retail-blaster-box,2026-09-06T20:10:33+00:00,1.0
PANINI_2025-26_PRIZM_BLASTER,WATCH,True,retail,dacardworldeu,watch,2025/26 Panini Prizm Basketball Blaster 2025/26 Panini Prizm Basketball Blaster Box,2025/26 Panini Prizm Basketball Blaster Box,35.0,,,1,48.99,35.0,,,,,,,,0,https://dacardworld.eu/products/2025-26-panini-prizm-basketball-blaster,2026-09-06T20:10:33+00:00,1.0
PANINI_2025-26_PRIZM_BLASTER,WATCH,True,retail,tanteo,watch,2025-26 Panini Prizm Cartes Basketball NBA Blaster Box,,41.9,,,1,56.13,35.0,,,,,,,,0,https://tanteocartescollections.com/products/2025-26-panini-prizm-cartes-basketball-nba-blaster-box,2026-09-06T20:10:33+00:00,1.0
PANINI_2025-26_PRIZM_BLASTER,WATCH,True,retail,sjay2k,watch,2025-26 Panini Prizm Basketball Trading Card Blaster,,50.0,,,1,64.51,35.0,,,,,,,,0,https://www.sjay2k.com/products/2025-26-panini-prizm-basketball-trading-card-blaster-pre-order-august-1-copy,2026-09-06T20:10:33+00:00,1.0
PANINI_2025-26_PRIZM_BLASTER,WATCH,True,retail,superior,watch,2025-26 Panini Prizm Basketball Blaster Box,,50.0,,,1,64.51,35.0,,,,,,,,0,https://superiorsportsinvestments.com/products/2025-26-panini-prizm-basketball-blaster-box,2026-09-06T20:10:33+00:00,1.0
PANINI_2025-26_PRIZM_BLASTER,WATCH,True,retail,awesome,trusted,2025-26 Panini Prizm Basketball Blaster Box,,32.75,,,0,46.66,35.0,,,,,,,,0,https://theawesomecardshop.com/products/2025-26-panini-prizm-basketball-blaster-box,2026-09-06T20:10:33+00:00,1.0
PANINI_2025-26_PRIZM_MEGA,WATCH,True,retail,hiddengems,trusted,2025-26 Panini PRIZM Basketball Mega Box,,45.0,,,1,59.34,50.0,,,,,,,SUIVI,0,https://www.hiddengemscardshop.com/products/2025-26-panini-prizm-basketball-mega-box,2026-09-06T20:10:33+00:00,1.0
PANINI_2025-26_PRIZM_MEGA,WATCH,True,retail,rlsports,watch,2025-26 Panini Prizm Basketball Mega Box,,49.99,,,1,64.5,50.0,,,,,,,,0,https://rlsportscards.com/products/2025-26-panini-prizm-basketball-mega-box,2026-09-06T20:10:33+00:00,1.0
PANINI_2025-26_PRIZM_MEGA,WATCH,True,retail,rbicru7,trusted,"2025-26 Panini Prizm Basketball Mega, Box (Red Ice Prizms)",,50.0,,,1,64.51,50.0,,,,,,,,0,https://rbicru7.com/products/2025-26-panini-prizm-basketball-mega-box,2026-09-06T20:10:33+00:00,1.0
PANINI_2025-26_PRIZM_MEGA,WATCH,True,retail,stcuk,watch,2025/26 Panini Prizm Basketball Mega Box,,50.0,,,1,64.51,50.0,,,,,,,,0,https://sportstradingcardsuk.com/products/2025-26-panini-prizm-basketball-mega-box,2026-09-06T20:10:33+00:00,1.0
PANINI_2025-26_PRIZM_MEGA,WATCH,True,retail,sjay2k,watch,2025-26 Panini Prizm Basketball Trading Card Mega Box (Red Ice Prizms),,110.0,,,1,126.57,50.0,,,,,,,,0,https://www.sjay2k.com/products/2025-26-panini-prizm-basketball-trading-card-hobby-box-pre-order-august-1-copy,2026-09-06T20:10:33+00:00,1.0
PANINI_2025-26_PRIZM_MEGA,WATCH,True,retail,collectorstore,trusted,2025-26 Panini Prizm Basketball Mega Box (Red Ice Prizms!),,49.99,,,0,64.5,50.0,,,,,,,,0,https://collectorstore.com/products/2025-26-panini-prizm-basketball-mega-box,2026-09-06T20:10:33+00:00,1.0
PANINI_2025-26_PRIZM_PACK,WATCH,True,retail,rbicru7,trusted,"2025-26 Panini Prizm Basketball Hobby, Pack",,23.0,,,1,36.58,23.0,,,,,,,SUIVI,0,https://rbicru7.com/products/2025-26-panini-prizm-basketball-hobby-pack,2026-09-06T20:10:33+00:00,1.0
PANINI_2025-26_PRIZM_PACK,WATCH,True,retail,boxseat,watch,2025-26 Panini Prizm Basketball HOBBY Pack,,39.99,,,1,54.15,23.0,,,,,,,,0,https://boxseatcollectibles.com/products/2025-26-panini-prizm-basketball-hobby-pack,2026-09-06T20:10:33+00:00,1.0
PANINI_2025-26_PRIZM_PACK,WATCH,True,retail,dacardworldeu,watch,2025/26 Panini Prizm Basketball Blaster 2025/26 Panini Prizm Basketball Blaster Pack (Presell),2025/26 Panini Prizm Basketball Blaster Pack (Presell),7.0,,,0,20.03,23.0,,,,,,,,0,https://dacardworld.eu/products/2025-26-panini-prizm-basketball-blaster,2026-09-06T20:10:33+00:00,1.0
PANINI_2025-26_SELECT_EUROLEAGUE_HOBBY_MEGA,WATCH,False,retail,collectorstore,trusted,2025-26 Panini Select Euroleague Basketball Hobby Mega Box,,24.99,,,1,38.64,45.0,,,,,,,SUIVI,0,https://collectorstore.com/products/2025-26-panini-select-euroleague-basketball-hobby-mega-box,2026-09-06T20:10:33+00:00,1.0
PANINI_2025-26_SELECT_EUROLEAGUE_HOBBY_MEGA,WATCH,False,retail,rlsports,watch,2025-26 Panini Select EuroLeague Basketball Hobby Mega Box,,24.99,,,1,38.64,45.0,,,,,,,,0,https://rlsportscards.com/products/2025-26-panini-select-euroleague-basketball-hobby-mega-box,2026-09-06T20:10:33+00:00,1.0
PANINI_2025-26_SELECT_EUROLEAGUE_HOBBY_MEGA,WATCH,False,retail,dacardworldeu,watch,2025/26 Panini Select EuroLeague Basketball Mega Hobby 2025/26 Panini Select EuroLeague Basketball Mega Hobby Box,2025/26 Panini Select EuroLeague Basketball Mega Hobby Box,40.0,,,1,54.16,45.0,,,,,,,,0,https://dacardworld.eu/products/2025-26-panini-select-euroleague-basketball-mega-hobby,2026-09-06T20:10:33+00:00,1.0
PANINI_2025-26_SELECT_EUROLEAGUE_HOBBY_MEGA,WATCH,False,retail,rbicru7,trusted,"2025-26 Panini Select EuroLeague Basketball Hobby Mega, Box",,45.0,,,1,59.34,45.0,,,,,,,,0,https://rbicru7.com/products/2025-26-panini-select-euroleague-basketball-hobby-mega-box,2026-09-06T20:10:33+00:00,1.0
PANINI_2025-26_SELECT_EUROLEAGUE_HOBBY_MEGA,WATCH,False,retail,awesome,trusted,2025-26 Panini Select EuroLeague Basketball Hobby Mega Box,,45.75,,,1,60.11,45.0,,,,,,,,0,https://theawesomecardshop.com/products/2025-26-panini-select-euroleague-basketball-hobby-mega-box,2026-09-06T20:10:33+00:00,1.0
PANINI_2025-26_SELECT_EUROLEAGUE_PACK,WATCH,False,retail,rbicru7,trusted,"2025-26 Panini Select EuroLeague Basketball Hobby, Pack",,22.0,,,1,35.54,22.0,,,,,,,SUIVI,0,https://rbicru7.com/products/2025-26-panini-select-euroleague-basketball-hobby-pack,2026-09-06T20:10:33+00:00,1.0
PANINI_2025-26_SELECT_EUROLEAGUE_PACK,WATCH,False,retail,dacardworldeu,watch,2025/26 Panini Select EuroLeague Basketball Mega Hobby 2025/26 Panini Select EuroLeague Basketball Mega Hobby Pack (Presell),2025/26 Panini Select EuroLeague Basketball Mega Hobby Pack (Presell),5.5,,,0,18.48,22.0,,,,,,,,0,https://dacardworld.eu/products/2025-26-panini-select-euroleague-basketball-mega-hobby,2026-09-06T20:10:33+00:00,1.0
PANINI_2025-26_SELECT_EUROLEAGUE_PACK,WATCH,False,retail,dacardworldeu,watch,2025/26 Panini Select EuroLeague Basketball Hobby 2025/26 Panini Select EuroLeague Basketball Hobby Pack (Presell),2025/26 Panini Select EuroLeague Basketball Hobby Pack (Presell),24.0,,,0,37.61,22.0,,,,,,,,0,https://dacardworld.eu/products/2025-26-panini-select-euroleague-basketball-hobby,2026-09-06T20:10:33+00:00,1.0
TOPPS_2024-25_TOPPS_CHROME_MEGA,WATCH,True,retail,cardiacs,trusted,2024-25 Topps Chrome Basketball Mega Box,,39.95,,,1,54.11,39.99,,,,,,,SUIVI,0,https://www.thecardiacs.com/products/2024-25-topps-chrome-basketball-mega-box,2026-09-06T20:10:33+00:00,1.0
TOPPS_2024-25_TOPPS_CHROME_MEGA,WATCH,True,retail,sportscardjunction,watch,2024-25 Topps Chrome Basketball Mega Box,,40.0,,,1,54.16,39.99,,,,,,,,0,https://sportscardjunction.com/products/2024-25-topps-chrome-basketball-mega-box,2026-09-06T20:10:33+00:00,1.0
TOPPS_2024-25_TOPPS_CHROME_MEGA,WATCH,True,retail,rbicru7,trusted,"2024-25 Topps Chrome Basketball Mega, Box",,45.0,,,1,59.34,39.99,,,,,,,,0,https://rbicru7.com/products/2024-25-topps-chrome-basketball-mega-box,2026-09-06T20:10:33+00:00,1.0
TOPPS_2024-25_TOPPS_CHROME_MEGA,WATCH,True,retail,monmouth,watch,2024-25 Topps Chrome Basketball Mega Box,,37.99,,,0,52.08,39.99,,,,,,,,0,https://monmouthcards.com/products/2024-25-topps-chrome-basketball-mega-box,2026-09-06T20:10:33+00:00,1.0
TOPPS_2024-25_TOPPS_CHROME_MEGA,WATCH,True,retail,awesome,trusted,2024-25 Topps Chrome Basketball Mega Box,,39.75,,,0,53.91,39.99,,,,,,,,0,https://theawesomecardshop.com/products/2024-25-topps-chrome-basketball-mega-box,2026-09-06T20:10:33+00:00,1.0
TOPPS_2024-25_TOPPS_CHROME_MEGA,WATCH,True,retail,sportcards,watch,2024/25 Topps Chrome Basketball Mega Box,,39.95,,,0,54.11,39.99,,,,,,,,0,https://sportcards.com/products/2024-25-topps-chrome-basketball-mega-box-1,2026-09-06T20:10:33+00:00,1.0
TOPPS_2024-25_TOPPS_CHROME_MEGA,WATCH,True,retail,boxseat,watch,2024-25 Topps Chrome Basketball Mega BOX,,39.99,,,0,54.15,39.99,,,,,,,,0,https://boxseatcollectibles.com/products/2024-25-topps-chrome-basketball-mega-box,2026-09-06T20:10:33+00:00,1.0
TOPPS_2024-25_TOPPS_CHROME_MEGA,WATCH,True,retail,mafiosicards_shop,watch,2024-25 Topps Chrome Basketball - Mega Box,,42.9,,,0,57.16,39.99,,,,,,,,0,https://mafiosicards.com/products/2024-25-topps-chrome-basketball-mega-box,2026-09-06T20:10:33+00:00,1.0
TOPPS_2024-25_TOPPS_CHROME_MEGA,WATCH,True,retail,hiddengems,trusted,2024-25 Topps Chrome Basketball Mega Box,,50.0,,,0,64.51,39.99,,,,,,,,0,https://www.hiddengemscardshop.com/products/2024-25-topps-chrome-basketball-mega-box,2026-09-06T20:10:33+00:00,1.0
TOPPS_2024-25_TOPPS_CHROME_MEGA,WATCH,True,retail,bleecker,watch,2024-25 Topps Chrome Basketball Mega Box,,55.0,,,0,69.68,39.99,,,,,,,,0,https://bleeckertrading.com/products/2024-25-topps-chrome-basketball-mega-box,2026-09-06T20:10:33+00:00,1.0
TOPPS_2024-25_TOPPS_CHROME_MEGA,WATCH,True,retail,worldchampion,watch,2024/25 Topps Chrome Basketball - Mega Box,,55.0,,,0,69.68,39.99,,,,,,,,0,https://www.worldchampionsportscards.org/products/2024-25-topps-chrome-basketball-mega-box,2026-09-06T20:10:33+00:00,1.0
TOPPS_2025-26_BOWMAN_HANGER,WATCH,True,retail,collectorstore,trusted,2025-26 Bowman Basketball Hanger Box,,29.99,,,1,43.81,30.0,,,,,,,SUIVI,0,https://collectorstore.com/products/202526-bowman-basketball-hanger-fgc008207,2026-09-06T20:10:33+00:00,1.0
TOPPS_2025-26_BOWMAN_HANGER,WATCH,True,retail,bleecker,watch,2025-26 Bowman Basketball Hanger Box,,30.0,,,1,43.82,30.0,,,,,,,,0,https://bleeckertrading.com/products/025-26-bowman-basketball-hanger-box,2026-09-06T20:10:33+00:00,1.0
TOPPS_2025-26_BOWMAN_HANGER,WATCH,True,retail,rbicru7,trusted,"2025-26 Bowman Basketball Hanger, Box",,30.0,,,1,43.82,30.0,,,,,,,,0,https://rbicru7.com/products/2025-26-bowman-basketball-hanger-box,2026-09-06T20:10:33+00:00,1.0
TOPPS_2025-26_BOWMAN_HANGER,WATCH,True,retail,sportscardjunction,watch,2025-26 Topps Bowman Basketball Hanger Box,,30.0,,,1,43.82,30.0,,,,,,,,0,https://sportscardjunction.com/products/2025-26-topps-bowman-basketball-hanger-box,2026-09-06T20:10:33+00:00,1.0
TOPPS_2025-26_BOWMAN_HANGER,WATCH,True,retail,boxseat,watch,2025-26 Bowman Basketball HANGER BOX,,49.99,,,1,64.5,30.0,,,,,,,,0,https://boxseatcollectibles.com/products/2025-26-bowman-basketball-hanger-box,2026-09-06T20:10:33+00:00,1.0
TOPPS_2025-26_BOWMAN_HANGER,WATCH,True,retail,rlsports,watch,2025-26 Bowman Basketball Hanger Box,,14.99,,,0,28.29,30.0,,,,,,,,0,https://rlsportscards.com/products/2025-26-bowman-basketball-hanger-box,2026-09-06T20:10:33+00:00,1.0
TOPPS_2025-26_BOWMAN_HANGER,WATCH,True,retail,hiddengems,trusted,2025-26 Bowman Basketball Hanger Box,,18.0,,,0,31.41,30.0,,,,,,,,0,https://www.hiddengemscardshop.com/products/2025-26-bowman-basketball-hanger-box,2026-09-06T20:10:33+00:00,1.0
TOPPS_2025-26_BOWMAN_HANGER,WATCH,True,retail,columbia,trusted,2025/26 Bowman Basketball Hanger Box,,24.99,,,0,38.64,30.0,,,,,,,,0,https://columbiasportscard.com/products/2025-26-bowman-basketball-hanger-box,2026-09-06T20:10:33+00:00,1.0
TOPPS_2025-26_BOWMAN_HANGER,WATCH,True,retail,worldchampion,watch,2025/26 Bowman Basketball Hanger Box,,35.0,,,0,48.99,30.0,,,,,,,,0,https://www.worldchampionsportscards.org/products/2025-26-bowman-basketball-hanger-box,2026-09-06T20:10:33+00:00,1.0
TOPPS_2025-26_BOWMAN_HANGER,WATCH,True,retail,awesome,trusted,2025-26 Bowman Basketball Hanger Box,,49.75,,,0,64.25,30.0,,,,,,,,0,https://theawesomecardshop.com/products/2025-26-bowman-basketball-hanger-box,2026-09-06T20:10:33+00:00,1.0
TOPPS_2025-26_BOWMAN_PACK,WATCH,True,retail,boxseat,watch,2025-26 Bowman Basketball BLASTER PACK,,11.99,,,1,25.19,27.0,,,,,,,SUIVI,0,https://boxseatcollectibles.com/products/2025-26-bowman-basketball-blaster-pack,2026-09-06T20:10:33+00:00,1.0
TOPPS_2025-26_BOWMAN_PACK,WATCH,True,retail,superior,watch,2025-26 Bowman Basketball 10-Card Pack,,16.0,,,1,29.34,27.0,,,,,,,,0,https://superiorsportsinvestments.com/products/2025-26-bowman-basketball-10-card-pack,2026-09-06T20:10:33+00:00,1.0
TOPPS_2025-26_BOWMAN_PACK,WATCH,True,retail,rbicru7,trusted,"2025-26 Bowman Basketball Hobby, Pack",,27.0,,,1,40.72,27.0,,,,,,,,0,https://rbicru7.com/products/2025-26-bowman-basketball-hobby-pack,2026-09-06T20:10:33+00:00,1.0
TOPPS_2025-26_BOWMAN_PACK,WATCH,True,retail,rbicru7,trusted,"2025-26 Bowman Basketball Jumbo, Pack",,72.0,,,1,87.26,27.0,,,,,,,,0,https://rbicru7.com/products/2025-26-bowman-basketball-jumbo-pack,2026-09-06T20:10:33+00:00,1.0
TOPPS_2025-26_BOWMAN_PACK,WATCH,True,retail,boxseat,watch,2025-26 Bowman Basketball JUMBO PACK,,119.99,,,1,136.91,27.0,,,,,,,,0,https://boxseatcollectibles.com/products/2025-26-bowman-basketball-jumbo-pack,2026-09-06T20:10:33+00:00,1.0
TOPPS_2025-26_BOWMAN_PACK,WATCH,True,retail,sportscardjunction,watch,2025-26 Bowman Basketball Blaster Pack,,8.0,,,0,21.06,27.0,,,,,,,,0,https://sportscardjunction.com/products/2025-26-bowman-basketball-blaster-pack,2026-09-06T20:10:33+00:00,1.0
TOPPS_2025-26_BOWMAN_PACK,WATCH,True,retail,boxseat,watch,2025-26 Bowman Basketball HOBBY PACK,,33.99,,,0,47.95,27.0,,,,,,,,0,https://boxseatcollectibles.com/products/2025-26-bowman-basketball-hobby-pack,2026-09-06T20:10:33+00:00,1.0
TOPPS_2025-26_BOWMAN_VALUE_BOX,WATCH,True,retail,boxseat,watch,2025-26 Bowman Basketball - Factory Sealed - Value Box,,64.99,,,1,80.01,35.0,,,,,,,SUIVI,0,https://boxseatcollectibles.com/products/2025-26-bowman-basketball-factory-sealed-value-box,2026-09-06T20:10:33+00:00,1.0
TOPPS_2025-26_BOWMAN_VALUE_BOX,WATCH,True,retail,rlsports,watch,2025-26 Bowman Basketball Value Box,,34.99,,,0,48.98,35.0,,,,,,,,0,https://rlsportscards.com/products/2025-26-bowman-basketball-value-box,2026-09-06T20:10:33+00:00,1.0
TOPPS_2025-26_BOWMAN_VALUE_BOX,WATCH,True,retail,hiddengems,trusted,2025/26 Bowman Basketball Value Box,,35.0,,,0,48.99,35.0,,,,,,,,0,https://www.hiddengemscardshop.com/products/2025-26-bowman-value-box-presell,2026-09-06T20:10:33+00:00,1.0
TOPPS_2025-26_COSMIC_CHROME_PACK,WATCH,True,retail,rbicru7,trusted,"2025-26 Topps Cosmic Chrome Basketball Hobby, Pack",,57.0,,,1,71.75,61.0,,,,,,,SUIVI,0,https://rbicru7.com/products/2025-26-topps-cosmic-chrome-basketball-hobby-pack,2026-09-06T20:10:33+00:00,1.0
TOPPS_2025-26_COSMIC_CHROME_PACK,WATCH,True,retail,dacardworldeu,watch,2025/26 Topps Cosmic Chrome Basketball Hobby 2025/26 Topps Cosmic Chrome Basketball Hobby Pack,2025/26 Topps Cosmic Chrome Basketball Hobby Pack,61.0,,,0,75.89,61.0,,,,,,,,0,https://dacardworld.eu/products/2025-26-topps-cosmic-chrome-basketball-hobby,2026-09-06T20:10:33+00:00,1.0
TOPPS_2025-26_SIGNATURE_CLASS_MEGA,WATCH,True,retail,sportscardjunction,watch,2025-26 Topps Signature Class Basketball Mega Box,,80.0,,,1,95.54,90.0,,,,,,,SUIVI,0,https://sportscardjunction.com/products/2025-26-topps-signature-class-basketball-mega-box,2026-09-06T20:10:33+00:00,1.0
TOPPS_2025-26_SIGNATURE_CLASS_MEGA,WATCH,True,retail,rbicru7,trusted,"2025-26 Topps Signature Class Basketball Mega, Box",,90.0,,,1,105.88,90.0,,,,,,,,0,https://rbicru7.com/products/2025-26-topps-signature-class-basketball-mega-box,2026-09-06T20:10:33+00:00,1.0
TOPPS_2025-26_SIGNATURE_CLASS_MEGA,WATCH,True,retail,collectorstore,trusted,2025-26 Topps Signature Class Basketball Mega Box,,99.99,,,1,116.22,90.0,,,,,,,,0,https://collectorstore.com/products/2025-26-topps-signature-class-basketball-mega-box,2026-09-06T20:10:33+00:00,1.0
TOPPS_2025-26_SIGNATURE_CLASS_MEGA,WATCH,True,retail,dacardworldeu,watch,2025/26 Topps Signature Class Basketball Mega 2025/26 Topps Signature Class Basketball Mega Box,2025/26 Topps Signature Class Basketball Mega Box,130.0,,,1,147.26,90.0,,,,,,,,0,https://dacardworld.eu/products/2025-26-topps-signature-class-basketball-mega,2026-09-06T20:10:33+00:00,1.0
TOPPS_2025-26_SIGNATURE_CLASS_MEGA,WATCH,True,retail,superior,watch,2025-26 Topps Signature Class Basketball Mega Box,,160.0,,,1,178.29,90.0,,,,,,,,0,https://superiorsportsinvestments.com/products/2025-26-topps-signature-class-basketball-mega-box,2026-09-06T20:10:33+00:00,1.0
TOPPS_2025-26_SIGNATURE_CLASS_MEGA,WATCH,True,retail,awesome,trusted,2025-26 Topps Signature Class Basketball Mega Box,,0.0,,,0,12.79,90.0,,,,,,,,0,https://theawesomecardshop.com/products/2025-26-topps-signature-class-basketball-mega-box,2026-09-06T20:10:33+00:00,1.0
TOPPS_2025-26_SIGNATURE_CLASS_MEGA,WATCH,True,retail,cardiacs,trusted,2025-26 Topps Signature Class Basketball Mega Box,,64.95,,,0,79.97,90.0,,,,,,,,0,https://www.thecardiacs.com/products/2025-26-topps-signature-class-basketball-mega-box,2026-09-06T20:10:33+00:00,1.0
TOPPS_2025-26_SIGNATURE_CLASS_MEGA,WATCH,True,retail,rlsports,watch,2025-26 Topps Signature Class Basketball Mega Box,,64.99,,,0,80.01,90.0,,,,,,,,0,https://rlsportscards.com/products/2025-26-topps-signature-class-basketball-mega-box,2026-09-06T20:10:33+00:00,1.0
TOPPS_2025-26_SIGNATURE_CLASS_MEGA,WATCH,True,retail,columbia,trusted,2025/26 Topps Signature Class Basketball Mega Box,,68.99,,,0,84.15,90.0,,,,,,,,0,https://columbiasportscard.com/products/2025-26-topps-signature-class-basketball-mega-box,2026-09-06T20:10:33+00:00,1.0
TOPPS_2025-26_SIGNATURE_CLASS_MEGA,WATCH,True,retail,deichcards,watch,Topps Signature Class NBA Mega Box 2025/2026,,70.0,,,0,85.2,90.0,,,,,,,,0,https://deichcards.de/products/topps-signature-class-nba-mega-box-2025-2026,2026-09-06T20:10:33+00:00,1.0
TOPPS_2025-26_SIGNATURE_CLASS_MEGA,WATCH,True,retail,mafiosicards_shop,watch,2025-26 Topps Signature Class Basketball Mega Box,,79.0,,,0,94.51,90.0,,,,,,,,0,https://mafiosicards.com/products/2025-26-topps-signature-class-basketball-mega-box,2026-09-06T20:10:33+00:00,1.0
TOPPS_2025-26_SIGNATURE_CLASS_MEGA,WATCH,True,retail,worldchampion,watch,2025/26 Topps Signature Class Basketball Mega Box (Presell),,80.0,,,0,95.54,90.0,,,,,,,,0,https://www.worldchampionsportscards.org/products/2025-26-topps-signature-class-basketball-mega-box-presell,2026-09-06T20:10:33+00:00,1.0
TOPPS_2025-26_SIGNATURE_CLASS_MEGA,WATCH,True,retail,bleecker,watch,2025-26 Topps Signature Class Basketball Mega Box,,88.0,,,0,103.81,90.0,,,,,,,,0,https://bleeckertrading.com/products/2025-26-topps-signature-class-basketball-mega-box-presale,2026-09-06T20:10:33+00:00,1.0
TOPPS_2025-26_SIGNATURE_CLASS_MEGA,WATCH,True,retail,hiddengems,trusted,2025-26 Topps Signature Class Basketball Mega Box,,90.0,,,0,105.88,90.0,,,,,,,,0,https://www.hiddengemscardshop.com/products/2025-26-topps-signature-class-basketball-mega-box,2026-09-06T20:10:33+00:00,1.0
TOPPS_2025-26_SIGNATURE_CLASS_MEGA,WATCH,True,retail,monmouth,watch,2025-26 Topps Signature Class Basketball Mega Box,,94.99,,,0,111.05,90.0,,,,,,,,0,https://monmouthcards.com/products/2025-26-topps-signature-class-basketball-mega-box,2026-09-06T20:10:33+00:00,1.0
TOPPS_2025-26_SIGNATURE_CLASS_PACK,WATCH,True,retail,boxseat,watch,2025-26 Topps Signature Class Basketball BLASTER PACK,,6.99,,,1,20.02,21.0,,,,,,,SUIVI,0,https://boxseatcollectibles.com/products/2025-26-topps-signature-class-basketball-blaster-pack,2026-09-06T20:10:33+00:00,1.0
TOPPS_2025-26_SIGNATURE_CLASS_PACK,WATCH,True,retail,tanteo,watch,2025-26 Topps Signature class Cartes Basketball NBA Blaster Pack,,9.9,,,1,23.03,21.0,,,,,,,,0,https://tanteocartescollections.com/products/2025-26-topps-signature-class-cartes-basketball-nba-blaster-pack,2026-09-06T20:10:33+00:00,1.0
TOPPS_2025-26_SIGNATURE_CLASS_PACK,WATCH,True,retail,superior,watch,2025-26 Topps Signature Class Basketball 7-Card Pack,,21.0,,,1,34.51,21.0,,,,,,,,0,https://superiorsportsinvestments.com/products/2025-26-topps-signature-class-basketball-7-card-pack,2026-09-06T20:10:33+00:00,1.0
TOPPS_2025-26_SIGNATURE_CLASS_PACK,WATCH,True,retail,rbicru7,trusted,"2025-26 Topps Signature Class Basketball Hobby, Pack",,57.0,,,1,71.75,21.0,,,,,,,,0,https://rbicru7.com/products/2025-26-topps-signature-class-basketball-hobby-pack,2026-09-06T20:10:33+00:00,1.0
TOPPS_2025-26_TOPPS_CHROME_PACK,WATCH,True,retail,rbicru7,trusted,"2025-26 Topps Chrome Basketball Hobby, Pack",,60.0,,,1,74.85,69.99,,,,,,,SUIVI,0,https://rbicru7.com/products/2025-26-topps-chrome-basketball-hobby-pack,2026-09-06T20:10:33+00:00,1.0
TOPPS_2025-26_TOPPS_CHROME_PACK,WATCH,True,retail,dacardworldeu,watch,2025/26 Topps Chrome Basketball Hobby 2025/26 Topps Chrome Basketball Hobby Pack,2025/26 Topps Chrome Basketball Hobby Pack,66.0,,,0,81.06,69.99,,,,,,,,0,https://dacardworld.eu/products/2025-26-topps-chrome-basketball-hobby,2026-09-06T20:10:33+00:00,1.0
TOPPS_2025-26_TOPPS_CHROME_PACK,WATCH,True,retail,dacardworldeu,watch,2025/26 Topps Chrome Basketball Hobby Jumbo 2025/26 Topps Chrome Basketball Hobby Jumbo Pack,2025/26 Topps Chrome Basketball Hobby Jumbo Pack,270.0,,,0,292.08,69.99,,,,,,,,0,https://dacardworld.eu/products/2025-26-topps-chrome-basketball-hobby-jumbo,2026-09-06T20:10:33+00:00,1.0
TOPPS_2025-26_TOPPS_CHROME_VALUE_BOX,WATCH,True,retail,rlsports,watch,2025-26 Topps Chrome Basketball Value Box,,79.0,,,1,94.51,60.0,,,,,,,SUIVI,0,https://rlsportscards.com/products/2025-26-topps-chrome-basketball-value-box,2026-09-06T20:10:33+00:00,1.0
TOPPS_2025-26_TOPPS_CHROME_VALUE_BOX,WATCH,True,retail,qscards,watch,2025-26 Topps Chrome Basketball Value Box,,99.0,,,1,115.19,60.0,,,,,,,,0,https://qscards.com/products/2025-26-topps-chrome-basketball-value-box,2026-09-06T20:10:33+00:00,1.0
TOPPS_2025-26_TOPPS_CHROME_VALUE_BOX,WATCH,True,retail,hikaru_shop,watch,2025-26 Topps Chrome NBA Basketball - Value Box,,50.0,,,0,64.51,60.0,,,,,,,,0,https://hikarudistribution.com/products/2025-26-topps-chrome-nba-basketball-value-box,2026-09-06T20:10:33+00:00,1.0
TOPPS_2025-26_TOPPS_CHROME_VALUE_BOX,WATCH,True,retail,dioib,watch,2025-26 Topps Chrome Basketball Value Box,,52.0,,,0,66.58,60.0,,,,,,,,0,https://dioib.fr/products/topps-2025-26-chrome-basketball-value-box,2026-09-06T20:10:33+00:00,1.0
TOPPS_2025-26_TOPPS_CHROME_VALUE_BOX,WATCH,True,retail,worldchampion,watch,2025/26 Topps Chrome Basketball Value Box,,60.0,,,0,74.85,60.0,,,,,,,,0,https://www.worldchampionsportscards.org/products/2025-topps-chrome-basketball-value-box-presell,2026-09-06T20:10:33+00:00,1.0
TOPPS_2025-26_TOPPS_CHROME_VALUE_BOX,WATCH,True,retail,hiddengems,trusted,2025-26 Topps Chrome® Basketball - Value Box,,99.0,,,0,115.19,60.0,,,,,,,,0,https://www.hiddengemscardshop.com/products/2025-26-topps-chrome®-basketball-value-box,2026-09-06T20:10:33+00:00,1.0
PANINI_2023-24_COURT_KINGS_HOBBY,ACTIVE,True,hobby,sportscardjunction,watch,2023-24 Panini Court Kings Basketball Hobby Box,,200.0,,,0,219.67,,,,,250.0,300.0,,,0,https://sportscardjunction.com/products/2023-24-panini-court-kings-basketball-hobby-box,2026-09-06T20:10:33+00:00,1.0
PANINI_2023-24_COURT_KINGS_HOBBY,ACTIVE,True,hobby,rlsports,watch,2023-24 Panini Court Kings Basketball Hobby Box,,219.95,,,0,240.3,,,,,250.0,300.0,,,0,https://rlsportscards.com/products/2023-24-panini-court-kings-basketball-hobby-box,2026-09-06T20:10:33+00:00,1.0
PANINI_2023-24_COURT_KINGS_HOBBY,ACTIVE,True,hobby,bleecker,watch,2023-24 Panini Court Kings Basketball Hobby Box,,235.0,,,0,255.87,,,,,250.0,300.0,,,0,https://bleeckertrading.com/products/2023-2024-panini-court-kings-basketball-hobby-box,2026-09-06T20:10:33+00:00,1.0
PANINI_2023-24_COURT_KINGS_HOBBY,ACTIVE,True,hobby,worldchampion,watch,2023-24 Panini Court Kings Basketball Hobby Box,,250.0,,,0,271.39,,,,,250.0,300.0,,,0,https://www.worldchampionsportscards.org/products/2023-24-panini-court-kings-basketball-hobby-box,2026-09-06T20:10:33+00:00,1.0
PANINI_2023-24_COURT_KINGS_HOBBY,ACTIVE,True,hobby,awesome,trusted,2023-24 Panini Court Kings Basketball Hobby Box,,680.75,,,0,716.96,,,,,250.0,300.0,,,0,https://theawesomecardshop.com/products/2023panini-court-kings-basketball-hobby-boxsportscards,2026-09-06T20:10:33+00:00,1.0
PANINI_2023-24_REVOLUTION_HOBBY,ACTIVE,True,hobby,sportscardjunction,watch,2023-24 Panini Revolution Basketball Hobby Box,,140.0,,,0,157.6,399.95,,,,275.0,320.0,,,0,https://sportscardjunction.com/products/2023-24-panini-revolution-basketball-hobby-box,2026-09-06T20:10:33+00:00,1.0
PANINI_2023-24_REVOLUTION_HOBBY,ACTIVE,True,hobby,rlsports,watch,2023-24 Panini Revolution Basketball Hobby Box,,149.95,,,0,167.9,399.95,,,,275.0,320.0,,,0,https://rlsportscards.com/products/2023-24-panini-revolution-basketball-hobby-box,2026-09-06T20:10:33+00:00,1.0
PANINI_2023-24_REVOLUTION_HOBBY,ACTIVE,True,hobby,awesome,trusted,2023-24 Panini Revolution Basketball Hobby Box,,159.75,,,0,178.03,399.95,,,,275.0,320.0,,,0,https://theawesomecardshop.com/products/2023-24-panini-revolution-basketball-hobby-box-2,2026-09-06T20:10:33+00:00,1.0
PANINI_2023-24_REVOLUTION_HOBBY,ACTIVE,True,hobby,worldchampion,watch,2023-24 Panini Revolution Basketball Hobby Box,,175.0,,,0,193.81,399.95,,,,275.0,320.0,,,0,https://www.worldchampionsportscards.org/products/2023-24-panini-revolution-basketball-hobby-box,2026-09-06T20:10:33+00:00,1.0
PANINI_2023-24_REVOLUTION_HOBBY,ACTIVE,True,hobby,monmouth,watch,2023-24 Panini Revolution Basketball Hobby Box,,199.99,,,0,219.66,399.95,,,,275.0,320.0,,,0,https://monmouthcards.com/products/2023-24-panini-revolutions-basketball-hobby-box,2026-09-06T20:10:33+00:00,1.0
PANINI_2023-24_OPTIC_HOBBY,ACTIVE,True,hobby,rlsports,watch,2023-24 Panini Donruss Optic Basketball Hobby Box,,459.99,,,0,488.6,,,,,250.0,300.0,,,0,https://rlsportscards.com/products/2023-24-panini-donruss-optic-basketball-hobby-box,2026-09-06T20:10:33+00:00,1.0
PANINI_2023-24_OPTIC_HOBBY,ACTIVE,True,hobby,awesome,trusted,2023-24 Panini Donruss Optic Basketball Hobby Box,,464.75,,,0,493.53,,,,,250.0,300.0,,,0,https://theawesomecardshop.com/products/2023-24-panini-donruss-optic-basketball-hobby-box,2026-09-06T20:10:33+00:00,1.0
PANINI_2023-24_OPTIC_HOBBY,ACTIVE,True,hobby,monmouth,watch,2023-24 Panini Donruss Optic Basketball Hobby Box,,499.99,,,0,529.98,,,,,250.0,300.0,,,0,https://monmouthcards.com/products/2023-24-panini-donruss-optic-basketball-hobby-box,2026-09-06T20:10:33+00:00,1.0
PANINI_2023-24_OPTIC_HOBBY,ACTIVE,True,hobby,sportscardjunction,watch,2023-24 Panini Donruss Optic Basketball Hobby Box,,500.0,,,0,529.99,,,,,250.0,300.0,,,0,https://sportscardjunction.com/products/2023-24-panini-donruss-optic-basketball-hobby-box,2026-09-06T20:10:33+00:00,1.0
PANINI_2023-24_OPTIC_HOBBY,ACTIVE,True,hobby,worldchampion,watch,2023-24 Panini Donruss Optic Basketball Hobby Box,,550.0,,,0,581.71,,,,,250.0,300.0,,,0,https://www.worldchampionsportscards.org/products/2023-24-panini-donruss-optic-basketball-hobby-box,2026-09-06T20:10:33+00:00,1.0
PANINI_2023-24_OPTIC_HOBBY,ACTIVE,True,hobby,bleecker,watch,2023-24 Panini Donruss Optic Basketball Hobby Box,,700.0,,,0,736.87,,,,,250.0,300.0,,,0,https://bleeckertrading.com/products/2023-24-panini-donruss-optic-basketball-hobby-sealed-box,2026-09-06T20:10:33+00:00,1.0
PANINI_2023-24_SELECT_HOBBY,ACTIVE,True,hobby,awesome,trusted,2023-24 Panini Select Basketball Hobby Box,,534.0,,,0,565.16,,,,,300.0,350.0,,,0,https://theawesomecardshop.com/products/2023-24-panini-select-basketball-hobby-box,2026-09-06T20:10:33+00:00,1.0
PANINI_2023-24_SELECT_HOBBY,ACTIVE,True,hobby,rlsports,watch,2023-24 Panini Select Basketball Hobby Box,,564.99,,,0,597.21,,,,,300.0,350.0,,,0,https://rlsportscards.com/products/2023-24-panini-select-basketball-hobby-box,2026-09-06T20:10:33+00:00,1.0
PANINI_2023-24_SELECT_HOBBY,ACTIVE,True,hobby,sportscardjunction,watch,2023-24 Panini Select Basketball Hobby Box,,565.0,,,0,597.22,,,,,300.0,350.0,,,0,https://sportscardjunction.com/products/pre-order-2023-24-panini-select-basketball-hobby-box,2026-09-06T20:10:33+00:00,1.0
PANINI_2023-24_SELECT_HOBBY,ACTIVE,True,hobby,worldchampion,watch,2023-24 Panini Select Basketball Hobby Box,,675.0,,,0,711.01,,,,,300.0,350.0,,,0,https://www.worldchampionsportscards.org/products/2023-24-panini-select-basketball-hobby-box,2026-09-06T20:10:33+00:00,1.0
PANINI_2023-24_SELECT_HOBBY,ACTIVE,True,hobby,deichcards,watch,Panini Select Basketball Hobby Box 2023/24,,689.0,,,0,725.49,,,,,300.0,350.0,,,0,https://deichcards.de/products/panini-select-basketball-hobby-box-2023-24,2026-09-06T20:10:33+00:00,1.0
PANINI_2023-24_SELECT_HOBBY,ACTIVE,True,hobby,bleecker,watch,2023-24 Panini Select Basketball Hobby Box,,850.0,,,0,892.03,,,,,300.0,350.0,,,0,https://bleeckertrading.com/products/2023-24-select-basketball-hobby-box,2026-09-06T20:10:33+00:00,1.0
PANINI_2023-24_PRIZM_HOBBY,ACTIVE,True,hobby,sportscardjunction,watch,2023-24 Panini Prizm NBA Basketball Hobby Box,,950.0,,,0,995.47,,,,,900.0,1000.0,,,0,https://sportscardjunction.com/products/pre-order-2023-24-panini-prizm-nba-basketball-hobby-box-releases-2-21-24,2026-09-06T20:10:33+00:00,1.0
PANINI_2023-24_PRIZM_HOBBY,ACTIVE,True,hobby,awesome,trusted,2023-24 Panini Prizm Basketball Hobby Box,,1275.0,,,0,1331.65,,,,,900.0,1000.0,,,0,https://theawesomecardshop.com/products/2023-24-panini-prizm-basketball-hobby-box-2,2026-09-06T20:10:33+00:00,1.0
PANINI_2023-24_PRIZM_HOBBY,ACTIVE,True,hobby,worldchampion,watch,2023-24 Panini Prizm Basketball Hobby Box,,1400.0,,,0,1460.95,,,,,900.0,1000.0,,,0,https://www.worldchampionsportscards.org/products/2023-24-panini-prizm-basketball-hobby-box,2026-09-06T20:10:33+00:00,1.0
PANINI_2023-24_PRIZM_HOBBY,ACTIVE,True,hobby,rlsports,watch,2023-24 Panini Prizm Basketball Hobby Box,,1449.99,,,0,1512.66,,,,,900.0,1000.0,,,0,https://rlsportscards.com/products/2023-24-panini-prizm-basketball-hobby-box,2026-09-06T20:10:33+00:00,1.0
PANINI_2023-24_PRIZM_HOBBY,ACTIVE,True,hobby,bleecker,watch,2023-24 Panini Prizm Basketball Hobby Box,,1500.0,,,0,1564.39,,,,,900.0,1000.0,,,0,https://bleeckertrading.com/products/2023-24-prizm-basketball-sealed-hobby-box,2026-09-06T20:10:33+00:00,1.0
PANINI_2023-24_CONTENDERS_HOBBY,ACTIVE,True,hobby,collectorstore,trusted,2023-24 Panini Contenders Basketball Hobby Box,,439.95,,,1,467.87,439.95,,,,350.0,400.0,,NO_GO,0,https://collectorstore.com/products/2023-24-panini-contenders-basketball-hobby-box,2026-09-06T20:10:33+00:00,1.0
PANINI_2023-24_CONTENDERS_HOBBY,ACTIVE,True,hobby,rbicru7,trusted,"2023-24 Panini Contenders Basketball Hobby, Box",,550.0,,,1,581.71,439.95,,,,350.0,400.0,,,0,https://rbicru7.com/products/2023-24-panini-contenders-basketball-hobby-box-releases-6-19,2026-09-06T20:10:33+00:00,1.0
PANINI_2023-24_CONTENDERS_HOBBY,ACTIVE,True,hobby,sportscardjunction,watch,2023-24 Panini Contenders Basketball Hobby Box,,340.0,,,0,364.48,439.95,,,,350.0,400.0,,,0,https://sportscardjunction.com/products/2023-24-panini-contenders-basketball-hobby-box,2026-09-06T20:10:33+00:00,1.0
PANINI_2023-24_CONTENDERS_HOBBY,ACTIVE,True,hobby,rlsports,watch,2023-24 Panini Contenders Basketball Hobby Box,,379.95,,,0,405.81,439.95,,,,350.0,400.0,,,0,https://rlsportscards.com/products/2023-24-panini-contenders-basketball-hobby-box,2026-09-06T20:10:33+00:00,1.0
PANINI_2023-24_CONTENDERS_HOBBY,ACTIVE,True,hobby,awesome,trusted,2023-24 Panini Contenders Basketball Hobby Box,,399.75,,,0,426.29,439.95,,,,350.0,400.0,,,0,https://theawesomecardshop.com/products/2023-24-panini-contenders-basketball-hobby-box,2026-09-06T20:10:33+00:00,1.0
PANINI_2023-24_CONTENDERS_HOBBY,ACTIVE,True,hobby,deichcards,watch,Panini Contenders Basketball NBA Hobby Box 2023/2024,,409.0,,,0,435.86,439.95,,,,350.0,400.0,,,0,https://deichcards.de/products/panini-contenders-basketball-nba-hobby-box-2023-2024,2026-09-06T20:10:33+00:00,1.0
PANINI_2023-24_CONTENDERS_HOBBY,ACTIVE,True,hobby,worldchampion,watch,2023-24 Panini Contenders Basketball Hobby Box,,425.0,,,0,452.41,439.95,,,,350.0,400.0,,,0,https://www.worldchampionsportscards.org/products/2023-24-panini-contenders-basketball-hobby-box,2026-09-06T20:10:33+00:00,1.0
PANINI_2023-24_CONTENDERS_HOBBY,ACTIVE,True,hobby,monmouth,watch,2023-24 Panini Contenders Basketball Hobby Box,,449.99,,,0,478.26,439.95,,,,350.0,400.0,,,0,https://monmouthcards.com/products/2023-24-panini-contenders-basketball-hobby-box,2026-09-06T20:10:33+00:00,1.0
PANINI_2023-24_CONTENDERS_HOBBY,ACTIVE,True,hobby,bleecker,watch,2023-24 Panini Contenders Basketball Hobby Box,,500.0,,,0,529.99,439.95,,,,350.0,400.0,,,0,https://bleeckertrading.com/products/2023-24-panini-contenders-basketball-sealed-hobby-box,2026-09-06T20:10:33+00:00,1.0
PANINI_2023-24_OPTIC_FOTL,WATCH,True,hobby,boxseat,watch,2023-24 Panini Donruss Optic Basketball 1st Off the Line Hobby Box,,899.99,,,0,943.74,949.98,,,,,,,,0,https://boxseatcollectibles.com/products/2023-24-panini-donruss-optic-basketball-1st-off-the-line-hobby-box,2026-09-06T20:10:33+00:00,1.0
PANINI_2023-24_OPTIC_CHOICE,WATCH,True,hobby,sjay2k,watch,2023-24 Panini Donruss Optic Basketball Choice Box,,600.0,,,1,633.43,244.75,,,,,,,SUIVI,0,https://www.sjay2k.com/products/2023-24-panini-donruss-optic-basketball-choice-box,2026-09-06T20:10:33+00:00,1.0
PANINI_2023-24_OPTIC_CHOICE,WATCH,True,hobby,awesome,trusted,2023-24 Panini Donruss Optic Basketball Choice Box,,244.75,,,0,265.96,244.75,,,,,,,,0,https://theawesomecardshop.com/products/2023-24-panini-donruss-optic-basketball-choice-box,2026-09-06T20:10:33+00:00,1.0
PANINI_2023-24_OPTIC_CHOICE,WATCH,True,hobby,worldchampion,watch,2023/24 Panini Donruss Optic Basketball Choice Box,,250.0,,,0,271.39,244.75,,,,,,,,0,https://www.worldchampionsportscards.org/products/2023-24-panini-donruss-optic-basketball-choice-box,2026-09-06T20:10:33+00:00,1.0
PANINI_2023-24_OPTIC_CHOICE,WATCH,True,hobby,bleecker,watch,2023-24 Donruss Optic Choice Basketball Box,,350.0,,,0,374.83,244.75,,,,,,,,0,https://bleeckertrading.com/products/2023-24-donruss-optic-choice-sealed-box,2026-09-06T20:10:33+00:00,1.0
PANINI_2023-24_OPTIC_FAST_BREAK,WATCH,True,hobby,awesome,trusted,2023-24 Panini Donruss Optic Basketball Fast Break Box,,254.75,,,0,276.3,254.75,,,,,,,,0,https://theawesomecardshop.com/products/2023-24-panini-donruss-optic-basketball-fast-break-box,2026-09-06T20:10:33+00:00,1.0
PANINI_2023-24_OPTIC_FAST_BREAK,WATCH,True,hobby,worldchampion,watch,2023/24 Panini Donruss Optic Basketball Fast Break Box,,300.0,,,0,323.11,254.75,,,,,,,,0,https://www.worldchampionsportscards.org/products/2023-24-panini-donruss-optic-basketball-fast-break-box,2026-09-06T20:10:33+00:00,1.0
PANINI_2023-24_OPTIC_FAST_BREAK,WATCH,True,hobby,bleecker,watch,2023-24 Donruss Optic Basketball Fast Break Box,,315.0,,,0,338.62,254.75,,,,,,,,0,https://bleeckertrading.com/products/2023-24-panini-donruss-optic-basketball-fast-break-sealed-box,2026-09-06T20:10:33+00:00,1.0
PANINI_2023-24_OPTIC_FAST_BREAK,WATCH,True,hobby,sportscardjunction,watch,2023-24 Panini Donruss Optic Basketball Fast BRK Box,,325.0,,,0,348.97,254.75,,,,,,,,0,https://sportscardjunction.com/products/2023-24-panini-donruss-optic-basketball-fast-brk-box,2026-09-06T20:10:33+00:00,1.0
PANINI_2023-24_PRIZM_FAST_BREAK,WATCH,True,hobby,sportscardjunction,watch,2023-24 Panini Prizm NBA Basketball Fast BRK Box,,495.0,,,0,524.82,520.0,,,,,,,,0,https://sportscardjunction.com/products/2023-24-panini-prizm-nba-basketball-fast-brk-box,2026-09-06T20:10:33+00:00,1.0
PANINI_2023-24_PRIZM_FAST_BREAK,WATCH,True,hobby,e5sports,watch,2023-24 Panini Prizm NBA Fast Break Hobby Box,,500.0,,,0,529.99,520.0,,,,,,,,0,https://e5sports.com/products/2023-24-panini-prizm-nba-fast-break-hobby-box,2026-09-06T20:10:33+00:00,1.0
PANINI_2023-24_PRIZM_FAST_BREAK,WATCH,True,hobby,awesome,trusted,2023-24 Panini Prizm Basketball Fast Break Box,,520.0,,,0,550.68,520.0,,,,,,,,0,https://theawesomecardshop.com/products/2023-24-panini-prizm-basketball-fast-break-box,2026-09-06T20:10:33+00:00,1.0
PANINI_2023-24_PRIZM_FAST_BREAK,WATCH,True,hobby,rlsports,watch,2023-24 Panini Prizm Basketball Fast Break Box,,609.99,,,0,643.76,520.0,,,,,,,,0,https://rlsportscards.com/products/2023-24-panini-prizm-basketball-fast-break-box,2026-09-06T20:10:33+00:00,1.0
PANINI_2023-24_PRIZM_CHOICE,WATCH,True,hobby,awesome,trusted,2023-24 Panini Prizm Basketball Choice Hobby Box,,529.75,,,0,560.76,529.75,,,,,,,,0,https://theawesomecardshop.com/products/2023-24-panini-prizm-basketball-choice-hobby-box,2026-09-06T20:10:33+00:00,1.0
PANINI_2023-24_PRIZM_CHOICE,WATCH,True,hobby,rlsports,watch,2023-24 Panini Prizm Basketball Choice Box,,599.95,,,0,633.38,529.75,,,,,,,,0,https://rlsportscards.com/products/2023-24-panini-prizm-basketball-choice-box,2026-09-06T20:10:33+00:00,1.0
PANINI_2023-24_PRIZM_CHOICE,WATCH,True,hobby,bleecker,watch,2023-24 Panini Prizm Basketball Choice Hobby Box,,650.0,,,0,685.15,529.75,,,,,,,,0,https://bleeckertrading.com/products/2023-24-panini-prizm-basketball-choice-box,2026-09-06T20:10:33+00:00,1.0
PANINI_2023-24_PRIZM_INTERNATIONAL,WATCH,True,hobby,awesome,trusted,2023-24 Panini Prizm Basketball International Hobby Box,,274.75,,,0,296.99,274.75,,,,,,,,0,https://theawesomecardshop.com/products/2023-24-panini-prizm-basketball-international-hobby-box,2026-09-06T20:10:33+00:00,1.0
PANINI_2023-24_PRIZM_INTERNATIONAL,WATCH,True,hobby,rlsports,watch,2023-24 Panini Prizm Basketball Hobby International Box,,299.99,,,0,323.1,274.75,,,,,,,,0,https://rlsportscards.com/products/2023-24-panini-prizm-basketball-international-box,2026-09-06T20:10:33+00:00,1.0
PANINI_2023-24_PRIZM_INTERNATIONAL,WATCH,True,hobby,bleecker,watch,2023-24 Prizm Basketball International Hobby Box,,325.0,,,0,348.97,274.75,,,,,,,,0,https://bleeckertrading.com/products/2023-24-panini-prizm-basketball-international-sealed-hobby-box,2026-09-06T20:10:33+00:00,1.0
PANINI_2023-24_SELECT_H2,WATCH,True,hobby,sjay2k,watch,2023-24 Panini Select Basketball H2 Hobby Hybrid Box,,620.0,,,1,654.12,620.0,,,,,,,SUIVI,0,https://www.sjay2k.com/products/2019-20-panini-select-basketball-h2-hobby-hybrid-box-copy,2026-09-06T20:10:33+00:00,1.0
PANINI_2023-24_SELECT_H2,WATCH,True,hobby,sportscardjunction,watch,2023-24 Panini Select Basketball H2 Box,,285.0,,,0,307.59,620.0,,,,,,,,0,https://sportscardjunction.com/products/pre-order-2023-24-panini-select-basketball-h2-box-releases-5-22,2026-09-06T20:10:33+00:00,1.0
PANINI_2023-24_SELECT_H2,WATCH,True,hobby,bleecker,watch,2023-24 Select H2 Basketball Hobby Box,,370.0,,,0,395.52,620.0,,,,,,,,0,https://bleeckertrading.com/products/2023-24-select-h2-basketball-hobby-box,2026-09-06T20:10:33+00:00,1.0
PANINI_2023-24_SELECT_H2,WATCH,True,hobby,rlsports,watch,2023-24 Panini Select Basketball Hybrid H2 Box,,389.95,,,0,416.15,620.0,,,,,,,,0,https://rlsportscards.com/products/2023-24-panini-select-basketball-hybrid-h2-box,2026-09-06T20:10:33+00:00,1.0
PANINI_2023-24_SELECT_INTERNATIONAL,WATCH,True,hobby,sportscardjunction,watch,2023-24 Panini select basketball Hobby international box,,200.0,,,0,219.67,209.75,,,,,,,,0,https://sportscardjunction.com/products/2023-24-panini-select-basketball-hobby-international-box,2026-09-06T20:10:33+00:00,1.0
PANINI_2023-24_SELECT_INTERNATIONAL,WATCH,True,hobby,awesome,trusted,2023-24 Panini Select Basketball International Hobby Box,,209.75,,,0,229.75,209.75,,,,,,,,0,https://theawesomecardshop.com/products/2023-24-panini-select-basketball-international-hobby-box,2026-09-06T20:10:33+00:00,1.0
PANINI_2023-24_SELECT_INTERNATIONAL,WATCH,True,hobby,sportcards,watch,2023/24 Panini Select Basketball International Hobby Box,,229.95,,,0,250.65,209.75,,,,,,,,0,https://sportcards.com/products/2023-24-panini-select-basketball-international-hobby-box,2026-09-06T20:10:33+00:00,1.0
PANINI_2023-24_SELECT_INTERNATIONAL,WATCH,True,hobby,deichcards,watch,Panini Select Basketball NBA Hobby International Box 2023/2024,,299.0,,,0,322.07,209.75,,,,,,,,0,https://deichcards.de/products/panini-select-basketball-nba-hobby-international-box-2023-2024,2026-09-06T20:10:33+00:00,1.0
PANINI_2023-24_SELECT_INTERNATIONAL,WATCH,True,hobby,bleecker,watch,2023-24 Panini Select Basketball International Hobby Box,,300.0,,,0,323.11,209.75,,,,,,,,0,https://bleeckertrading.com/products/2023-24-panini-select-basketball-hobby-international-box,2026-09-06T20:10:33+00:00,1.0
PANINI_2023-24_MOSAIC_HOBBY,WATCH,True,hobby,awesome,trusted,2023-24 Panini Mosaic Basketball Hobby Box,,334.75,,,0,359.05,334.75,,,,,,,,0,https://theawesomecardshop.com/products/product2023-24-panini-mosaic-basketball-hobby-box5489,2026-09-06T20:10:33+00:00,1.0
PANINI_2023-24_MOSAIC_HOBBY,WATCH,True,hobby,sportscardjunction,watch,2023-24 Panini Mosaic Basketball Hobby Box,,335.0,,,0,359.31,334.75,,,,,,,,0,https://sportscardjunction.com/products/2023-24-panini-mosaic-basketball-hobby-box,2026-09-06T20:10:33+00:00,1.0
PANINI_2023-24_MOSAIC_HOBBY,WATCH,True,hobby,monmouth,watch,2023-24 Panini Mosaic Basketball Hobby Box,,399.99,,,0,426.54,334.75,,,,,,,,0,https://monmouthcards.com/products/2023-24-panini-mosaic-basketball-hobby-box,2026-09-06T20:10:33+00:00,1.0
PANINI_2023-24_MOSAIC_HOBBY,WATCH,True,hobby,bleecker,watch,2023-24 Mosaic Basketball Hobby Box,,465.0,,,0,493.78,334.75,,,,,,,,0,https://bleeckertrading.com/products/2023-24-mosaic-basketball-sealed-hobby-box,2026-09-06T20:10:33+00:00,1.0
PANINI_2023-24_MOSAIC_HOBBY,WATCH,True,hobby,worldchampion,watch,2023/24 Panini Mosaic Basketball Hobby Box,,500.0,,,0,529.99,334.75,,,,,,,,0,https://www.worldchampionsportscards.org/products/2023-24-panini-mosaic-basketball-hobby-box,2026-09-06T20:10:33+00:00,1.0
PANINI_2023-24_MOSAIC_FOTL,WATCH,True,hobby,awesome,trusted,2023/24 Panini Mosaic Basketball 1st Off The Line FOTL Hobby Box,,509.75,,,0,540.07,509.75,,,,,,,,0,https://theawesomecardshop.com/products/2023-24-panini-mosaic-basketball-1st-off-the-line-fotl-hobby-box,2026-09-06T20:10:33+00:00,1.0
PANINI_2023-24_MOSAIC_CHOICE,WATCH,True,hobby,rlsports,watch,2023-24 Panini Mosaic Basketball Choice Box,,269.99,,,0,292.07,309.75,,,,,,,,0,https://rlsportscards.com/products/2023-24-panini-mosaic-basketball-choice-box,2026-09-06T20:10:33+00:00,1.0
PANINI_2023-24_MOSAIC_CHOICE,WATCH,True,hobby,awesome,trusted,2023-24 Panini Mosaic Basketball Choice Box,,309.75,,,0,333.19,309.75,,,,,,,,0,https://theawesomecardshop.com/products/2023-24-panini-mosaic-basketball-choice-box,2026-09-06T20:10:33+00:00,1.0
PANINI_2023-24_MOSAIC_CHOICE,WATCH,True,hobby,worldchampion,watch,2023/24 Panini Mosaic Basketball Choice Box,,330.0,,,0,354.14,309.75,,,,,,,,0,https://www.worldchampionsportscards.org/products/2023-24-panini-mosaic-basketball-choice-box,2026-09-06T20:10:33+00:00,1.0
PANINI_2023-24_MOSAIC_CHOICE,WATCH,True,hobby,bleecker,watch,2023-24 Mosaic Basketball Choice Box,,350.0,,,0,374.83,309.75,,,,,,,,0,https://bleeckertrading.com/products/2023-24-mosaic-basketball-choice-box,2026-09-06T20:10:33+00:00,1.0
PANINI_2023-24_MOSAIC_FAST_BREAK,WATCH,True,hobby,awesome,trusted,2023-24 Panini Mosaic Fast Break Basketball Hobby Box,,188.0,,,0,207.25,188.0,,,,,,,,0,https://theawesomecardshop.com/products/2023-24-panini-mosaic-fast-break-basketball-hobby-box,2026-09-06T20:10:33+00:00,1.0
PANINI_2023-24_MOSAIC_FAST_BREAK,WATCH,True,hobby,sportscardjunction,watch,2023-24 Panini Mosaic Basketball Fast Brk Box,,210.0,,,0,230.01,188.0,,,,,,,,0,https://sportscardjunction.com/products/2023-24-panini-mosaic-basketball-fast-break-box,2026-09-06T20:10:33+00:00,1.0
PANINI_2023-24_MOSAIC_FAST_BREAK,WATCH,True,hobby,rlsports,watch,2023-24 Panini Mosaic Basketball Fast Break Box,,219.95,,,0,240.3,188.0,,,,,,,,0,https://rlsportscards.com/products/2023-24-panini-mosaic-basketball-fast-break-box,2026-09-06T20:10:33+00:00,1.0
PANINI_2023-24_MOSAIC_FAST_BREAK,WATCH,True,hobby,worldchampion,watch,2023/24 Panini Mosaic Basketball Fast Break Box,,230.0,,,0,250.7,188.0,,,,,,,,0,https://www.worldchampionsportscards.org/products/2023-24-panini-mosaic-basketball-fast-break-box,2026-09-06T20:10:33+00:00,1.0
PANINI_2023-24_MOSAIC_FAST_BREAK,WATCH,True,hobby,bleecker,watch,2023-24 Mosaic Basketball Fast Break Box,,350.0,,,0,374.83,188.0,,,,,,,,0,https://bleeckertrading.com/products/2023-24-mosaic-basketball-fast-break-sealed-hobby-box,2026-09-06T20:10:33+00:00,1.0
PANINI_2023-24_MOSAIC_INTERNATIONAL,WATCH,True,hobby,sportscardjunction,watch,2023-24 Panini Mosaic Basketball International Hobby Box,,160.0,,,0,178.29,189.99,,,,,,,,0,https://sportscardjunction.com/products/2023-24-panini-mosaic-basketball-international-hobby-box-1-black-friday-pack-bf24,2026-09-06T20:10:33+00:00,1.0
PANINI_2023-24_MOSAIC_INTERNATIONAL,WATCH,True,hobby,deichcards,watch,Panini Mosaic Basketball NBA International Hobby Box 2023/2024,,199.0,,,0,218.63,189.99,,,,,,,,0,https://deichcards.de/products/panini-mosaic-basketball-nba-international-hobby-box-2023-2024,2026-09-06T20:10:33+00:00,1.0
PANINI_2023-24_MOSAIC_INTERNATIONAL,WATCH,True,hobby,bleecker,watch,2023-24 Panini Mosaic Basketball International Hobby Box,,225.0,,,0,245.53,189.99,,,,,,,,0,https://bleeckertrading.com/products/2023-24-panini-mosaic-basketball-international-hobby-box,2026-09-06T20:10:33+00:00,1.0
PANINI_2023-24_PHOENIX_INTERNATIONAL,WATCH,True,hobby,awesome,trusted,2023/24 Panini Phoenix Basketball International Hobby Box,,174.75,,,0,193.55,174.75,,,,,,,,0,https://theawesomecardshop.com/products/2023-24-panini-phoenix-basketball-international-hobby-box,2026-09-06T20:10:33+00:00,1.0
PANINI_2023-24_PHOENIX_INTERNATIONAL,WATCH,True,hobby,bleecker,watch,2023-24 Phoenix Basketball International Box,,200.0,,,0,219.67,174.75,,,,,,,,0,https://bleeckertrading.com/products/2023-24-phoenix-basketball-international-box,2026-09-06T20:10:33+00:00,1.0
PANINI_2023-24_PHOENIX_INTERNATIONAL,WATCH,True,hobby,rlsports,watch,2023-24 Panini Phoenix Basketball Hobby International Box,,259.99,,,0,281.72,174.75,,,,,,,,0,https://rlsportscards.com/products/2023-24-panini-phoenix-basketball-international-box,2026-09-06T20:10:33+00:00,1.0
PANINI_2023-24_PHOENIX_FOTL,WATCH,True,hobby,awesome,trusted,2023/24 Panini Phoenix Basketball 1st Off The Line FOTL Hobby Box,,624.75,,,0,659.03,624.75,,,,,,,,0,https://theawesomecardshop.com/products/2023-24-panini-phoenix-basketball-1st-off-the-line-fotl-hobby-box,2026-09-06T20:10:33+00:00,1.0
PANINI_2023-24_PREMIUM_STOCK_HOBBY,WATCH,True,hobby,awesome,trusted,2023/24 Panini Premium Stock Basketball Hobby Box,,375.0,,,0,400.69,375.0,,,,,,,,0,https://theawesomecardshop.com/products/2023-24-panini-premium-stock-basketball-hobby-box,2026-09-06T20:10:33+00:00,1.0
PANINI_2023-24_COURT_KINGS_INTERNATIONAL,WATCH,True,hobby,rlsports,watch,2023-24 Panini Court Kings Basketball International Blaster Box,,229.99,,,0,250.69,262.75,,,,,,,,0,https://rlsportscards.com/products/2023-24-panini-court-kings-basketball-international-blaster-box,2026-09-06T20:10:33+00:00,1.0
PANINI_2023-24_COURT_KINGS_INTERNATIONAL,WATCH,True,hobby,worldchampion,watch,2023/24 Panini Court Kings Basketball International 6-Pack Blaster Box,,250.0,,,0,271.39,262.75,,,,,,,,0,https://www.worldchampionsportscards.org/products/2023-24-panini-court-kings-basketball-international-6-pack-blaster-box,2026-09-06T20:10:33+00:00,1.0
PANINI_2023-24_COURT_KINGS_INTERNATIONAL,WATCH,True,hobby,awesome,trusted,2023-24 Panini Court Kings Basketball International Blaster Box,,262.75,,,0,284.58,262.75,,,,,,,,0,https://theawesomecardshop.com/products/2023-24-panini-court-kings-basketball-international-blaster-box,2026-09-06T20:10:33+00:00,1.0
PANINI_2023-24_MOSAIC_FAST_BREAK_CASE,ACTIVE,True,hobby,awesome,trusted,2023-24 Panini Mosaic Fast Break Basketball Hobby 20-Box Case,,5945.0,20,297.25,0,320.26,5945.0,,,,4800,5600,,,0,https://theawesomecardshop.com/products/2023-24-panini-mosaic-fast-break-basketball-hobby-20-box-case,2026-09-06T20:10:33+00:00,1.0
PANINI_2023-24_PRIZM_EUROLEAGUE_HOBBY,CANDIDATE,euroleague,hobby,stcuk,watch,2023-24 Panini Turkish Airlines Euroleague Prizm Basketball Hobby Box,,150.0,,,1,167.95,,,,,,,,CANDIDAT,0,https://sportstradingcardsuk.com/products/2023-24-panini-turkish-airlines-euroleague-prizm-basketball-hobby-box,2026-09-06T20:10:33+00:00,1.0
PANINI_2023-24_PRIZM_EUROLEAGUE_HOBBY,CANDIDATE,euroleague,hobby,rlsports,watch,2023-24 Panini Prizm Turkish Airlines Euroleague Basketball Hobby Box,,71.99,,,0,87.25,,,,,,,,,0,https://rlsportscards.com/products/2023-24-panini-prizm-turkish-airlines-euroleague-basketball-hobby-box,2026-09-06T20:10:33+00:00,1.0
PANINI_2023-24_PRIZM_EUROLEAGUE_HOBBY,CANDIDATE,euroleague,hobby,sportscardjunction,watch,2023-24 Panini Prizm Euroleague Basketball Hobby Box,,75.0,,,0,90.37,,,,,,,,,0,https://sportscardjunction.com/products/2023-24-panini-prizm-euroleague-basketball-hobby-box,2026-09-06T20:10:33+00:00,1.0
PANINI_2023-24_PRIZM_EUROLEAGUE_HOBBY,CANDIDATE,euroleague,hobby,worldchampion,watch,2023/24 Panini Prizm Turkish Airlines EuroLeague Basketball Hobby Box,,100.0,,,0,116.23,,,,,,,,,0,https://www.worldchampionsportscards.org/products/2023-24-panini-prizm-turkish-airlines-euroleague-basketball-hobby-box,2026-09-06T20:10:33+00:00,1.0
PANINI_2023-24_PRIZM_EUROLEAGUE_HOBBY,CANDIDATE,euroleague,hobby,deichcards,watch,Panini Prizm Turkish Airlines EuroLeague Basketball Hobby Box 2023/2024,,154.9,,,0,173.02,,,,,,,,,0,https://deichcards.de/products/panini-prizm-turkish-airlines-euroleague-basketball-hobby-box-2023-2024,2026-09-06T20:10:33+00:00,1.0
PANINI_2024-25_PRIZM_HOBBY,WATCH,True,hobby,ballgame,watch,2024-25 Panini Prizm NBA Trading Card Box (Hobby),,545.0,,,1,576.54,300.0,,,,,,,SUIVI,0,https://theballgame.com/products/2024-25-panini-prizm-nba-trading-card-box-hobby-sd-2-19-25,2026-09-06T20:10:33+00:00,1.0
PANINI_2024-25_PRIZM_HOBBY,WATCH,True,hobby,awesome,trusted,2024-25 Panini Prizm Basketball Hobby Box,,559.75,,,1,591.79,300.0,,,,,,,,0,https://theawesomecardshop.com/products/2024-25-panini-prizm-basketball-hobby-box,2026-09-06T20:10:33+00:00,1.0
PANINI_2024-25_PRIZM_HOBBY,WATCH,True,hobby,bleecker,watch,2024-25 Panini Prizm Basketball Hobby Box,,625.0,,,1,659.29,300.0,,,,,,,,0,https://bleeckertrading.com/products/2024-25-panini-prizm-nba-basketball-sealed-hobby-box-presale,2026-09-06T20:10:33+00:00,1.0
PANINI_2024-25_PRIZM_HOBBY,WATCH,True,hobby,hallofcollect,watch,Panini Prizm NBA Basketball Hobby Box 2024/2025,,650.0,,,1,685.15,300.0,,,,,,,,0,https://hallofcollect.de/products/panini-prizm-nba-basketball-hobby-box-2024-2025,2026-09-06T20:10:33+00:00,1.0
PANINI_2024-25_PRIZM_HOBBY,WATCH,True,hobby,sjay2k,watch,2024-25 Panini Prizm Basketball Hobby Box,,950.0,,,1,995.47,300.0,,,,,,,,0,https://www.sjay2k.com/products/2024-25-panini-prizm-basketball-hobby-box,2026-09-06T20:10:33+00:00,1.0
PANINI_2024-25_PRIZM_HOBBY,WATCH,True,hobby,rlsports,watch,2024-25 Panini Prizm Black Basketball Hobby Box,,1800.0,,,1,1874.71,300.0,,,,,,,,0,https://rlsportscards.com/products/2024-25-panini-prizm-black-basketball-hobby-box,2026-09-06T20:10:33+00:00,1.0
PANINI_2024-25_PRIZM_HOBBY,WATCH,True,hobby,columbia,trusted,2024-25 Panini Prizm Basketball Hobby Box,,439.99,,,0,467.91,300.0,,,,,,,,0,https://columbiasportscard.com/products/2024-25-panini-prizm-basketball-hobby-box,2026-09-06T20:10:33+00:00,1.0
PANINI_2024-25_PRIZM_HOBBY,WATCH,True,hobby,hiddengems,trusted,2024/25 Panini Prizm Black Basketball Hobby Box,,450.0,,,0,478.27,300.0,,,,,,,,0,https://www.hiddengemscardshop.com/products/2024-25-panini-prizm-black-basketball-hobby-box,2026-09-06T20:10:33+00:00,1.0
PANINI_2024-25_PRIZM_HOBBY,WATCH,True,hobby,ehcards,trusted,2024/25 Panini Prizm NBA Basketball Hobby Box,,499.99,,,0,529.98,300.0,,,,,,,,0,https://ehcards.com/products/2024-25-panini-prizm-nba-basketball-hobby-box,2026-09-06T20:10:33+00:00,1.0
PANINI_2024-25_PRIZM_HOBBY,WATCH,True,hobby,monmouth,watch,2024-25 Panini Prizm Basketball Hobby Box,,499.99,,,0,529.98,300.0,,,,,,,,0,https://monmouthcards.com/products/2024-25-panini-prizm-basketball-hobby-box,2026-09-06T20:10:33+00:00,1.0
PANINI_2024-25_PRIZM_HOBBY,WATCH,True,hobby,sportscardjunction,watch,2024-25 Panini Prizm NBA Basketball Hobby Box,,525.0,,,0,555.85,300.0,,,,,,,,0,https://sportscardjunction.com/products/pre-order-2024-25-panini-prizm-nba-basketball-hobby-box-releases-2-19-25,2026-09-06T20:10:33+00:00,1.0
PANINI_2024-25_PRIZM_HOBBY,WATCH,True,hobby,rlsports,watch,2024-25 Panini Prizm Basketball Hobby Box,,539.99,,,0,571.35,300.0,,,,,,,,0,https://rlsportscards.com/products/2024-25-panini-prizm-basketball-hobby-box,2026-09-06T20:10:33+00:00,1.0
PANINI_2024-25_PRIZM_HOBBY,WATCH,True,hobby,deichcards,watch,Panini Prizm Basketball Hobby Box 2024/2025,,649.0,,,0,684.11,300.0,,,,,,,,0,https://deichcards.de/products/panini-prizm-basketball-hobby-box-2024-2025,2026-09-06T20:10:33+00:00,1.0
PANINI_2024-25_PRIZM_HOBBY,WATCH,True,hobby,sportscardjunction,watch,2024-25 Panini Prizm Black Basketball Hobby Box,,695.0,,,0,731.7,300.0,,,,,,,,0,https://sportscardjunction.com/products/2024-25-panini-prizm-black-basketball-hobby-box,2026-09-06T20:10:33+00:00,1.0
PANINI_2024-25_PRIZM_HOBBY,WATCH,True,hobby,ehcards,trusted,2024/25 Panini Prizm Black NBA Basketball Hobby Box,,699.99,,,0,736.86,300.0,,,,,,,,0,https://ehcards.com/products/2024-25-panini-prizm-black-nba-basketball-hobby-box,2026-09-06T20:10:33+00:00,1.0
PANINI_2024-25_PRIZM_HOBBY,WATCH,True,hobby,deichcards,watch,Panini Prizm Black Basketball Hobby Box 2024/2025,,849.0,,,0,890.99,300.0,,,,,,,,0,https://deichcards.de/products/panini-prizm-black-basketball-hobby-box-2024-2025,2026-09-06T20:10:33+00:00,1.0
PANINI_2024-25_PRIZM_HOBBY,WATCH,True,hobby,worldchampion,watch,2024/25 Panini Prizm Black Basketball Hobby Box,,880.0,,,0,923.06,300.0,,,,,,,,0,https://www.worldchampionsportscards.org/products/2024-25-panini-prizm-black-basketball-hobby-box,2026-09-06T20:10:33+00:00,1.0
PANINI_2024-25_PRIZM_HOBBY,WATCH,True,hobby,columbia,trusted,2024-25 Panini Prizm Black Basketball Hobby Box,,1224.99,,,0,1279.92,300.0,,,,,,,,0,https://columbiasportscard.com/products/2024-25-panini-prizm-black-basketball-hobby-box-columbia-sports-cards,2026-09-06T20:10:33+00:00,1.0
PANINI_2024-25_PRIZM_HOBBY,WATCH,True,hobby,awesome,trusted,2024-25 Panini Prizm Black Basketball Hobby Box,,1399.75,,,0,1460.69,300.0,,,,,,,,0,https://theawesomecardshop.com/products/2024-25-panini-prizm-black-basketball-hobby-box,2026-09-06T20:10:33+00:00,1.0
PANINI_2024-25_PRIZM_HOBBY,WATCH,True,hobby,collectorstore,trusted,2024-25 Panini Prizm Black Basketball Hobby Box,,1799.95,,,0,1874.66,300.0,,,,,,,,0,https://collectorstore.com/products/2024-25-panini-prizm-black-basketball-hobby-box,2026-09-06T20:10:33+00:00,1.0
PANINI_2024-25_PRIZM_HOBBY,WATCH,True,hobby,bleecker,watch,2024-25 Panini Prizm Black Basketball Hobby Box,,1900.0,,,0,1978.15,300.0,,,,,,,,0,https://bleeckertrading.com/products/2024-25-panini-prizm-black-basketball-hobby-box,2026-09-06T20:10:33+00:00,1.0
PANINI_2024-25_SELECT_HOBBY,WATCH,True,hobby,rbicru7,trusted,"2024-25 Panini Select Basketball Hobby, Box",,375.0,,,1,400.69,35.0,,,,,,,SUIVI,0,https://rbicru7.com/products/2024-25-panini-select-basketball-hobby-box,2026-09-06T20:10:33+00:00,1.0
PANINI_2024-25_SELECT_HOBBY,WATCH,True,hobby,collectorstore,trusted,2024-25 Panini Select Basketball Hobby Box,,394.95,,,1,421.32,35.0,,,,,,,,0,https://collectorstore.com/products/2024-25-panini-select-basketball-hobby-box,2026-09-06T20:10:33+00:00,1.0
PANINI_2024-25_SELECT_HOBBY,WATCH,True,hobby,sportcards,watch,2024-25 Panini Select NBA Trading Card Box (Hobby),,449.95,,,1,478.22,35.0,,,,,,,,0,https://sportcards.com/products/2024-25-panini-select-nba-trading-card-box-hobby,2026-09-06T20:10:33+00:00,1.0
PANINI_2024-25_SELECT_HOBBY,WATCH,True,hobby,ballgame,watch,2024/25 Panini Select Basketball Hobby Box,,450.0,,,1,478.27,35.0,,,,,,,,0,https://theballgame.com/products/2024-25-panini-select-basketball-hobby-box-sd-6-18-25,2026-09-06T20:10:33+00:00,1.0
PANINI_2024-25_SELECT_HOBBY,WATCH,True,hobby,bleecker,watch,2024-25 Panini Select Basketball Hobby Box,,500.0,,,1,529.99,35.0,,,,,,,,0,https://bleeckertrading.com/products/2024-25-panini-select-basketball-hobby-box,2026-09-06T20:10:33+00:00,1.0
PANINI_2024-25_SELECT_HOBBY,WATCH,True,hobby,sjay2k,watch,2024-25 Panini Select Basketball Hobby Box,,700.0,,,1,736.87,35.0,,,,,,,,0,https://www.sjay2k.com/products/2024-25-panini-select-nba-trading-card-hobby-box-pre-order,2026-09-06T20:10:33+00:00,1.0
PANINI_2024-25_SELECT_HOBBY,WATCH,True,hobby,columbia,trusted,2024-25 Panini Select Basketball Hobby Box,,349.99,,,0,374.82,35.0,,,,,,,,0,https://columbiasportscard.com/products/2024-25-panini-select-basketball-hobby-box,2026-09-06T20:10:33+00:00,1.0
PANINI_2024-25_SELECT_HOBBY,WATCH,True,hobby,rlsports,watch,2024-25 Panini Select Basketball Hobby Box,,364.99,,,0,390.33,35.0,,,,,,,,0,https://rlsportscards.com/products/2024-25-panini-select-basketball-hobby-box,2026-09-06T20:10:33+00:00,1.0
PANINI_2024-25_SELECT_HOBBY,WATCH,True,hobby,awesome,trusted,2024-25 Panini Select Basketball Hobby Box,,399.75,,,0,426.29,35.0,,,,,,,,0,https://theawesomecardshop.com/products/2024-25-panini-select-basketball-hobby-box,2026-09-06T20:10:33+00:00,1.0
PANINI_2024-25_SELECT_HOBBY,WATCH,True,hobby,monmouth,watch,2024-25 Panini Select Basketball Hobby Box,,409.99,,,0,436.88,35.0,,,,,,,,0,https://monmouthcards.com/products/2024-25-panini-select-basketball-hobby-box,2026-09-06T20:10:33+00:00,1.0
PANINI_2024-25_SELECT_HOBBY,WATCH,True,hobby,boxseat,watch,2024-25 Panini Select Basketball Hobby Box,,424.99,,,0,452.4,35.0,,,,,,,,0,https://boxseatcollectibles.com/products/2024-25-panini-select-basketball-hobby-box,2026-09-06T20:10:33+00:00,1.0
PANINI_2024-25_SELECT_HOBBY,WATCH,True,hobby,sportscardjunction,watch,2024-25 Panini Select Basketball Hobby Box,,450.0,,,0,478.27,35.0,,,,,,,,0,https://sportscardjunction.com/products/pre-order-2024-25-panini-select-basketball-hobby-box-releases-6-18-25,2026-09-06T20:10:33+00:00,1.0
PANINI_2024-25_SELECT_HOBBY,WATCH,True,hobby,ehcards,trusted,2024/25 Panini Select Basketball Hobby Box,,479.99,,,0,509.29,35.0,,,,,,,,0,https://ehcards.com/products/2024-25-panini-select-basketball-hobby-box,2026-09-06T20:10:33+00:00,1.0
PANINI_2024-25_SELECT_HOBBY,WATCH,True,hobby,deichcards,watch,Panini Select Basketball NBA Hobby Box 2024/2025,,545.0,,,0,576.54,35.0,,,,,,,,0,https://deichcards.de/products/panini-select-basketball-nba-hobby-box-2024-2025,2026-09-06T20:10:33+00:00,1.0
PANINI_2024-25_OPTIC_HOBBY,WATCH,True,hobby,awesome,trusted,2024-25 Panini Donruss Optic Basketball Hobby Box,,550.75,,,1,582.48,35.0,,,,,,,SUIVI,0,https://theawesomecardshop.com/products/2024-25-panini-donruss-optic-basketball-hobby-box,2026-09-06T20:10:33+00:00,1.0
PANINI_2024-25_OPTIC_HOBBY,WATCH,True,hobby,superior,watch,2024-25 Panini Donruss Optic Basketball Hobby Box,,770.0,,,1,809.28,35.0,,,,,,,,0,https://superiorsportsinvestments.com/products/2024-25-panini-donruss-optic-basketball-hobby-box,2026-09-06T20:10:33+00:00,1.0
PANINI_2024-25_OPTIC_HOBBY,WATCH,True,hobby,deichcards,watch,Panini Donruss Optic Basketball NBA Hobby Box 2024/2025,,349.0,,,0,373.79,35.0,,,,,,,,0,https://deichcards.de/products/panini-donruss-optic-basketball-nba-hobby-box-2024-2025,2026-09-06T20:10:33+00:00,1.0
PANINI_2024-25_OPTIC_HOBBY,WATCH,True,hobby,columbia,trusted,2024-25 Panini Donruss Optic Basketball Hobby Box,,389.99,,,0,416.19,35.0,,,,,,,,0,https://columbiasportscard.com/products/2024-25-panini-donruss-optic-basketball-hobby-box-columbia-sports-cards,2026-09-06T20:10:33+00:00,1.0
PANINI_2024-25_OPTIC_HOBBY,WATCH,True,hobby,hiddengems,trusted,2024-25 Panini Donruss Optic NBA Hobby Box,,400.0,,,0,426.55,35.0,,,,,,,,0,https://www.hiddengemscardshop.com/products/2024-25-panini-donruss-optic-nba-hobby-box,2026-09-06T20:10:33+00:00,1.0
PANINI_2024-25_OPTIC_HOBBY,WATCH,True,hobby,worldchampion,watch,2024/25 Panini Donruss Optic Basketball Hobby Box,,420.0,,,0,447.24,35.0,,,,,,,,0,https://www.worldchampionsportscards.org/products/2024-25-panini-donruss-optic-basketball-hobby-box,2026-09-06T20:10:33+00:00,1.0
PANINI_2024-25_OPTIC_HOBBY,WATCH,True,hobby,sportscardjunction,watch,2024-25 Panini Donruss Optic Basketball Hobby Box,,550.0,,,0,581.71,35.0,,,,,,,,0,https://sportscardjunction.com/products/2024-25-panini-donruss-optic-basketball-hobby-box,2026-09-06T20:10:33+00:00,1.0
PANINI_2024-25_OPTIC_HOBBY,WATCH,True,hobby,rlsports,watch,2024-25 Panini Donruss Optic Basketball Hobby Box,,559.0,,,0,591.02,35.0,,,,,,,,0,https://rlsportscards.com/products/2024-25-panini-donruss-optic-basketball-hobby-box,2026-09-06T20:10:33+00:00,1.0
PANINI_2024-25_OPTIC_HOBBY,WATCH,True,hobby,monmouth,watch,2024-25 Panini Donruss Optic Basketball Hobby Box,,599.99,,,0,633.42,35.0,,,,,,,,0,https://monmouthcards.com/products/2024-25-panini-donruss-optic-basketball-hobby-box,2026-09-06T20:10:33+00:00,1.0
PANINI_2024-25_OPTIC_HOBBY,WATCH,True,hobby,dacardworldeu,watch,2024/25 Panini Donruss Optic Basketball Hobby 2024/25 Panini Donruss Optic Basketball Hobby Box,2024/25 Panini Donruss Optic Basketball Hobby Box,610.0,,,0,643.77,35.0,,,,,,,,0,https://dacardworld.eu/products/2024-25-panini-donruss-optic-basketball-hobby,2026-09-06T20:10:33+00:00,1.0
PANINI_2024-25_OPTIC_HOBBY,WATCH,True,hobby,bleecker,watch,2024-25 Panini Donruss Optic Basketball Hobby Box,,650.0,,,0,685.15,35.0,,,,,,,,0,https://bleeckertrading.com/products/panini-donruss-optic-basketball-2017-18-hobby-box-copy,2026-09-06T20:10:33+00:00,1.0
PANINI_2024-25_MOSAIC_FAST_BREAK,WATCH,True,hobby,tanteo,watch,2024-25 Panini Mosaic Cartes Basketball NBA Fast Break Box,,359.9,,,1,385.07,199.99,,,,,,,SUIVI,0,https://tanteocartescollections.com/products/2024-25-panini-mosaic-cartes-basketball-nba-fast-break-box,2026-09-06T20:10:33+00:00,1.0
PANINI_2024-25_MOSAIC_FAST_BREAK,WATCH,True,hobby,superior,watch,2024-25 Panini Mosaic Basketball Fast Break Box,,390.0,,,1,416.2,199.99,,,,,,,,0,https://superiorsportsinvestments.com/products/2024-25-panini-mosaic-basketball-fast-break-box,2026-09-06T20:10:33+00:00,1.0
PANINI_2024-25_MOSAIC_FAST_BREAK,WATCH,True,hobby,rlsports,watch,2024-25 Panini Mosaic Basketball Fast Break Box,,194.99,,,0,214.49,199.99,,,,,,,,0,https://rlsportscards.com/products/2024-25-panini-mosaic-basketball-fast-break-box,2026-09-06T20:10:33+00:00,1.0
PANINI_2024-25_MOSAIC_FAST_BREAK,WATCH,True,hobby,awesome,trusted,2024-25 Panini Mosaic Basketball Fast Break Box,,199.75,,,0,219.41,199.99,,,,,,,,0,https://theawesomecardshop.com/products/2024-25-panini-mosaic-basketball-fast-break-box,2026-09-06T20:10:33+00:00,1.0
PANINI_2024-25_MOSAIC_FAST_BREAK,WATCH,True,hobby,cardiacs,trusted,2024-25 Panini Mosaic Basketball Fast Break Box,,199.95,,,0,219.62,199.99,,,,,,,,0,https://www.thecardiacs.com/products/2024-25-panini-mosaic-basketball-fast-break-box,2026-09-06T20:10:33+00:00,1.0
PANINI_2024-25_MOSAIC_FAST_BREAK,WATCH,True,hobby,columbia,trusted,2024-25 Panini Mosaic Basketball Fast Break Box,,199.99,,,0,219.66,199.99,,,,,,,,0,https://columbiasportscard.com/products/2024-25-panini-mosaic-basketball-fast-break-box-columbia-sports-cards,2026-09-06T20:10:33+00:00,1.0
PANINI_2024-25_MOSAIC_FAST_BREAK,WATCH,True,hobby,sportscardjunction,watch,2024-25 Panini Mosaic Basketball Fst BRK Box,,200.0,,,0,219.67,199.99,,,,,,,,0,https://sportscardjunction.com/products/2024-25-panini-mosaic-basketball-fast-break-box,2026-09-06T20:10:33+00:00,1.0
PANINI_2024-25_MOSAIC_FAST_BREAK,WATCH,True,hobby,ehcards,trusted,2024/25 Panini Mosaic NBA Basketball Fast Break Box,,229.99,,,0,250.69,199.99,,,,,,,,0,https://ehcards.com/products/2024-25-panini-mosaic-nba-basketball-fast-break-box,2026-09-06T20:10:33+00:00,1.0
PANINI_2024-25_MOSAIC_FAST_BREAK,WATCH,True,hobby,bleecker,watch,2024-25 Panini Mosaic Basketball Fastbreak Hobby Box,,275.0,,,0,297.25,199.99,,,,,,,,0,https://bleeckertrading.com/products/2024-25-panini-mosaic-basketball-fastbreak-hobby-box-presale,2026-09-06T20:10:33+00:00,1.0
PANINI_2024-25_MOSAIC_FAST_BREAK_CASE,CANDIDATE,True,hobby,awesome,trusted,2024-25 Panini Mosaic Basketball Fast Break 20-Box Case,,5949.75,20,297.49,0,320.51,5949.75,,,,,,,,0,https://theawesomecardshop.com/products/2024-25-panini-mosaic-basketball-fast-break-20-box-case,2026-09-06T20:10:33+00:00,1.0
PANINI_2024-25_MOSAIC_HOBBY,WATCH,True,hobby,collectorstore,trusted,2024-25 Panini Mosaic Basketball Hobby Box,,499.95,,,1,529.94,499.95,,,,,,,SUIVI,0,https://collectorstore.com/products/2024-25-panini-mosaic-basketball-hobby-box,2026-09-06T20:10:33+00:00,1.0
PANINI_2024-25_MOSAIC_HOBBY,WATCH,True,hobby,sportcards,watch,2024-25 Mosaic NBA Hobby Box,,500.0,,,1,529.99,499.95,,,,,,,,0,https://sportcards.com/products/2024-25-mosaic-nba-hobby-box,2026-09-06T20:10:33+00:00,1.0
PANINI_2024-25_MOSAIC_HOBBY,WATCH,True,hobby,awesome,trusted,2024-25 Panini Mosaic Basketball Hobby Box,,520.75,,,1,551.45,499.95,,,,,,,,0,https://theawesomecardshop.com/products/2024-25-panini-mosaic-basketball-hobby-box,2026-09-06T20:10:33+00:00,1.0
PANINI_2024-25_MOSAIC_HOBBY,WATCH,True,hobby,superior,watch,2024-25 Panini Mosaic Basketball Hobby Box,,625.0,,,1,659.29,499.95,,,,,,,,0,https://superiorsportsinvestments.com/products/2024-25-panini-mosaic-basketball-hobby-box,2026-09-06T20:10:33+00:00,1.0
PANINI_2024-25_MOSAIC_HOBBY,WATCH,True,hobby,cardiacs,trusted,2024-25 Panini Mosaic Basketball Hobby Box,,429.95,,,0,457.53,499.95,,,,,,,,0,https://www.thecardiacs.com/products/2024-25-panini-mosaic-basketball-hobby-box,2026-09-06T20:10:33+00:00,1.0
PANINI_2024-25_MOSAIC_HOBBY,WATCH,True,hobby,sportscardjunction,watch,2024-25 Panini Mosaic Basketball Hobby Box,,475.0,,,0,504.13,499.95,,,,,,,,0,https://sportscardjunction.com/products/2024-25-panini-mosaic-basketball-hobby-box,2026-09-06T20:10:33+00:00,1.0
PANINI_2024-25_MOSAIC_HOBBY,WATCH,True,hobby,rlsports,watch,2024-25 Panini Mosaic Basketball Hobby Box,,509.99,,,0,540.32,499.95,,,,,,,,0,https://rlsportscards.com/products/2024-25-panini-mosaic-basketball-hobby-box,2026-09-06T20:10:33+00:00,1.0
PANINI_2024-25_MOSAIC_HOBBY,WATCH,True,hobby,columbia,trusted,2024-25 Panini Mosaic Basketball Hobby Box,,519.99,,,0,550.67,499.95,,,,,,,,0,https://columbiasportscard.com/products/2024-25-panini-mosaic-basketball-hobby-box-columbia-sports-cards-more,2026-09-06T20:10:33+00:00,1.0
PANINI_2024-25_MOSAIC_HOBBY,WATCH,True,hobby,bleecker,watch,2024-25 Panini Mosaic Basketball Hobby Box,,575.0,,,0,607.57,499.95,,,,,,,,0,https://bleeckertrading.com/products/2024-25-mosaic-basketball-hobby-box,2026-09-06T20:10:33+00:00,1.0
PANINI_2024-25_DONRUSS_HOBBY,WATCH,True,hobby,rbicru7,trusted,"*LAST BOX* 2024-25 Panini Donruss Basketball Hobby, Box",,275.0,,,1,297.25,30.0,,,,,,,SUIVI,0,https://rbicru7.com/products/2-2024-25-panini-donruss-basketball-hobby-box,2026-09-06T20:10:33+00:00,1.0
PANINI_2024-25_DONRUSS_HOBBY,WATCH,True,hobby,sportscardjunction,watch,2024-25 Panini Donruss Basketball Hobby Box,,190.0,,,0,209.32,30.0,,,,,,,,0,https://sportscardjunction.com/products/pre-order-2024-25-panini-donruss-basketball-hobby-box-releases-3-7-25,2026-09-06T20:10:33+00:00,1.0
PANINI_2024-25_DONRUSS_HOBBY,WATCH,True,hobby,columbia,trusted,2024-25 Panini Donruss Basketball Hobby Box,,199.99,,,0,219.66,30.0,,,,,,,,0,https://columbiasportscard.com/products/2024-25-panini-donruss-basketball-hobby-box,2026-09-06T20:10:33+00:00,1.0
PANINI_2024-25_DONRUSS_HOBBY,WATCH,True,hobby,awesome,trusted,2024-25 Panini Donruss Basketball Hobby Box,,219.75,,,0,240.1,30.0,,,,,,,,0,https://theawesomecardshop.com/products/2024-25-panini-donruss-basketball-hobby-box,2026-09-06T20:10:33+00:00,1.0
PANINI_2024-25_DONRUSS_HOBBY,WATCH,True,hobby,ehcards,trusted,2024/25 Panini Donruss NBA Basketball Hobby Box,,229.99,,,0,250.69,30.0,,,,,,,,0,https://ehcards.com/products/2024-25-panini-donruss-nba-basketball-hobby-box,2026-09-06T20:10:33+00:00,1.0
PANINI_2024-25_DONRUSS_HOBBY,WATCH,True,hobby,bleecker,watch,2024-25 Panini Donruss Basketball Hobby Box,,250.0,,,0,271.39,30.0,,,,,,,,0,https://bleeckertrading.com/products/2024-25-donruss-basketball-hobby-box,2026-09-06T20:10:33+00:00,1.0
PANINI_2024-25_DONRUSS_HOBBY,WATCH,True,hobby,sportcards,watch,2024/25 Panini Donruss Basketball Hobby Box,,269.95,,,0,292.02,30.0,,,,,,,,0,https://sportcards.com/products/2024-25-panini-donruss-basketball-hobby-box,2026-09-06T20:10:33+00:00,1.0
PANINI_2024-25_DONRUSS_HOBBY,WATCH,True,hobby,deichcards,watch,Panini Donruss Basketball NBA Hobby Box 2024/2025,,275.0,,,0,297.25,30.0,,,,,,,,0,https://deichcards.de/products/panini-donruss-basketball-nba-hobby-box-2024-2025,2026-09-06T20:10:33+00:00,1.0
PANINI_2024-25_HOOPS_HOBBY,WATCH,True,hobby,rbicru7,trusted,"2024-25 Panini NBA Hoops Basketball Hobby, Box",,195.0,,,1,214.5,7.0,,,,,,,SUIVI,0,https://rbicru7.com/products/2024-25-panini-nba-hoops-basketball-hobby-box,2026-09-06T20:10:33+00:00,1.0
PANINI_2024-25_HOOPS_HOBBY,WATCH,True,hobby,worldchampion,watch,2024/25 Panini Hoops Basketball Hobby Box,,140.0,,,0,157.6,7.0,,,,,,,,0,https://www.worldchampionsportscards.org/products/2024-25-panini-hoops-basketball-hobby-box,2026-09-06T20:10:33+00:00,1.0
PANINI_2024-25_HOOPS_HOBBY,WATCH,True,hobby,ehcards,trusted,2024/25 Panini Hoops NBA Basketball Hobby Box,,149.99,,,0,167.94,7.0,,,,,,,,0,https://ehcards.com/products/2024-25-panini-hoops-nba-basketball-hobby-box,2026-09-06T20:10:33+00:00,1.0
PANINI_2024-25_HOOPS_HOBBY,WATCH,True,hobby,rlsports,watch,2024-25 Panini Hoops Basketball Hobby Box,,159.99,,,0,178.28,7.0,,,,,,,,0,https://rlsportscards.com/products/2024-25-panini-hoops-basketball-hobby-box,2026-09-06T20:10:33+00:00,1.0
PANINI_2024-25_HOOPS_HOBBY,WATCH,True,hobby,deichcards,watch,Panini Hoops Basketball NBA Hobby Box 2024/2025,,174.9,,,0,193.7,7.0,,,,,,,,0,https://deichcards.de/products/panini-hoops-basketball-nba-hobby-box-2024-2025,2026-09-06T20:10:33+00:00,1.0
PANINI_2024-25_HOOPS_HOBBY,WATCH,True,hobby,sportscardjunction,watch,2024-25 Panini NBA Hoops Basketball Hobby Box,,190.0,,,0,209.32,7.0,,,,,,,,0,https://sportscardjunction.com/products/2024-25-panini-nba-hoops-basketball-hobby-box,2026-09-06T20:10:33+00:00,1.0
PANINI_2024-25_HOOPS_HOBBY,WATCH,True,hobby,awesome,trusted,2024-25 Panini Hoops Basketball Hobby Box,,199.75,,,0,219.41,7.0,,,,,,,,0,https://theawesomecardshop.com/products/2024-25-panini-hoops-basketball-hobby-box,2026-09-06T20:10:33+00:00,1.0
PANINI_2024-25_HOOPS_HOBBY,WATCH,True,hobby,bleecker,watch,2024-25 Panini Hoops Basketball Hobby Box,,240.0,,,0,261.04,7.0,,,,,,,,0,https://bleeckertrading.com/products/2024-25-panini-hoops-nba-hobby-box,2026-09-06T20:10:33+00:00,1.0
PANINI_2024-25_COURT_KINGS_HOBBY,WATCH,True,hobby,sportscardjunction,watch,2024-25 Panini Court Kings Basketball Hobby Box,,165.0,,,0,183.46,165.0,,,,,,,,0,https://sportscardjunction.com/products/2024-25-panini-court-kings-basketball-hobby-box,2026-09-06T20:10:33+00:00,1.0
PANINI_2024-25_COURT_KINGS_HOBBY,WATCH,True,hobby,awesome,trusted,2024-25 Panini Court Kings Basketball Hobby Box,,174.75,,,0,193.55,165.0,,,,,,,,0,https://theawesomecardshop.com/products/2024-25-panini-court-kings-basketball-hobby-box,2026-09-06T20:10:33+00:00,1.0
PANINI_2024-25_COURT_KINGS_HOBBY,WATCH,True,hobby,columbia,trusted,2024-25 Panini Court Kings Basketball Hobby Box,,174.99,,,0,193.8,165.0,,,,,,,,0,https://columbiasportscard.com/products/2024-25-panini-court-kings-basketball-hobby-box,2026-09-06T20:10:33+00:00,1.0
PANINI_2024-25_COURT_KINGS_HOBBY,WATCH,True,hobby,ehcards,trusted,2024/25 Panini Court Kings NBA Basketball Hobby Box,,199.99,,,0,219.66,165.0,,,,,,,,0,https://ehcards.com/products/2024-25-panini-court-kings-nba-basketball-hobby-box,2026-09-06T20:10:33+00:00,1.0
PANINI_2024-25_COURT_KINGS_HOBBY,WATCH,True,hobby,deichcards,watch,Panini Court Kings Basketball NBA Hobby Box 2024/2025,,209.9,,,0,229.91,165.0,,,,,,,,0,https://deichcards.de/products/panini-court-kings-basketball-nba-hobby-box-2024-2025,2026-09-06T20:10:33+00:00,1.0
PANINI_2024-25_COURT_KINGS_HOBBY,WATCH,True,hobby,rlsports,watch,2024-25 Panini Court Kings Basketball Hobby Box,,219.99,,,0,240.35,165.0,,,,,,,,0,https://rlsportscards.com/products/2024-25-panini-court-kings-basketball-hobby-box,2026-09-06T20:10:33+00:00,1.0
PANINI_2024-25_COURT_KINGS_HOBBY,WATCH,True,hobby,bleecker,watch,2024-25 Court Kings Basketball Hobby Box,,275.0,,,0,297.25,165.0,,,,,,,,0,https://bleeckertrading.com/products/2023-24-panini-court-kings-basketball-hobby-box-presale,2026-09-06T20:10:33+00:00,1.0
PANINI_2024-25_REVOLUTION_HOBBY,WATCH,True,hobby,deichcards,watch,Panini Revolution Basketball Hobby Box 2024/2025,,185.0,,,0,204.15,780.0,,,,,,,,0,https://deichcards.de/products/panini-revolution-basketball-hobby-box-2024-2025,2026-09-06T20:10:33+00:00,1.0
PANINI_2024-25_REVOLUTION_HOBBY,WATCH,True,hobby,worldchampion,watch,2024/25 Panini Revolution Basketball Hobby Box,,220.0,,,0,240.36,780.0,,,,,,,,0,https://www.worldchampionsportscards.org/products/2024-25-panini-revolution-basketball-hobby-box,2026-09-06T20:10:33+00:00,1.0
PANINI_2024-25_REVOLUTION_HOBBY,WATCH,True,hobby,worldchampion,watch,2024-25 Panini Revolution NBA Trading Card Box (Hobby),,240.0,,,0,261.04,780.0,,,,,,,,0,https://www.worldchampionsportscards.org/products/2024-25-panini-revolution-nba-trading-card-box-hobby,2026-09-06T20:10:33+00:00,1.0
PANINI_2024-25_REVOLUTION_HOBBY,WATCH,True,hobby,rlsports,watch,2024-25 Panini Revolution Basketball Hobby Box,,309.99,,,0,333.44,780.0,,,,,,,,0,https://rlsportscards.com/products/2024-25-panini-revolution-basketball-hobby-box,2026-09-06T20:10:33+00:00,1.0
PANINI_2024-25_REVOLUTION_HOBBY,WATCH,True,hobby,bleecker,watch,2024-25 Panini Revolution Basketball Hobby Box,,325.0,,,0,348.97,780.0,,,,,,,,0,https://bleeckertrading.com/products/2024-25-panini-revolution-basketball-hobby-box-presale,2026-09-06T20:10:33+00:00,1.0
PANINI_2024-25_REVOLUTION_HOBBY,WATCH,True,hobby,sportscardjunction,watch,2024-25 Panini Revolution Basketball Hobby Box,,325.0,,,0,348.97,780.0,,,,,,,,0,https://sportscardjunction.com/products/pre-order-2024-25-panini-revolution-basketball-hobby-box-releases-5-23-25,2026-09-06T20:10:33+00:00,1.0
PANINI_2024-25_REVOLUTION_HOBBY,WATCH,True,hobby,columbia,trusted,2024-25 Panini Revolution Basketball Hobby Box,,339.95,,,0,364.43,780.0,,,,,,,,0,https://columbiasportscard.com/products/2024-25-panini-revolution-basketball-hobby-box,2026-09-06T20:10:33+00:00,1.0
PANINI_2024-25_REVOLUTION_HOBBY,WATCH,True,hobby,awesome,trusted,2024-25 Panini Revolution Basketball Hobby Box,,449.75,,,0,478.01,780.0,,,,,,,,0,https://theawesomecardshop.com/products/2024-25-panini-revolution-basketball-hobby-box,2026-09-06T20:10:33+00:00,1.0
TOPPS_2023-24_CHROME_HOBBY,ACTIVE,nbpa,hobby,stcuk,watch,2023/24 Topps Chrome McDonald's All-American Basketball Hobby Box,,125.0,,,1,142.09,369.95,300.0,stockx,2026-08-18,260.0,300.0,,GO,0,https://sportstradingcardsuk.com/products/pre-order-2023-24-topps-chrome-mcdonalds-all-american-basketball-hobby-box,2026-09-06T20:10:33+00:00,1.0
TOPPS_2023-24_CHROME_HOBBY,ACTIVE,nbpa,hobby,cardiacs,trusted,2023-24 Topps Chrome Basketball Hobby Box,,369.95,,,0,395.46,369.95,300.0,stockx,2026-08-18,260.0,300.0,,,0,https://www.thecardiacs.com/products/2023-24-topps-chrome-basketball-hobby-box,2026-09-06T20:10:33+00:00,1.0
TOPPS_2023-24_CHROME_HOBBY,ACTIVE,nbpa,hobby,sportscardjunction,watch,2023-24 Topps Chrome Basketball Hobby Box,,400.0,,,0,426.55,369.95,300.0,stockx,2026-08-18,260.0,300.0,,,0,https://sportscardjunction.com/products/2023-24-topps-chrome-basketball-hobby-box,2026-09-06T20:10:33+00:00,1.0
TOPPS_2023-24_CHROME_HOBBY,ACTIVE,nbpa,hobby,awesome,trusted,2023-24 Topps Chrome Basketball Hobby Box,,408.0,,,0,434.82,369.95,300.0,stockx,2026-08-18,260.0,300.0,,,0,https://theawesomecardshop.com/products/2023-24-topps-chrome-basketball-hobby-box-1,2026-09-06T20:10:33+00:00,1.0
TOPPS_2023-24_CHROME_HOBBY,ACTIVE,nbpa,hobby,bleecker,watch,2023-24 Topps Chrome Basketball Hobby Box,,500.0,,,0,529.99,369.95,300.0,stockx,2026-08-18,260.0,300.0,,,0,https://bleeckertrading.com/products/2023-24-topps-chrome-basketball,2026-09-06T20:10:33+00:00,1.0
TOPPS_2023-24_CHROME_HOBBY,ACTIVE,nbpa,hobby,worldchampion,watch,2023/24 Topps Chrome Basketball Hobby Box,,525.0,,,0,555.85,369.95,300.0,stockx,2026-08-18,260.0,300.0,,,0,https://www.worldchampionsportscards.org/products/2023-24-topps-chrome-basketball-hobby-box-presell,2026-09-06T20:10:33+00:00,1.0
TOPPS_2023-24_CHROME_HOBBY,ACTIVE,nbpa,hobby,rlsports,watch,2023-24 Topps Chrome Basketball Hobby Box,,549.99,,,0,581.7,369.95,300.0,stockx,2026-08-18,260.0,300.0,,,0,https://rlsportscards.com/products/2023-24-topps-chrome-basketball-hobby-box,2026-09-06T20:10:33+00:00,1.0
TOPPS_2023-24_CHROME_HOBBY,ACTIVE,nbpa,hobby,monmouth,watch,2023-24 Topps Chrome Basketball Hobby Box,,1499.99,,,0,1564.38,369.95,300.0,stockx,2026-08-18,260.0,300.0,,,0,https://monmouthcards.com/products/2023-24-topps-chrome-basketball-hobby,2026-09-06T20:10:33+00:00,1.0
TOPPS_2023-24_CHROME_SAPPHIRE,WATCH,nbpa,hobby,bleecker,watch,2023-24 Topps Chrome Basketball Sapphire Edition Hobby Box,,400.0,,,0,426.55,400.0,,,,,,,,0,https://bleeckertrading.com/products/2023-24-topps-chrome-basketball-sapphire-edition,2026-09-06T20:10:33+00:00,1.0
TOPPS_2023-24_COSMIC_CHROME_HOBBY,WATCH,nbpa,hobby,awesome,trusted,2023-24 Topps Cosmic Chrome Basketball Hobby Box,,159.75,,,0,178.03,,187.0,stockx,2026-08-18,,,,,0,https://theawesomecardshop.com/products/2023-24-topps-cosmic-chrome-basketball-hobby-box,2026-09-06T20:10:33+00:00,1.0
TOPPS_2023-24_COSMIC_CHROME_HOBBY,WATCH,nbpa,hobby,rlsports,watch,2023-24 Topps Cosmic Chrome Basketball Hobby Box,,169.99,,,0,188.63,,187.0,stockx,2026-08-18,,,,,0,https://rlsportscards.com/products/2023-24-topps-cosmic-chrome-basketball-hobby-box,2026-09-06T20:10:33+00:00,1.0
TOPPS_2023-24_COSMIC_CHROME_HOBBY,WATCH,nbpa,hobby,hiddengems,trusted,2023-24 Topps Cosmic Chrome Basketball HOBBY Box - SEALED,,175.0,,,0,193.81,,187.0,stockx,2026-08-18,,,,,0,https://www.hiddengemscardshop.com/products/2023-24-topps-cosmic-chrome-basketball-hobby-box-sealed,2026-09-06T20:10:33+00:00,1.0
TOPPS_2023-24_COSMIC_CHROME_HOBBY,WATCH,nbpa,hobby,worldchampion,watch,2023/24 Topps Cosmic Chrome Basketball Hobby Box,,275.0,,,0,297.25,,187.0,stockx,2026-08-18,,,,,0,https://www.worldchampionsportscards.org/products/2023-24-topps-cosmic-chrome-basketball-hobby-box,2026-09-06T20:10:33+00:00,1.0
PANINI_2023-24_NATIONAL_TREASURES_HOBBY,CANDIDATE,True,hobby,awesome,trusted,2023-24 Panini National Treasures Basketball Hobby Box,,2999.75,,,0,3115.73,2800.0,,,,,,,,0,https://theawesomecardshop.com/products/2023-24-panini-national-treasures-basketball-hobby-box,2026-09-06T20:10:33+00:00,1.0
PANINI_2023-24_NATIONAL_TREASURES_HOBBY,CANDIDATE,True,hobby,rlsports,watch,2023-24 Panini National Treasures Basketball Hobby Box,,2999.99,,,0,3115.98,2800.0,,,,,,,,0,https://rlsportscards.com/products/2023-24-panini-national-treasures-basketball-hobby-box,2026-09-06T20:10:33+00:00,1.0
PANINI_2023-24_NATIONAL_TREASURES_HOBBY,CANDIDATE,True,hobby,bleecker,watch,2023-24 National Treasures Basketball Hobby Box,,3000.0,,,0,3115.99,2800.0,,,,,,,,0,https://bleeckertrading.com/products/2023-24-national-treasures-basketball-hobby-box,2026-09-06T20:10:33+00:00,1.0
PANINI_2023-24_NATIONAL_TREASURES_HOBBY,CANDIDATE,True,hobby,sportscardjunction,watch,2023-24 Panini National Treasures Basketball Hobby Box,,3400.0,,,0,3529.75,2800.0,,,,,,,,0,https://sportscardjunction.com/products/2023-24-panini-national-treasures-basketball-hobby-box,2026-09-06T20:10:33+00:00,1.0
PANINI_2023-24_FLAWLESS_HOBBY,CANDIDATE,True,hobby,awesome,trusted,2023-24 Panini Flawless Basketball Hobby Box,,10999.75,,,0,11390.93,10999.75,,,,,,,,0,https://theawesomecardshop.com/products/2023-24-panini-flawless-basketball-hobby-box,2026-09-06T20:10:33+00:00,1.0
PANINI_2023-24_FLAWLESS_HOBBY,CANDIDATE,True,hobby,sportscardjunction,watch,2023-24 Panini Flawless Basketball Hobby Box,,12000.0,,,0,12425.59,10999.75,,,,,,,,0,https://sportscardjunction.com/products/2023-24-panini-flawless-basketball-hobby-box,2026-09-06T20:10:33+00:00,1.0
PANINI_2023-24_NOIR_HOBBY,CANDIDATE,True,hobby,superior,watch,2023-24 Panini Noir Basketball Hobby Box,,3500.0,,,1,3633.19,3500.0,,,,,,,CANDIDAT,0,https://superiorsportsinvestments.com/products/2023-24-panini-noir-basketball-hobby-box,2026-09-06T20:10:33+00:00,1.0
PANINI_2023-24_NOIR_HOBBY,CANDIDATE,True,hobby,cardiacs,trusted,2023-24 Panini Noir Basketball Hobby Box,,1899.95,,,0,1978.1,3500.0,,,,,,,,0,https://www.thecardiacs.com/products/2023-24-panini-noir-basketball-hobby-box,2026-09-06T20:10:33+00:00,1.0
PANINI_2023-24_NOIR_HOBBY,CANDIDATE,True,hobby,rlsports,watch,2023-24 Panini Noir Basketball Hobby Box,,2099.99,,,0,2185.02,3500.0,,,,,,,,0,https://rlsportscards.com/products/2023-24-panini-noir-basketball-hobby-box,2026-09-06T20:10:33+00:00,1.0
PANINI_2023-24_NOIR_HOBBY,CANDIDATE,True,hobby,awesome,trusted,2023-24 Panini Noir Basketball Hobby Box,,2499.75,,,0,2598.53,3500.0,,,,,,,,0,https://theawesomecardshop.com/products/2023-24-panini-noir-basketball-hobby-box,2026-09-06T20:10:33+00:00,1.0
PANINI_2023-24_NOIR_HOBBY,CANDIDATE,True,hobby,sportscardjunction,watch,2023-24 Panini NOIR Basketball Hobby Box,,3150.0,,,0,3271.15,3500.0,,,,,,,,0,https://sportscardjunction.com/products/2023-24-panini-noir-basketball-hobby-box,2026-09-06T20:10:33+00:00,1.0
PANINI_2023-24_ONE_AND_ONE_HOBBY,CANDIDATE,True,hobby,superior,watch,2023-24  Panini One and One Basketball Hobby Box,,1650.0,,,1,1719.55,1650.0,,,,,,,CANDIDAT,0,https://superiorsportsinvestments.com/products/2023-24-panini-one-and-one-basketball-hobby-box,2026-09-06T20:10:33+00:00,1.0
PANINI_2023-24_ONE_AND_ONE_HOBBY,CANDIDATE,True,hobby,sportscardjunction,watch,2023-24 Panini One and One Basketball Hobby Box,,700.0,,,0,736.87,1650.0,,,,,,,,0,https://sportscardjunction.com/products/2023-24-panini-one-and-one-basketball-hobby-box,2026-09-06T20:10:33+00:00,1.0
PANINI_2023-24_ONE_AND_ONE_HOBBY,CANDIDATE,True,hobby,rlsports,watch,2023-24 Panini One and One Basketball Hobby Box,,799.99,,,0,840.3,1650.0,,,,,,,,0,https://rlsportscards.com/products/2023-24-panini-one-and-one-basketball-hobby-box,2026-09-06T20:10:33+00:00,1.0
PANINI_2023-24_ONE_AND_ONE_HOBBY,CANDIDATE,True,hobby,bleecker,watch,2023-24 Panini One and One Basketball Hobby Box,,800.0,,,0,840.31,1650.0,,,,,,,,0,https://bleeckertrading.com/products/2023-24-panini-one-and-one-basketball-sealed-box,2026-09-06T20:10:33+00:00,1.0
PANINI_2023-24_ONE_AND_ONE_HOBBY,CANDIDATE,True,hobby,deichcards,watch,Panini One and One Basketball NBA Hobby Box 2023/2024,,899.0,,,0,942.71,1650.0,,,,,,,,0,https://deichcards.de/products/panini-one-and-one-basketball-nba-hobby-box-2023-2024,2026-09-06T20:10:33+00:00,1.0
TOPPS_2023-24_MIDNIGHT_HOBBY,CANDIDATE,nbpa,hobby,dacardworldeu,watch,2023/24 Topps Midnight Basketball Hobby 2023/24 Topps Midnight Basketball Hobby Box,2023/24 Topps Midnight Basketball Hobby Box,525.0,,,1,555.85,695.0,,,,,,,CANDIDAT,0,https://dacardworld.eu/products/2023-24-topps-midnight-basketball-hobby,2026-09-06T20:10:33+00:00,1.0
TOPPS_2023-24_MIDNIGHT_HOBBY,CANDIDATE,nbpa,hobby,superior,watch,2023-24 Topps Midnight Basketball Hobby Box,,695.0,,,1,731.7,695.0,,,,,,,,0,https://superiorsportsinvestments.com/products/2023-24-topps-midnight-basketball-hobby-box,2026-09-06T20:10:33+00:00,1.0
TOPPS_2023-24_MIDNIGHT_HOBBY,CANDIDATE,nbpa,hobby,sportscardjunction,watch,2023-24 Topps Midnight Basketball Hobby Box,,195.0,,,0,214.5,695.0,,,,,,,,0,https://sportscardjunction.com/products/2023-24-topps-midnight-basketball-hobby-box,2026-09-06T20:10:33+00:00,1.0
TOPPS_2023-24_MIDNIGHT_HOBBY,CANDIDATE,nbpa,hobby,awesome,trusted,2023-24 Topps Midnight Basketball Hobby Box,,199.75,,,0,219.41,695.0,,,,,,,,0,https://theawesomecardshop.com/products/2023-24-topps-midnight-basketball-hobby-box,2026-09-06T20:10:33+00:00,1.0
TOPPS_2023-24_MIDNIGHT_HOBBY,CANDIDATE,nbpa,hobby,rlsports,watch,2023-24 Topps Midnight Basketball Hobby Box,,199.99,,,0,219.66,695.0,,,,,,,,0,https://rlsportscards.com/products/2023-24-topps-midnight-basketball-hobby-box,2026-09-06T20:10:33+00:00,1.0
TOPPS_2023-24_MIDNIGHT_HOBBY,CANDIDATE,nbpa,hobby,monmouth,watch,2023-24 Topps Midnight Basketball Hobby Box,,229.99,,,0,250.69,695.0,,,,,,,,0,https://monmouthcards.com/products/2023-24-topps-midnight-basketball-hobby-box,2026-09-06T20:10:33+00:00,1.0
TOPPS_2023-24_MIDNIGHT_HOBBY,CANDIDATE,nbpa,hobby,bleecker,watch,2023-24 Topps Midnight Basketball Hobby Box,,250.0,,,0,271.39,695.0,,,,,,,,0,https://bleeckertrading.com/products/2023-24-topps-midnight-basketball-sealed-hobby-box,2026-09-06T20:10:33+00:00,1.0
TOPPS_2023-24_MIDNIGHT_HOBBY,CANDIDATE,nbpa,hobby,dioib,watch,2023-24 Topps Midnight Basketball Hobby Box,,263.0,,,0,284.83,695.0,,,,,,,,0,https://dioib.fr/products/2023-24-topps-midnight-basketball-hobby-box,2026-09-06T20:10:33+00:00,1.0
TOPPS_2023-24_MIDNIGHT_HOBBY,CANDIDATE,nbpa,hobby,worldchampion,watch,2023/24 Topps Midnight Basketball Hobby Box,,300.0,,,0,323.11,695.0,,,,,,,,0,https://www.worldchampionsportscards.org/products/2023-24-topps-midnight-basketball-hobby-box,2026-09-06T20:10:33+00:00,1.0
TOPPS_2023-24_MIDNIGHT_HOBBY,CANDIDATE,nbpa,hobby,hiddengems,trusted,2023-24 Topps Midnight Basketball Hobby Box,,699.0,,,0,735.83,695.0,,,,,,,,0,https://www.hiddengemscardshop.com/products/2023-24-topps-midnight-basketball-hobby-box-presale-ships-on-2-25-2025,2026-09-06T20:10:33+00:00,1.0
TOPPS_2023-24_MIDNIGHT_HOBBY,CANDIDATE,nbpa,hobby,boxseat,watch,2023-2024 Topps Midnight Basketball HOBBY BOX,,699.99,,,0,736.86,695.0,,,,,,,,0,https://boxseatcollectibles.com/products/2023-2024-topps-midnight-basketball-hobby-box,2026-09-06T20:10:33+00:00,1.0
TOPPS_2025-26_BOWMAN_HOBBY,WATCH,True,hobby,rbicru7,trusted,"2025-26 Bowman Basketball Hobby, Box",,475.0,,,1,504.13,339.99,,,,,,,SUIVI,0,https://rbicru7.com/products/2025-26-bowman-basketball-hobby-box,2026-09-06T20:10:33+00:00,1.0
TOPPS_2025-26_BOWMAN_HOBBY,WATCH,True,hobby,sportscardjunction,watch,2025-26 Bowman Basketball Hobby Box,,475.0,,,1,504.13,339.99,,,,,,,,0,https://sportscardjunction.com/products/pre-order-2025-26-bowman-basketball-hobby-box-releases-4-22-26,2026-09-06T20:10:33+00:00,1.0
TOPPS_2025-26_BOWMAN_HOBBY,WATCH,True,hobby,awesome,trusted,2025-26 Bowman Basketball Hobby Box,,499.75,,,1,529.73,339.99,,,,,,,,0,https://theawesomecardshop.com/products/2025-26-bowman-basketball-hobby-box,2026-09-06T20:10:33+00:00,1.0
TOPPS_2025-26_BOWMAN_HOBBY,WATCH,True,hobby,collectorstore,trusted,2025/26 Bowman Basketball Hobby Box,,499.95,,,1,529.94,339.99,,,,,,,,0,https://collectorstore.com/products/202526-bowman-basketball-hobby-fgc006684,2026-09-06T20:10:33+00:00,1.0
TOPPS_2025-26_BOWMAN_HOBBY,WATCH,True,hobby,bleecker,watch,2025-26 Bowman Basketball Hobby Box,,550.0,,,1,581.71,339.99,,,,,,,,0,https://bleeckertrading.com/products/2025-26-bowman-basketball-hobby-box-presale,2026-09-06T20:10:33+00:00,1.0
TOPPS_2025-26_BOWMAN_HOBBY,WATCH,True,hobby,hiddengems,trusted,2025-26 Bowman Basketball Hobby Box,,550.0,,,1,581.71,339.99,,,,,,,,0,https://www.hiddengemscardshop.com/products/2025-26-bowman-basketball-hobby-box-presell,2026-09-06T20:10:33+00:00,1.0
TOPPS_2025-26_BOWMAN_HOBBY,WATCH,True,hobby,monmouth,watch,2025-26 Bowman Basketball Hobby Box,,569.99,,,1,602.39,339.99,,,,,,,,0,https://monmouthcards.com/products/2025-26-bowman-basketball-hobby-box,2026-09-06T20:10:33+00:00,1.0
TOPPS_2025-26_BOWMAN_HOBBY,WATCH,True,hobby,qscards,watch,2025-26 Topps Bowman Basketball Hobby Box,,749.0,,,1,787.55,339.99,,,,,,,,0,https://qscards.com/products/2025-26-topps-bowman-basketball-hobby-box,2026-09-06T20:10:33+00:00,1.0
TOPPS_2025-26_BOWMAN_HOBBY,WATCH,True,hobby,boxseat,watch,2025-26 Bowman Basketball HOBBY BOX,,749.99,,,1,788.58,339.99,,,,,,,,0,https://boxseatcollectibles.com/products/2025-26-bowman-basketball-hobby-box,2026-09-06T20:10:33+00:00,1.0
TOPPS_2025-26_BOWMAN_HOBBY,WATCH,True,hobby,columbia,trusted,2025-26 Bowman Basketball Hobby Box,,349.99,,,0,374.82,339.99,,,,,,,,0,https://columbiasportscard.com/products/2025-26-bowman-basketball-hobby-box,2026-09-06T20:10:33+00:00,1.0
TOPPS_2025-26_BOWMAN_HOBBY,WATCH,True,hobby,rlsports,watch,2025-26 Bowman Basketball Hobby Box,,419.99,,,0,447.23,339.99,,,,,,,,0,https://rlsportscards.com/products/2025-26-bowman-basketball-hobby-box,2026-09-06T20:10:33+00:00,1.0
TOPPS_2025-26_BOWMAN_HOBBY,WATCH,True,hobby,ehcards,trusted,2025/26 Bowman Basketball Hobby Box,,499.99,,,0,529.98,339.99,,,,,,,,0,https://ehcards.com/products/2025-26-bowman-basketball-hobby-box,2026-09-06T20:10:33+00:00,1.0
TOPPS_2025-26_BOWMAN_HOBBY,WATCH,True,hobby,worldchampion,watch,2025/26 Bowman Basketball Hobby Box,,550.0,,,0,581.71,339.99,,,,,,,,0,https://www.worldchampionsportscards.org/products/2025-26-bowman-basketball-hobby-box-presell,2026-09-06T20:10:33+00:00,1.0
TOPPS_2025-26_BOWMAN_HOBBY,WATCH,True,hobby,awesome,trusted,2025-26 Bowman Basketball Hobby Delight Box,,1094.75,,,0,1145.2,339.99,,,,,,,,0,https://theawesomecardshop.com/products/2025-26-bowman-basketball-hobby-breakers-delight-box,2026-09-06T20:10:33+00:00,1.0
TOPPS_2025-26_BOWMAN_HOBBY_JUMBO,WATCH,True,hobby,awesome,trusted,2025-26 Bowman Basketball Hobby Jumbo Box,,774.75,,,1,814.19,749.0,,,,,,,SUIVI,0,https://theawesomecardshop.com/products/2025-26-bowman-basketball-hobby-jumbo-box,2026-09-06T20:10:33+00:00,1.0
TOPPS_2025-26_BOWMAN_HOBBY_JUMBO,WATCH,True,hobby,rbicru7,trusted,"2025-26 Bowman Basketball Jumbo, Box",,775.0,,,1,814.45,749.0,,,,,,,,0,https://rbicru7.com/products/2025-26-bowman-basketball-jumbo-box,2026-09-06T20:10:33+00:00,1.0
TOPPS_2025-26_BOWMAN_HOBBY_JUMBO,WATCH,True,hobby,sportscardjunction,watch,2025-26 Bowman Basketball Jumbo Box,,775.0,,,1,814.45,749.0,,,,,,,,0,https://sportscardjunction.com/products/pre-order-2025-26-bowman-basketball-jumbo-box-releases-4-22-26,2026-09-06T20:10:33+00:00,1.0
TOPPS_2025-26_BOWMAN_HOBBY_JUMBO,WATCH,True,hobby,collectorstore,trusted,2025/26 Bowman Basketball Jumbo Box,,799.95,,,1,840.26,749.0,,,,,,,,0,https://collectorstore.com/products/2025-26-bowman-basketball-jumbo-box,2026-09-06T20:10:33+00:00,1.0
TOPPS_2025-26_BOWMAN_HOBBY_JUMBO,WATCH,True,hobby,hiddengems,trusted,2025/26 Bowman Basketball Jumbo Hobby Box,,850.0,,,1,892.03,749.0,,,,,,,,0,https://www.hiddengemscardshop.com/products/2025-26-bowman-basketball-jumbo-hobby-box-presell,2026-09-06T20:10:33+00:00,1.0
TOPPS_2025-26_BOWMAN_HOBBY_JUMBO,WATCH,True,hobby,columbia,trusted,2025-26 Bowman Basketball Hobby Jumbo Box,,598.99,,,0,632.38,749.0,,,,,,,,0,https://columbiasportscard.com/products/2025-26-bowman-basketball-jumbo-hobby-box,2026-09-06T20:10:33+00:00,1.0
TOPPS_2025-26_BOWMAN_HOBBY_JUMBO,WATCH,True,hobby,cardiacs,trusted,2025-26 Bowman Basketball Hobby Jumbo Box,,664.95,,,0,700.61,749.0,,,,,,,,0,https://www.thecardiacs.com/products/2025-26-bowman-basketball-hobby-jumbo-box,2026-09-06T20:10:33+00:00,1.0
TOPPS_2025-26_BOWMAN_HOBBY_JUMBO,WATCH,True,hobby,worldchampion,watch,2025/26 Bowman Basketball Hobby Jumbo Box,,680.0,,,0,716.18,749.0,,,,,,,,0,https://www.worldchampionsportscards.org/products/2025-26-bowman-basketball-hobby-jumbo-box-presell,2026-09-06T20:10:33+00:00,1.0
TOPPS_2025-26_BOWMAN_HOBBY_JUMBO,WATCH,True,hobby,rlsports,watch,2025-26 Bowman Basketball Jumbo Box,,699.99,,,0,736.86,749.0,,,,,,,,0,https://rlsportscards.com/products/2025-26-bowman-basketball-jumbo-box,2026-09-06T20:10:33+00:00,1.0
TOPPS_2025-26_BOWMAN_HOBBY_JUMBO,WATCH,True,hobby,monmouth,watch,2025-26 Bowman Basketball Hobby Jumbo Box,,799.99,,,0,840.3,749.0,,,,,,,,0,https://monmouthcards.com/products/2025-26-bowman-basketball-hobby-jumbo-box,2026-09-06T20:10:33+00:00,1.0
TOPPS_2025-26_BOWMAN_HOBBY_JUMBO,WATCH,True,hobby,boxseat,watch,2025-26 Bowman Basketball JUMBO BOX,,899.99,,,0,943.74,749.0,,,,,,,,0,https://boxseatcollectibles.com/products/2025-26-bowman-basketball-jumbo-box,2026-09-06T20:10:33+00:00,1.0
TOPPS_2025-26_BOWMAN_HOBBY_JUMBO,WATCH,True,hobby,bleecker,watch,2025-26 Bowman Basketball Hobby Jumbo Box,,950.0,,,0,995.47,749.0,,,,,,,,0,https://bleeckertrading.com/products/2025-26-bowman-basketball-hobby-jumbo-box-presale,2026-09-06T20:10:33+00:00,1.0
TOPPS_2025-26_BOWMAN_HOBBY_JUMBO,WATCH,True,hobby,ehcards,trusted,2025/26 Bowman Basketball Hobby Jumbo Box,,999.99,,,0,1047.18,749.0,,,,,,,,0,https://ehcards.com/products/2025-26-bowman-basketball,2026-09-06T20:10:33+00:00,1.0
TOPPS_2025-26_BOWMAN_BREAKERS_DELIGHT,WATCH,True,hobby,hiddengems,trusted,2025/26 Bowman Basketball Breaker Delight Box,,1700.0,,,0,1771.27,1700.0,,,,,,,,0,https://www.hiddengemscardshop.com/products/2025-26-bowman-basketball-breaker-delight-box-presell,2026-09-06T20:10:33+00:00,1.0
TOPPS_2025-26_BOWMAN_BREAKERS_DELIGHT,WATCH,True,hobby,bleecker,watch,2025-26 Bowman Basketball Breakers Delight Box,,1900.0,,,0,1978.15,1700.0,,,,,,,,0,https://bleeckertrading.com/products/2025-26-bowman-basketball-breakers-delight-box-presale,2026-09-06T20:10:33+00:00,1.0
TOPPS_2025-26_BOWMAN_HOBBY_CASE,CANDIDATE,True,hobby,boxseat,watch,2025-26 Bowman Basketball Sealed Hobby Case 12 Boxes,,7199.99,12,600.0,1,633.43,7199.99,,,,,,,CANDIDAT,0,https://boxseatcollectibles.com/products/2025-bowman-basketball-sealed-hobby-case-12-boxes,2026-09-06T20:10:33+00:00,1.0
TOPPS_2025-26_BOWMAN_HOBBY_CASE,CANDIDATE,True,hobby,awesome,trusted,2025-26 Bowman Basketball Hobby 12-Box Case,,3990.75,12,332.56,0,356.79,7199.99,,,,,,,,0,https://theawesomecardshop.com/products/2025-26-bowman-basketball-hobby-12-box-case,2026-09-06T20:10:33+00:00,1.0
TOPPS_2025-26_BOWMAN_HOBBY_CASE,CANDIDATE,True,hobby,awesome,trusted,2025-26 Bowman Basketball Hobby Jumbo 8-Box Case,,5175.75,12,431.31,0,458.94,7199.99,,,,,,,,0,https://theawesomecardshop.com/products/2025-26-bowman-basketball-hobby-jumbo-8-box-case,2026-09-06T20:10:33+00:00,1.0
TOPPS_2025-26_BOWMAN_HOBBY_CASE,CANDIDATE,True,hobby,awesome,trusted,2025-26 Bowman Basketball Hobby Delight 6-Box Case,,6475.75,12,539.65,0,571.0,7199.99,,,,,,,,0,https://theawesomecardshop.com/products/2025-26-bowman-basketball-hobby-breakers-delight-6-box-case,2026-09-06T20:10:33+00:00,1.0
TOPPS_2025-26_BOWMAN_HOBBY_CASE,CANDIDATE,True,hobby,worldchampion,watch,2025/26 Bowman Basketball Hobby 12-Box Case (Presell),,10000.0,12,833.33,0,874.79,7199.99,,,,,,,,0,https://www.worldchampionsportscards.org/products/2025-26-bowman-basketball-hobby-12-box-case-presell,2026-09-06T20:10:33+00:00,1.0
TOPPS_2025-26_BOWMAN_HOBBY_CASE,CANDIDATE,True,hobby,worldchampion,watch,2025/26 Bowman Basketball Hobby Jumbo 8-Box Case (Presell),,12000.0,12,1000.0,0,1047.19,7199.99,,,,,,,,0,https://www.worldchampionsportscards.org/products/2025-26-bowman-basketball-hobby-jumbo-8-box-case-presell,2026-09-06T20:10:33+00:00,1.0
TOPPS_2025-26_BOWMAN_BREAKERS_DELIGHT_CASE,CANDIDATE,True,hobby,sportscardjunction,watch,2025-26 Bowman Basketball Sealed 6 Delight Box Case,,9995.0,6,1665.83,0,1735.93,,,,,,,,,0,https://sportscardjunction.com/products/pre-order-2025-26-bowman-basketball-6-delight-box-sealed-case,2026-09-06T20:10:33+00:00,1.0
TOPPS_2025-26_BOWMAN_MEGA_CASE,CANDIDATE,True,hobby,awesome,trusted,2025-26 Bowman Basketball Mega 20-Box Case,,1699.75,20,84.99,0,100.7,1699.75,,,,,,,,0,https://theawesomecardshop.com/products/2025-26-bowman-basketball-mega-20-box-case,2026-09-06T20:10:33+00:00,1.0
TOPPS_2025-26_BOWMAN_VALUE_BLASTER_CASE,CANDIDATE,True,hobby,awesome,trusted,2025-26 Bowman Basketball Blaster 40-Box Case,,1590.75,40,39.77,0,53.92,1590.75,,,,,,,,0,https://theawesomecardshop.com/products/2025-26-bowman-basketball-blaster-40-box-case,2026-09-06T20:10:33+00:00,1.0
TOPPS_2025-26_BOWMAN_VALUE_BLASTER_CASE,CANDIDATE,True,hobby,worldchampion,watch,2025/26 Bowman Basketball Blaster 40-Box Case (Presell),,2400.0,40,60.0,0,74.85,1590.75,,,,,,,,0,https://www.worldchampionsportscards.org/products/2025-26-bowman-basketball-blaster-40-box-case-presell,2026-09-06T20:10:33+00:00,1.0
TOPPS_2025-26_CHROME_HOBBY,WATCH,True,hobby,qscards,watch,2025-26 Topps Chrome Basketball Hobby Box,,999.0,,,1,1046.15,549.99,,,,,,,SUIVI,0,https://qscards.com/products/2025-26-topps-chrome-basketball-hobby-box,2026-09-06T20:10:33+00:00,1.0
TOPPS_2025-26_CHROME_HOBBY,WATCH,True,hobby,rbicru7,trusted,"*LAST BOX* 2025-26 Topps Chrome Basketball Hobby, Box",,1075.0,,,1,1124.77,549.99,,,,,,,,0,https://rbicru7.com/products/2025-26-topps-chrome-basketball-hobby-box,2026-09-06T20:10:33+00:00,1.0
TOPPS_2025-26_CHROME_HOBBY,WATCH,True,hobby,dacardworldeu,watch,2025/26 Topps Chrome Basketball Hobby 2025/26 Topps Chrome Basketball Hobby Box,2025/26 Topps Chrome Basketball Hobby Box,1190.0,,,1,1243.72,549.99,,,,,,,,0,https://dacardworld.eu/products/2025-26-topps-chrome-basketball-hobby,2026-09-06T20:10:33+00:00,1.0
TOPPS_2025-26_CHROME_HOBBY,WATCH,True,hobby,mafiosicards_shop,watch,2025-26 Topps Chrome Basketball Hobby Box,,1399.0,,,1,1459.91,549.99,,,,,,,,0,https://mafiosicards.com/products/2025-26-topps-chrome-basketball-hobbybox,2026-09-06T20:10:33+00:00,1.0
TOPPS_2025-26_CHROME_HOBBY,WATCH,True,hobby,boxseat,watch,2025-26 Topps Chrome Basketball HOBBY BOX,,1499.99,,,1,1564.38,549.99,,,,,,,,0,https://boxseatcollectibles.com/products/2025-26-topps-chrome-basketball-hobby-box,2026-09-06T20:10:33+00:00,1.0
TOPPS_2025-26_CHROME_HOBBY,WATCH,True,hobby,bleecker,watch,2025-26 Topps Chrome Mcdonald's All-American Basketball Hobby Box,,300.0,,,0,323.11,549.99,,,,,,,,0,https://bleeckertrading.com/products/2025-26-topps-chrome-mcdonalds-all-american-basketball-hobby-box-presale,2026-09-06T20:10:33+00:00,1.0
TOPPS_2025-26_CHROME_HOBBY,WATCH,True,hobby,hikaru_shop,watch,2025-26 Topps Chrome NBA Basketball - Hobby Box,,499.0,,,0,528.95,549.99,,,,,,,,0,https://hikarudistribution.com/products/2025-26-topps-chrome-nba-basketball-hobby-box,2026-09-06T20:10:33+00:00,1.0
TOPPS_2025-26_CHROME_HOBBY,WATCH,True,hobby,deichcards,watch,Topps Chrome Basketball Hobby Box 2025/2026,,600.0,,,0,633.43,549.99,,,,,,,,0,https://deichcards.de/products/topps-chrome-basketball-hobby-box-2025-2026,2026-09-06T20:10:33+00:00,1.0
TOPPS_2025-26_CHROME_HOBBY,WATCH,True,hobby,columbia,trusted,2025-26 Topps Chrome Basketball Hobby Box,,749.99,,,0,788.58,549.99,,,,,,,,0,https://columbiasportscard.com/products/2025-26-topps-chrome-basketball-hobby-box-columbia-sports-cards,2026-09-06T20:10:33+00:00,1.0
TOPPS_2025-26_CHROME_HOBBY,WATCH,True,hobby,sportscardjunction,watch,2025-26 Topps Chrome Basketball Hobby Box,,775.0,,,0,814.45,549.99,,,,,,,,0,https://sportscardjunction.com/products/pre-order-2025-26-topps-chrome-basketball-hobby-box-releases-12-18-25,2026-09-06T20:10:33+00:00,1.0
TOPPS_2025-26_CHROME_HOBBY,WATCH,True,hobby,hiddengems,trusted,2025-26 Topps Chrome Basketball Hobby Box,,799.0,,,0,839.27,549.99,,,,,,,,0,https://www.hiddengemscardshop.com/products/2025-26-topps-chrome-basketball-hobby-box,2026-09-06T20:10:33+00:00,1.0
TOPPS_2025-26_CHROME_HOBBY,WATCH,True,hobby,worldchampion,watch,2025/26 Topps Chrome Basketball Hobby Box,,800.0,,,0,840.31,549.99,,,,,,,,0,https://www.worldchampionsportscards.org/products/2025-26-topps-chrome-basketball-hobby-box-presell,2026-09-06T20:10:33+00:00,1.0
TOPPS_2025-26_CHROME_HOBBY,WATCH,True,hobby,bleecker,watch,2025-26 Topps Chrome Basketball Hobby Box,,960.0,,,0,1005.81,549.99,,,,,,,,0,https://bleeckertrading.com/products/2025-26-topps-chrome-basketball-hobby-box-presale,2026-09-06T20:10:33+00:00,1.0
TOPPS_2025-26_CHROME_HOBBY,WATCH,True,hobby,collectorstore,trusted,2025-26 Topps Chrome Basketball Hobby Box,,1074.95,,,0,1124.72,549.99,,,,,,,,0,https://collectorstore.com/products/2025-26-topps-chrome-basketball-hobby-box,2026-09-06T20:10:33+00:00,1.0
TOPPS_2025-26_CHROME_HOBBY,WATCH,True,hobby,awesome,trusted,2025-26 Topps Chrome Basketball Hobby Box,,1099.75,,,0,1150.37,549.99,,,,,,,,0,https://theawesomecardshop.com/products/2025-26-topps-chrome-basketball-hobby-box,2026-09-06T20:10:33+00:00,1.0
TOPPS_2025-26_CHROME_HOBBY,WATCH,True,hobby,rlsports,watch,2025-26 Topps Chrome Basketball Hobby Box,,1099.99,,,0,1150.62,549.99,,,,,,,,0,https://rlsportscards.com/products/2025-26-topps-chrome-basketball-hobby-box,2026-09-06T20:10:33+00:00,1.0
TOPPS_2025-26_CHROME_HOBBY_JUMBO,WATCH,True,hobby,mafiosicards_shop,watch,2025-26 Topps Chrome Basketball Jumbo Box,,2399.0,,,1,2494.31,2450.0,,,,,,,SUIVI,0,https://mafiosicards.com/products/2025-26-topps-chrome-basketball-jumbo-box,2026-09-06T20:10:33+00:00,1.0
TOPPS_2025-26_CHROME_HOBBY_JUMBO,WATCH,True,hobby,hikaru_shop,watch,2025-26 Topps Chrome NBA Basketball - Jumbo box,,999.0,,,0,1046.15,2450.0,,,,,,,,0,https://hikarudistribution.com/products/2025-26-topps-chrome-nba-basketball-hobby-box-copie-1,2026-09-06T20:10:33+00:00,1.0
TOPPS_2025-26_CHROME_HOBBY_JUMBO,WATCH,True,hobby,hiddengems,trusted,2025-26 Topps Chrome® Basketball - Hobby Jumbo Box (Presell),,1200.0,,,0,1254.07,2450.0,,,,,,,,0,https://www.hiddengemscardshop.com/products/2025-26-topps-chrome®-basketball-hobby-jumbo-box-presell,2026-09-06T20:10:33+00:00,1.0
TOPPS_2025-26_CHROME_HOBBY_JUMBO,WATCH,True,hobby,worldchampion,watch,2025/26 Topps Chrome Basketball Jumbo Hobby Box,,1500.0,,,0,1564.39,2450.0,,,,,,,,0,https://www.worldchampionsportscards.org/products/2025-26-topps-chrome-basketball-jumbo-hobby-box-presell,2026-09-06T20:10:33+00:00,1.0
TOPPS_2025-26_CHROME_HOBBY_JUMBO,WATCH,True,hobby,columbia,trusted,2025-26 Topps Chrome Basketball Hobby Jumbo Box,,1699.99,,,0,1771.26,2450.0,,,,,,,,0,https://columbiasportscard.com/products/2025-26-topps-chrome-basketball-hobby-jumbo-box-columbia-sports-cards,2026-09-06T20:10:33+00:00,1.0
TOPPS_2025-26_CHROME_HOBBY_JUMBO,WATCH,True,hobby,deichcards,watch,Topps Chrome Basketball Jumbo Hobby Box 2025/2026,,1700.0,,,0,1771.27,2450.0,,,,,,,,0,https://deichcards.de/products/topps-chrome-basketball-jumbo-hobby-box-2025-2026,2026-09-06T20:10:33+00:00,1.0
TOPPS_2025-26_CHROME_HOBBY_JUMBO,WATCH,True,hobby,sportscardjunction,watch,2025-26 Topps Chrome Basketball Jumbo Box,,1750.0,,,0,1822.99,2450.0,,,,,,,,0,https://sportscardjunction.com/products/pre-order-2025-26-topps-chrome-basketball-jumbo-box-releases-12-18-25,2026-09-06T20:10:33+00:00,1.0
TOPPS_2025-26_CHROME_HOBBY_JUMBO,WATCH,True,hobby,awesome,trusted,2025-26 Topps Chrome Basketball Hobby Jumbo Box,,2049.75,,,0,2133.05,2450.0,,,,,,,,0,https://theawesomecardshop.com/products/2025-26-topps-chrome-basketball-hobby-jumbo-box,2026-09-06T20:10:33+00:00,1.0
TOPPS_2025-26_CHROME_HOBBY_JUMBO,WATCH,True,hobby,bleecker,watch,2025-26 Topps Chrome Basketball Jumbo Box,,2300.0,,,0,2391.91,2450.0,,,,,,,,0,https://bleeckertrading.com/products/2025-26-topps-chrome-basketball-jumbo-box-presale,2026-09-06T20:10:33+00:00,1.0
TOPPS_2025-26_CHROME_HOBBY_JUMBO,WATCH,True,hobby,dacardworldeu,watch,2025/26 Topps Chrome Basketball Hobby Jumbo 2025/26 Topps Chrome Basketball Hobby Jumbo Box,2025/26 Topps Chrome Basketball Hobby Jumbo Box,2690.0,,,0,2795.32,2450.0,,,,,,,,0,https://dacardworld.eu/products/2025-26-topps-chrome-basketball-hobby-jumbo,2026-09-06T20:10:33+00:00,1.0
TOPPS_2025-26_CHROME_UPDATE_HOBBY,WATCH,True,hobby,qscards,watch,2025-26 Topps Chrome Update Basketball Hobby Box,,849.0,,,1,890.99,549.99,,,,,,,SUIVI,0,https://qscards.com/products/2025-26-topps-chrome-update-basketball-hobby-box,2026-09-06T20:10:33+00:00,1.0
TOPPS_2025-26_CHROME_UPDATE_HOBBY,WATCH,True,hobby,stcuk,watch,2025-26 Topps Chrome Update Series Basketball Hobby Box,,850.0,,,1,892.03,549.99,,,,,,,,0,https://sportstradingcardsuk.com/products/pre-order-2025-26-topps-chrome-update-series-basketball-hobby-box,2026-09-06T20:10:33+00:00,1.0
TOPPS_2025-26_CHROME_UPDATE_HOBBY,WATCH,True,hobby,collectorstore,trusted,2025-26 Topps Chrome Update Series Basketball Hobby Box,,999.95,,,1,1047.14,549.99,,,,,,,,0,https://collectorstore.com/products/2025-26-topps-chrome-update-series-basketball-hobby-box,2026-09-06T20:10:33+00:00,1.0
TOPPS_2025-26_CHROME_UPDATE_HOBBY,WATCH,True,hobby,rbicru7,trusted,"2025-26 Topps Chrome Update Series Basketball Hobby, Box",,1095.0,,,1,1145.46,549.99,,,,,,,,0,https://rbicru7.com/products/2025-26-topps-chrome-update-series-basketball-hobby-box,2026-09-06T20:10:33+00:00,1.0
TOPPS_2025-26_CHROME_UPDATE_HOBBY,WATCH,True,hobby,cardiacs,trusted,2025-26 Topps Chrome Update Series Basketball Hobby Box,,1099.95,,,1,1150.58,549.99,,,,,,,,0,https://www.thecardiacs.com/products/2025-26-topps-chrome-update-series-basketball-hobby-box,2026-09-06T20:10:33+00:00,1.0
TOPPS_2025-26_CHROME_UPDATE_HOBBY,WATCH,True,hobby,ehcards,trusted,2025/26 Topps Chrome UPDATE Basketball Hobby Box,,1099.99,,,1,1150.62,549.99,,,,,,,,0,https://ehcards.com/products/2025-26-topps-chrome-update-basketball-hobby-box,2026-09-06T20:10:33+00:00,1.0
TOPPS_2025-26_CHROME_UPDATE_HOBBY,WATCH,True,hobby,dacardworldeu,watch,2025/26 Topps Chrome Update Series Basketball Hobby 2025/26 Topps Chrome Update Series Basketball Hobby Box,2025/26 Topps Chrome Update Series Basketball Hobby Box,1100.0,,,1,1150.63,549.99,,,,,,,,0,https://dacardworld.eu/products/2025-26-topps-chrome-update-series-basketball-hobby,2026-09-06T20:10:33+00:00,1.0
TOPPS_2025-26_CHROME_UPDATE_HOBBY,WATCH,True,hobby,boxseat,watch,2025-26 Topps Chrome Update Basketball Hobby Box,,1249.99,,,1,1305.78,549.99,,,,,,,,0,https://boxseatcollectibles.com/products/2025-26-topps-chrome-hobby-basketball,2026-09-06T20:10:33+00:00,1.0
TOPPS_2025-26_CHROME_UPDATE_HOBBY,WATCH,True,hobby,worldchampion,watch,2025/26 Topps Chrome Update Series Basketball Hobby Box (Presell),,1250.0,,,1,1305.79,549.99,,,,,,,,0,https://www.worldchampionsportscards.org/products/2025-26-topps-chrome-update-series-basketball-hobby-box-presell,2026-09-06T20:10:33+00:00,1.0
TOPPS_2025-26_CHROME_UPDATE_HOBBY,WATCH,True,hobby,superior,watch,2025-26 Topps Chrome Update Series Basketball Hobby Box,,1400.0,,,1,1460.95,549.99,,,,,,,,0,https://superiorsportsinvestments.com/products/2025-26-topps-chrome-update-series-basketball-hobby-box,2026-09-06T20:10:33+00:00,1.0
TOPPS_2025-26_CHROME_UPDATE_HOBBY,WATCH,True,hobby,deichcards,watch,Topps Chrome Update NBA Hobby Box 2025/2026,,780.0,,,0,819.62,549.99,,,,,,,,0,https://deichcards.de/products/topps-chrome-updates-nba-hobby-box-2025-2026,2026-09-06T20:10:33+00:00,1.0
TOPPS_2025-26_CHROME_UPDATE_HOBBY,WATCH,True,hobby,columbia,trusted,2025/26 Topps Chrome Update Series Basketball Hobby Box,,974.99,,,0,1021.32,549.99,,,,,,,,0,https://columbiasportscard.com/products/2025-26-topps-chrome-update-series-basketball-hobby-box,2026-09-06T20:10:33+00:00,1.0
TOPPS_2025-26_CHROME_UPDATE_HOBBY,WATCH,True,hobby,rlsports,watch,2025-26 Topps Chrome Update Basketball Hobby Box,,975.0,,,0,1021.33,549.99,,,,,,,,0,https://rlsportscards.com/products/2025-26-topps-chrome-update-basketball-hobby-box,2026-09-06T20:10:33+00:00,1.0
TOPPS_2025-26_CHROME_UPDATE_HOBBY,WATCH,True,hobby,sportscardjunction,watch,2025-26 Topps Chrome Update Basketball Hobby Box,,995.0,,,0,1042.02,549.99,,,,,,,,0,https://sportscardjunction.com/products/2025-26-topps-chrome-update-basketball-hobby-box-pre-sale-release-8-5-26,2026-09-06T20:10:33+00:00,1.0
TOPPS_2025-26_CHROME_UPDATE_HOBBY,WATCH,True,hobby,cbhobby,watch,2025-26 Topps Chrome Update Series Basketball Hobby Box Box,Box,1000.0,,,0,1047.19,549.99,,,,,,,,0,https://cbhobby.com/products/2025-26-topps-chrome-update-series-basketball-hobby-box,2026-09-06T20:10:33+00:00,1.0
TOPPS_2025-26_CHROME_UPDATE_HOBBY,WATCH,True,hobby,hiddengems,trusted,2025-26 Topps Chrome Update Series Basketball Hobby Box,,1000.0,,,0,1047.19,549.99,,,,,,,,0,https://www.hiddengemscardshop.com/products/2025-26-topps-chrome-update-series-basketball-hobby-box,2026-09-06T20:10:33+00:00,1.0
TOPPS_2025-26_CHROME_UPDATE_HOBBY,WATCH,True,hobby,awesome,trusted,2025-26 Topps Chrome Update Series Basketball Hobby Box,,1099.75,,,0,1150.37,549.99,,,,,,,,0,https://theawesomecardshop.com/products/2025-26-topps-chrome-update-series-basketball-hobby-box,2026-09-06T20:10:33+00:00,1.0
TOPPS_2025-26_CHROME_UPDATE_HOBBY,WATCH,True,hobby,bleecker,watch,2025-26 Topps Chrome Update Series Basketball Hobby Box,,1150.0,,,0,1202.35,549.99,,,,,,,,0,https://bleeckertrading.com/products/2025-26-topps-chrome-update-series-basketball-hobby-box,2026-09-06T20:10:33+00:00,1.0
TOPPS_2025-26_CHROME_UPDATE_HOBBY,WATCH,True,hobby,sjay2k,watch,2025-26 Topps Chrome Update Basketball Hobby Box,,1500.0,,,0,1564.39,549.99,,,,,,,,0,https://www.sjay2k.com/products/2025-26-topps-chrome-update-basketball-hobby-box-pre-order-august-6,2026-09-06T20:10:33+00:00,1.0
TOPPS_2025-26_CHROME_UPDATE_JUMBO,WATCH,True,hobby,qscards,watch,2025-26 Topps Chrome Update Basketball Jumbo Box,,1999.0,,,1,2080.55,2195.0,,,,,,,SUIVI,0,https://qscards.com/products/2025-26-topps-chrome-update-basketball-jumbo-box,2026-09-06T20:10:33+00:00,1.0
TOPPS_2025-26_CHROME_UPDATE_JUMBO,WATCH,True,hobby,rbicru7,trusted,"2025-26 Topps Chrome Update Series Basketball Jumbo, Box",,2195.0,,,1,2283.3,2195.0,,,,,,,,0,https://rbicru7.com/products/2025-26-topps-chrome-update-series-basketball-jumbo-box,2026-09-06T20:10:33+00:00,1.0
TOPPS_2025-26_CHROME_UPDATE_JUMBO,WATCH,True,hobby,cardiacs,trusted,2025-26 Topps Chrome Update Series Basketball Hobby Jumbo Box,,2249.95,,,1,2340.14,2195.0,,,,,,,,0,https://www.thecardiacs.com/products/2025-26-topps-chrome-update-series-basketball-hobby-jumbo-box,2026-09-06T20:10:33+00:00,1.0
TOPPS_2025-26_CHROME_UPDATE_JUMBO,WATCH,True,hobby,collectorstore,trusted,2025-26 Topps Chrome Update Series Basketball Jumbo Box,,2249.95,,,1,2340.14,2195.0,,,,,,,,0,https://collectorstore.com/products/2025-26-topps-chrome-update-series-basketball-jumbo-box,2026-09-06T20:10:33+00:00,1.0
TOPPS_2025-26_CHROME_UPDATE_JUMBO,WATCH,True,hobby,dacardworldeu,watch,2025/26 Topps Chrome Update Series Basketball Hobby Jumbo 2025/26 Topps Chrome Update Series Basketball Hobby Jumbo Box,2025/26 Topps Chrome Update Series Basketball Hobby Jumbo Box,2595.0,,,1,2697.06,2195.0,,,,,,,,0,https://dacardworld.eu/products/2025-26-topps-chrome-update-series-basketball-hobby-jumbo,2026-09-06T20:10:33+00:00,1.0
TOPPS_2025-26_CHROME_UPDATE_JUMBO,WATCH,True,hobby,superior,watch,2025-26 Topps Chrome Update Series Basketball Hobby Jumbo Box,,3250.0,,,1,3374.59,2195.0,,,,,,,,0,https://superiorsportsinvestments.com/products/2025-26-topps-chrome-update-series-basketball-hobby-jumbo-box,2026-09-06T20:10:33+00:00,1.0
TOPPS_2025-26_CHROME_UPDATE_JUMBO,WATCH,True,hobby,rlsports,watch,2025-26 Topps Chrome Update Basketball Jumbo Box,,1999.0,,,0,2080.55,2195.0,,,,,,,,0,https://rlsportscards.com/products/2025-26-topps-chrome-update-basketball-jumbo-box,2026-09-06T20:10:33+00:00,1.0
TOPPS_2025-26_CHROME_UPDATE_JUMBO,WATCH,True,hobby,columbia,trusted,2025/26 Topps Chrome Update Series Basketball Hobby Jumbo Box,,2079.99,,,0,2164.33,2195.0,,,,,,,,0,https://columbiasportscard.com/products/2025-26-topps-chrome-update-series-basketball-hobby-jumbo-box,2026-09-06T20:10:33+00:00,1.0
TOPPS_2025-26_CHROME_UPDATE_JUMBO,WATCH,True,hobby,cbhobby,watch,2025-26 Topps Chrome Update Series Basketball Jumbo Box Box,Box,2100.0,,,0,2185.03,2195.0,,,,,,,,0,https://cbhobby.com/products/2025-26-topps-chrome-update-series-basketball-jumbo-box,2026-09-06T20:10:33+00:00,1.0
TOPPS_2025-26_CHROME_UPDATE_JUMBO,WATCH,True,hobby,bleecker,watch,2025-26 Topps Chrome Update Series Basketball Hobby Jumbo Box,,2200.0,,,0,2288.47,2195.0,,,,,,,,0,https://bleeckertrading.com/products/2025-26-topps-chrome-update-series-basketball-hobby-jumbo-box,2026-09-06T20:10:33+00:00,1.0
TOPPS_2025-26_CHROME_UPDATE_JUMBO,WATCH,True,hobby,hiddengems,trusted,2025/26 Topps Chrome Update Series Basketball Jumbo Box,,2250.0,,,0,2340.19,2195.0,,,,,,,,0,https://www.hiddengemscardshop.com/products/2025-26-topps-chrome-update-series-basketball-jumbo-box,2026-09-06T20:10:33+00:00,1.0
TOPPS_2025-26_CHROME_UPDATE_JUMBO,WATCH,True,hobby,awesome,trusted,2025-26 Topps Chrome Update Series Basketball Hobby Jumbo Box,,2399.75,,,0,2495.09,2195.0,,,,,,,,0,https://theawesomecardshop.com/products/2025-26-topps-chrome-update-series-basketball-hobby-jumbo-box,2026-09-06T20:10:33+00:00,1.0
TOPPS_2025-26_CHROME_UPDATE_JUMBO,WATCH,True,hobby,worldchampion,watch,2025/26 Topps Chrome Update Series Basketball Hobby Jumbo Box,,2500.0,,,0,2598.79,2195.0,,,,,,,,0,https://www.worldchampionsportscards.org/products/2025-26-topps-chrome-update-series-basketball-hobby-jumbo-box-presell,2026-09-06T20:10:33+00:00,1.0
TOPPS_2025-26_CHROME_UPDATE_JUMBO,WATCH,True,hobby,sjay2k,watch,2025-26 Topps Chrome Update Basketball Hobby Jumbo Box,,3200.0,,,0,3322.87,2195.0,,,,,,,,0,https://www.sjay2k.com/products/2025-26-topps-chrome-update-basketball-hobby-jumbo-box-pre-order-august-6,2026-09-06T20:10:33+00:00,1.0
TOPPS_2025-26_CHROME_BLACK_HOBBY,WATCH,True,hobby,kaboom,watch,Topps Chrome Black Basketball 2025/26 - Hobby Box,,340.0,,,1,364.48,637.5,,,,,,,SUIVI,0,https://kaboomcards.co.uk/products/topps-chrome-black-basketball-2025-26-hobby-box-pre-order,2026-09-06T20:10:33+00:00,1.0
TOPPS_2025-26_CHROME_BLACK_HOBBY,WATCH,True,hobby,dennistheripper,watch,2025-26 Topps Chrome Black Basketball Hobby Box,,449.99,,,1,478.26,637.5,,,,,,,,0,https://dennistheripper.de/products/2025-26-topps-chrome-black-basketball-hobby-box,2026-09-06T20:10:33+00:00,1.0
TOPPS_2025-26_CHROME_BLACK_HOBBY,WATCH,True,hobby,deichcards,watch,Topps Chrome Black NBA Hobby Box 2025/2026,,450.0,,,1,478.27,637.5,,,,,,,,0,https://deichcards.de/products/topps-chrome-black-nba-hobby-box-2025-2026,2026-09-06T20:10:33+00:00,1.0
TOPPS_2025-26_CHROME_BLACK_HOBBY,WATCH,True,hobby,stcuk,watch,2025-26 Topps Chrome Black Basketball Hobby Box,,450.0,,,1,478.27,637.5,,,,,,,,0,https://sportstradingcardsuk.com/products/pre-order-2025-26-topps-chrome-black-basketball-hobby-box,2026-09-06T20:10:33+00:00,1.0
TOPPS_2025-26_CHROME_BLACK_HOBBY,WATCH,True,hobby,columbia,trusted,2025/26 Topps Chrome Black Basketball Hobby Box,,498.99,,,1,528.94,637.5,,,,,,,,0,https://columbiasportscard.com/products/2025-26-topps-chrome-black-basketball-hobby-box,2026-09-06T20:10:33+00:00,1.0
TOPPS_2025-26_CHROME_BLACK_HOBBY,WATCH,True,hobby,qscards,watch,2025-26 Topps Chrome Black Basketball Hobby Box,,499.0,,,1,528.95,637.5,,,,,,,,0,https://qscards.com/products/2025-26-topps-chrome-black-basketball-hobby-box,2026-09-06T20:10:33+00:00,1.0
TOPPS_2025-26_CHROME_BLACK_HOBBY,WATCH,True,hobby,americansportstore,watch,Topps Chrome Black Basketball 2025-26 Hobby Box,,499.99,,,1,529.98,637.5,,,,,,,,0,https://american-sportstore.com/products/topps-chrome-black-basketball-2025-26-hobby-box,2026-09-06T20:10:33+00:00,1.0
TOPPS_2025-26_CHROME_BLACK_HOBBY,WATCH,True,hobby,cbhobby,watch,2025-26 Topps Chrome Black Basketball Hobby Box Box,Box,525.0,,,1,555.85,637.5,,,,,,,,0,https://cbhobby.com/products/2025-26-topps-chrome-black-basketball-hobby-box,2026-09-06T20:10:33+00:00,1.0
TOPPS_2025-26_CHROME_BLACK_HOBBY,WATCH,True,hobby,rlsports,watch,2025-26 Topps Chrome Black Basketball Hobby Box,,549.0,,,1,580.67,637.5,,,,,,,,0,https://rlsportscards.com/products/2025-26-topps-chrome-black-basketball-hobby-box,2026-09-06T20:10:33+00:00,1.0
TOPPS_2025-26_CHROME_BLACK_HOBBY,WATCH,True,hobby,rbicru7,trusted,"2025-26 Topps Chrome Black Basketball Hobby, Box",,550.0,,,1,581.71,637.5,,,,,,,,0,https://rbicru7.com/products/2025-26-topps-chrome-black-basketball-hobby-box,2026-09-06T20:10:33+00:00,1.0
TOPPS_2025-26_CHROME_BLACK_HOBBY,WATCH,True,hobby,collectorstore,trusted,2025-26 Topps Chrome Black Basketball Hobby Box,,579.95,,,1,612.69,637.5,,,,,,,,0,https://collectorstore.com/products/2025-26-topps-chrome-black-basketball-hobby-box,2026-09-06T20:10:33+00:00,1.0
TOPPS_2025-26_CHROME_BLACK_HOBBY,WATCH,True,hobby,hiddengems,trusted,2025-26 Topps Chrome Black Basketball Hobby Box,,599.99,,,1,633.42,637.5,,,,,,,,0,https://www.hiddengemscardshop.com/products/2025-26-topps-chrome-black-basketball-hobby-box,2026-09-06T20:10:33+00:00,1.0
TOPPS_2025-26_CHROME_BLACK_HOBBY,WATCH,True,hobby,dacardworldeu,watch,2025/26 Topps Chrome Black Basketball Hobby 2025/26 Topps Chrome Black Basketball Hobby Box,2025/26 Topps Chrome Black Basketball Hobby Box,640.0,,,1,674.8,637.5,,,,,,,,0,https://dacardworld.eu/products/2025-26-topps-chrome-black-basketball-hobby,2026-09-06T20:10:33+00:00,1.0
TOPPS_2025-26_CHROME_BLACK_HOBBY,WATCH,True,hobby,bleecker,watch,2025-26 Topps Chrome Black Basketball Hobby Box,,650.0,,,1,685.15,637.5,,,,,,,,0,https://bleeckertrading.com/products/2025-26-topps-chrome-black-basketball-hobby-box,2026-09-06T20:10:33+00:00,1.0
TOPPS_2025-26_CHROME_BLACK_HOBBY,WATCH,True,hobby,cardiacs,trusted,2025-26 Topps Chrome Black Basketball Hobby Box,,674.95,,,1,710.96,637.5,,,,,,,,0,https://www.thecardiacs.com/products/2025-26-topps-chrome-black-basketball-hobby-box,2026-09-06T20:10:33+00:00,1.0
TOPPS_2025-26_CHROME_BLACK_HOBBY,WATCH,True,hobby,monmouth,watch,2025-26 Topps Chrome Black Basketball Hobby Box,,699.99,,,1,736.86,637.5,,,,,,,,0,https://monmouthcards.com/products/2025-26-topps-chrome-black-basketball-hobby-box,2026-09-06T20:10:33+00:00,1.0
TOPPS_2025-26_CHROME_BLACK_HOBBY,WATCH,True,hobby,awesome,trusted,2025-26 Topps Chrome Black Basketball Hobby Box,,709.75,,,1,746.95,637.5,,,,,,,,0,https://theawesomecardshop.com/products/2025-26-topps-chrome-black-basketball-hobby-box,2026-09-06T20:10:33+00:00,1.0
TOPPS_2025-26_CHROME_BLACK_HOBBY,WATCH,True,hobby,worldchampion,watch,2025/26 Topps Chrome Black Basketball Hobby Box,,750.0,,,1,788.59,637.5,,,,,,,,0,https://www.worldchampionsportscards.org/products/2025-26-topps-chrome-black-basketball-hobby-box,2026-09-06T20:10:33+00:00,1.0
TOPPS_2025-26_CHROME_BLACK_HOBBY,WATCH,True,hobby,sjay2k,watch,2025-26 Topps Chrome Black Basketball Hobby Box,,950.0,,,1,995.47,637.5,,,,,,,,0,https://www.sjay2k.com/products/2025-26-topps-chrome-black-basketball-hobby-box-pre-order-august-27,2026-09-06T20:10:33+00:00,1.0
TOPPS_2025-26_CHROME_BLACK_HOBBY,WATCH,True,hobby,boxseat,watch,2025-26 Topps Chrome Black Basketball HOBBY BOX,,599.99,,,0,633.42,637.5,,,,,,,,0,https://boxseatcollectibles.com/products/2025-26-topps-chrome-black-basketball-hobby-box,2026-09-06T20:10:33+00:00,1.0
TOPPS_2025-26_HOOPS_HOBBY,WATCH,True,hobby,collectorstore,trusted,2025-26 Topps NBA Hoops Basketball Hobby Box,,229.95,,,1,250.65,229.95,,,,,,249.99,SUIVI,0,https://collectorstore.com/products/2025-26-topps-nba-hoops-basketball-hobby-box,2026-09-06T20:10:33+00:00,1.0
TOPPS_2025-26_HOOPS_HOBBY,WATCH,True,hobby,cbhobby,watch,2025-26 Topps Hoops Basketball Hobby Box Box,Box,235.0,,,1,255.87,229.95,,,,,,249.99,,0,https://cbhobby.com/products/2025-26-topps-hoops-basketball-hobby-box,2026-09-06T20:10:33+00:00,1.0
TOPPS_2025-26_HOOPS_HOBBY,WATCH,True,hobby,sportscardjunction,watch,2025-26 Topps Hoops Basketball Hobby Box,,240.0,,,1,261.04,229.95,,,,,,249.99,,0,https://sportscardjunction.com/products/untitled-may14_10-19-16,2026-09-06T20:10:33+00:00,1.0
TOPPS_2025-26_HOOPS_HOBBY,WATCH,True,hobby,awesome,trusted,2025-26 Topps NBA Hoops Basketball Hobby Box,,249.75,,,1,271.13,229.95,,,,,,249.99,,0,https://theawesomecardshop.com/products/2025-26-topps-nba-hoops-basketball-hobby-box,2026-09-06T20:10:33+00:00,1.0
TOPPS_2025-26_HOOPS_HOBBY,WATCH,True,hobby,cardiacs,trusted,2025-26 Topps NBA Hoops Basketball Hobby Box,,249.95,,,1,271.34,229.95,,,,,,249.99,,0,https://www.thecardiacs.com/products/2025-26-topps-nba-hoops-basketball-hobby-box,2026-09-06T20:10:33+00:00,1.0
TOPPS_2025-26_HOOPS_HOBBY,WATCH,True,hobby,ehcards,trusted,2025/26 Topps NBA Hoops Basketball Hobby Box,,249.99,,,1,271.38,229.95,,,,,,249.99,,0,https://ehcards.com/products/2025-26-topps-nba-hoops-basketball-hobby-box,2026-09-06T20:10:33+00:00,1.0
TOPPS_2025-26_HOOPS_HOBBY,WATCH,True,hobby,rbicru7,trusted,"2025-26 Topps NBA Hoops Basketball Hobby, Box",,255.0,,,1,276.56,229.95,,,,,,249.99,,0,https://rbicru7.com/products/2025-26-topps-nba-hoops-basketball-hobby-box,2026-09-06T20:10:33+00:00,1.0
TOPPS_2025-26_HOOPS_HOBBY,WATCH,True,hobby,kaboom,watch,Topps Hoops Basketball 2025/26 - Hobby Box,,260.0,,,1,281.73,229.95,,,,,,249.99,,0,https://kaboomcards.co.uk/products/hoops-basketball-2025-26-hobby-box-1,2026-09-06T20:10:33+00:00,1.0
TOPPS_2025-26_HOOPS_HOBBY,WATCH,True,hobby,stcuk,watch,2025-26 Topps Hoops Basketball Hobby Box,,260.0,,,1,281.73,229.95,,,,,,249.99,,0,https://sportstradingcardsuk.com/products/pre-order-2025-26-topps-hoops-basketball-hobby-box,2026-09-06T20:10:33+00:00,1.0
TOPPS_2025-26_HOOPS_HOBBY,WATCH,True,hobby,hiddengems,trusted,2025-26 NBA Hoops Hobby Box,,269.0,,,1,291.04,229.95,,,,,,249.99,,0,https://www.hiddengemscardshop.com/products/2025-2026-nba-hoops-hobby-box,2026-09-06T20:10:33+00:00,1.0
TOPPS_2025-26_HOOPS_HOBBY,WATCH,True,hobby,monmouth,watch,2025-26 Topps NBA Hoops Basketball Hobby Box,,269.99,,,1,292.07,229.95,,,,,,249.99,,0,https://monmouthcards.com/products/2025-26-topps-nba-hoops-basketball-hobby-box,2026-09-06T20:10:33+00:00,1.0
TOPPS_2025-26_HOOPS_HOBBY,WATCH,True,hobby,deichcards,watch,Topps NBA Hoops Hobby Box 2025/26,,285.0,,,1,307.59,229.95,,,,,,249.99,,0,https://deichcards.de/products/topps-nba-hoops-2025-26-hobby-box,2026-09-06T20:10:33+00:00,1.0
TOPPS_2025-26_HOOPS_HOBBY,WATCH,True,hobby,qscards,watch,2025-26 Topps NBA Hoops Basketball Hobby Box,,299.0,,,1,322.07,229.95,,,,,,249.99,,0,https://qscards.com/products/2025-26-topps-nba-hoops-basketball-hobby-box,2026-09-06T20:10:33+00:00,1.0
TOPPS_2025-26_HOOPS_HOBBY,WATCH,True,hobby,mafiosicards_shop,watch,2025-26 Hoops Basketball - Hobby Box,,319.0,,,1,342.76,229.95,,,,,,249.99,,0,https://mafiosicards.com/products/2025-26-hoops-basketball-hobby-box,2026-09-06T20:10:33+00:00,1.0
TOPPS_2025-26_HOOPS_HOBBY,WATCH,True,hobby,hallofcollect,watch,Topps Hoops Hobby Box 2025/2026,,340.0,,,1,364.48,229.95,,,,,,249.99,,0,https://hallofcollect.de/products/topps-hoops-hobby-box-2025-2026,2026-09-06T20:10:33+00:00,1.0
TOPPS_2025-26_HOOPS_HOBBY,WATCH,True,hobby,superior,watch,2025-26 Topps Hoops Basketball Hobby Box,,360.0,,,1,385.17,229.95,,,,,,249.99,,0,https://superiorsportsinvestments.com/products/2025-26-topps-hoops-basketball-hobby-box,2026-09-06T20:10:33+00:00,1.0
TOPPS_2025-26_HOOPS_HOBBY,WATCH,True,hobby,dennistheripper,watch,2025-26 Topps NBA Hoops Basketball Hobby Box,,369.99,,,1,395.51,229.95,,,,,,249.99,,0,https://dennistheripper.de/products/2025-26-topps-nba-hoops-basketball-hobby-box,2026-09-06T20:10:33+00:00,1.0
TOPPS_2025-26_HOOPS_HOBBY,WATCH,True,hobby,columbia,trusted,2025/26 Topps NBA Hoops Basketball Hobby Box,,234.99,,,0,255.86,229.95,,,,,,249.99,,0,https://columbiasportscard.com/products/2025-26-topps-nba-hoops-basketball-hobby-box,2026-09-06T20:10:33+00:00,1.0
TOPPS_2025-26_HOOPS_HOBBY,WATCH,True,hobby,rlsports,watch,2025-26 Topps NBA Hoops Basketball Hobby Box,,239.0,,,0,260.01,229.95,,,,,,249.99,,0,https://rlsportscards.com/products/2025-26-topps-nba-hoops-basketball-hobby-box,2026-09-06T20:10:33+00:00,1.0
TOPPS_2025-26_HOOPS_HOBBY,WATCH,True,hobby,worldchampion,watch,2025/26 Topps Hoops Basketball Hobby Box,,250.0,,,0,271.39,229.95,,,,,,249.99,,0,https://www.worldchampionsportscards.org/products/2025-26-topps-hoops-basketball-hobby-box-presell,2026-09-06T20:10:33+00:00,1.0
TOPPS_2025-26_HOOPS_HOBBY,WATCH,True,hobby,boxseat,watch,2025-26 Topps NBA Hoops HOBBY BOX,,259.99,,,0,281.72,229.95,,,,,,249.99,,0,https://boxseatcollectibles.com/products/2025-26-topps-nba-hoops-hobby-box,2026-09-06T20:10:33+00:00,1.0
TOPPS_2025-26_HOOPS_HOBBY,WATCH,True,hobby,jakesbreaks,watch,2025-26 Topps Hoops Basketball Hobby Box,,299.99,,,0,323.1,229.95,,,,,,249.99,,0,https://jakesbreaks.co.uk/products/2025-26-topps-hoops-basketball-hobby-box,2026-09-06T20:10:33+00:00,1.0
TOPPS_2025-26_HOOPS_HOBBY,WATCH,True,hobby,bleecker,watch,2025-26 Topps NBA Hoops Basketball Hobby Box,,310.0,,,0,333.45,229.95,,,,,,249.99,,0,https://bleeckertrading.com/products/2025-26-topps-nba-hoops-basketball-hobby-box-presale,2026-09-06T20:10:33+00:00,1.0
TOPPS_2025-26_HOOPS_HOBBY,WATCH,True,hobby,dioib,watch,Topps NBA Hoops 2025-26 Hobby Box,,333.0,,,0,357.24,229.95,,,,,,249.99,,0,https://dioib.fr/products/topps-nba-hoops-2025-26-hobby-box,2026-09-06T20:10:33+00:00,1.0
TOPPS_2025-26_HOOPS_HOBBY,WATCH,True,hobby,americansportstore,watch,Topps NBA Hoops 2025-26 - Hobby Box,,389.99,,,0,416.19,229.95,,,,,,249.99,,0,https://american-sportstore.com/products/topps-nba-hoops-2025-26-hobby-box-pre-order,2026-09-06T20:10:33+00:00,1.0
TOPPS_2025-26_HOOPS_JUMBO,WATCH,True,hobby,sportscardjunction,watch,2025-26 Topps Hoops Basketball Jumbo Box,,335.0,,,1,359.31,335.0,,,,,,,SUIVI,0,https://sportscardjunction.com/products/2025-26-topps-hoops-basketball-jumbo-box,2026-09-06T20:10:33+00:00,1.0
TOPPS_2025-26_HOOPS_JUMBO,WATCH,True,hobby,cbhobby,watch,2025-26 Topps Hoops Basketball Jumbo Box Box,Box,350.0,,,1,374.83,335.0,,,,,,,,0,https://cbhobby.com/products/2025-26-topps-hoops-basketball-jumbo-box,2026-09-06T20:10:33+00:00,1.0
TOPPS_2025-26_HOOPS_JUMBO,WATCH,True,hobby,awesome,trusted,2025-26 Topps NBA Hoops Basketball Hobby Jumbo Box,,369.75,,,1,395.26,335.0,,,,,,,,0,https://theawesomecardshop.com/products/2025-26-topps-nba-hoops-basketball-hobby-jumbo-box,2026-09-06T20:10:33+00:00,1.0
TOPPS_2025-26_HOOPS_JUMBO,WATCH,True,hobby,cardiacs,trusted,2025-26 Topps NBA Hoops Basketball Jumbo Box,,369.95,,,1,395.46,335.0,,,,,,,,0,https://www.thecardiacs.com/products/2025-26-topps-nba-hoops-basketball-jumbo-box,2026-09-06T20:10:33+00:00,1.0
TOPPS_2025-26_HOOPS_JUMBO,WATCH,True,hobby,rbicru7,trusted,"2025-26 Topps NBA Hoops Basketball Jumbo, Box",,375.0,,,1,400.69,335.0,,,,,,,,0,https://rbicru7.com/products/2025-26-topps-nba-hoops-basketball-jumbo-box,2026-09-06T20:10:33+00:00,1.0
TOPPS_2025-26_HOOPS_JUMBO,WATCH,True,hobby,ehcards,trusted,2025/26 Topps NBA Hoops Basketball Jumbo Hobby Box,,399.99,,,1,426.54,335.0,,,,,,,,0,https://ehcards.com/products/2025-26-topps-nba-hoops-basketball-jumbo-hobby-box,2026-09-06T20:10:33+00:00,1.0
TOPPS_2025-26_HOOPS_JUMBO,WATCH,True,hobby,worldchampion,watch,2025/26 Topps Hoops Basketball Hobby Jumbo Box,,415.0,,,1,442.06,335.0,,,,,,,,0,https://www.worldchampionsportscards.org/products/2025-26-topps-hoops-basketball-hobby-jumbo-box-presell,2026-09-06T20:10:33+00:00,1.0
TOPPS_2025-26_HOOPS_JUMBO,WATCH,True,hobby,stcuk,watch,2025-26 Topps Hoops Basketball Hobby Jumbo Box,,495.0,,,1,524.82,335.0,,,,,,,,0,https://sportstradingcardsuk.com/products/pre-order-2025-26-topps-hoops-basketball-hobby-jumbo-box,2026-09-06T20:10:33+00:00,1.0
TOPPS_2025-26_HOOPS_JUMBO,WATCH,True,hobby,kaboom,watch,Topps Hoops Basketball 2025/26 - Jumbo Box,,500.0,,,1,529.99,335.0,,,,,,,,0,https://kaboomcards.co.uk/products/hoops-basketball-2025-26-jumbo,2026-09-06T20:10:33+00:00,1.0
TOPPS_2025-26_HOOPS_JUMBO,WATCH,True,hobby,qscards,watch,2025-26 Topps NBA Hoops Basketball Jumbo Box,,549.0,,,1,580.67,335.0,,,,,,,,0,https://qscards.com/products/2025-26-topps-nba-hoops-basketball-jumbo-box,2026-09-06T20:10:33+00:00,1.0
TOPPS_2025-26_HOOPS_JUMBO,WATCH,True,hobby,deichcards,watch,Topps NBA Hoops Jumbo Box 2025/26,,550.0,,,1,581.71,335.0,,,,,,,,0,https://deichcards.de/products/topps-nba-hoops-2025-26-jumbo-box,2026-09-06T20:10:33+00:00,1.0
TOPPS_2025-26_HOOPS_JUMBO,WATCH,True,hobby,hiddengems,trusted,2025-26 Topps Hoops Basketball Jumbo Box,,550.0,,,1,581.71,335.0,,,,,,,,0,https://www.hiddengemscardshop.com/products/2025-26-topps-hoops-basketball-jumbo-box,2026-09-06T20:10:33+00:00,1.0
TOPPS_2025-26_HOOPS_JUMBO,WATCH,True,hobby,mafiosicards_shop,watch,2025-26 Hoops Basketball - Hobby Jumbo Box,,599.0,,,1,632.39,335.0,,,,,,,,0,https://mafiosicards.com/products/2025-26-hoops-basketball-hobby-jumbo-box,2026-09-06T20:10:33+00:00,1.0
TOPPS_2025-26_HOOPS_JUMBO,WATCH,True,hobby,hallofcollect,watch,Topps Hoops Jumbo NBA Hobby Box 2025/2026,,600.0,,,1,633.43,335.0,,,,,,,,0,https://hallofcollect.de/products/topps-jumbo-nba-hobby-box-2025-2026,2026-09-06T20:10:33+00:00,1.0
TOPPS_2025-26_HOOPS_JUMBO,WATCH,True,hobby,dennistheripper,watch,2025-26 Topps NBA Hoops Basketball Jumbo Box,,629.99,,,1,664.45,335.0,,,,,,,,0,https://dennistheripper.de/products/2025-26-topps-nba-hoops-basketball-jumbo-box,2026-09-06T20:10:33+00:00,1.0
TOPPS_2025-26_HOOPS_JUMBO,WATCH,True,hobby,superior,watch,2025-26 Topps Hoops Basketball Hobby Jumbo Box,,660.0,,,1,695.49,335.0,,,,,,,,0,https://superiorsportsinvestments.com/products/2025-26-topps-hoops-basketball-hobby-jumbo-box,2026-09-06T20:10:33+00:00,1.0
TOPPS_2025-26_HOOPS_JUMBO,WATCH,True,hobby,sjay2k,watch,2025-26 Topps NBA Hoops Basketball Hobby Jumbo Box,,950.0,,,1,995.47,335.0,,,,,,,,0,https://www.sjay2k.com/products/2025-26-topps-nba-hoops-basketball-hobby-jumbo-box-pre-order-may-14,2026-09-06T20:10:33+00:00,1.0
TOPPS_2025-26_HOOPS_JUMBO,WATCH,True,hobby,columbia,trusted,2025/26 Topps NBA Hoops Basketball Jumbo Box,,303.99,,,0,327.24,335.0,,,,,,,,0,https://columbiasportscard.com/products/2025-26-topps-nba-hoops-basketball-jumbo-box,2026-09-06T20:10:33+00:00,1.0
TOPPS_2025-26_HOOPS_JUMBO,WATCH,True,hobby,rlsports,watch,2025-26 Topps NBA Hoops Basketball Jumbo Box,,339.99,,,0,364.47,335.0,,,,,,,,0,https://rlsportscards.com/products/2025-26-topps-nba-hoops-basketball-jumbo-box,2026-09-06T20:10:33+00:00,1.0
TOPPS_2025-26_HOOPS_JUMBO,WATCH,True,hobby,collectorstore,trusted,2025-26 Topps NBA Hoops Basketball Jumbo Box,,374.95,,,0,400.64,335.0,,,,,,,,0,https://collectorstore.com/products/2025-26-topps-nba-hoops-basketball-jumbo-box,2026-09-06T20:10:33+00:00,1.0
TOPPS_2025-26_HOOPS_JUMBO,WATCH,True,hobby,monmouth,watch,2025-26 Topps NBA Hoops Basketball Jumbo Box,,389.99,,,0,416.19,335.0,,,,,,,,0,https://monmouthcards.com/products/2025-26-topps-nba-hoops-basketball-jumbo-box,2026-09-06T20:10:33+00:00,1.0
TOPPS_2025-26_HOOPS_JUMBO,WATCH,True,hobby,bleecker,watch,2025-26 Topps NBA Hoops Basketball Jumbo Box,,425.0,,,0,452.41,335.0,,,,,,,,0,https://bleeckertrading.com/products/2025-26-topps-nba-hoops-basketball-jumbo-box-presale,2026-09-06T20:10:33+00:00,1.0
TOPPS_2025-26_HOOPS_JUMBO,WATCH,True,hobby,dioib,watch,Topps NBA Hoops 2025-26 Jumbo Box,,613.0,,,0,646.88,335.0,,,,,,,,0,https://dioib.fr/products/topps-nba-hoops-2025-26-jumbo-box,2026-09-06T20:10:33+00:00,1.0
TOPPS_2025-26_HOOPS_JUMBO,WATCH,True,hobby,americansportstore,watch,Topps NBA Hoops 2025-26 Jumbo Box,,749.99,,,0,788.58,335.0,,,,,,,,0,https://american-sportstore.com/products/topps-nba-hoops-2025-26-jumbo-box-pre-order,2026-09-06T20:10:33+00:00,1.0
TOPPS_2025-26_SIGNATURE_CLASS_HOBBY,WATCH,True,hobby,sportscardjunction,watch,2025-26 Topps Signature Class Basketball Hobby Box,,395.0,,,1,421.38,374.95,,,,,,,SUIVI,0,https://sportscardjunction.com/products/2025-26-topps-signature-class-basketball-hobby-box,2026-09-06T20:10:33+00:00,1.0
TOPPS_2025-26_SIGNATURE_CLASS_HOBBY,WATCH,True,hobby,cardiacs,trusted,2025-26 Topps Signature Class Basketball Hobby Box,,399.95,,,1,426.5,374.95,,,,,,,,0,https://www.thecardiacs.com/products/2025-26-topps-signature-class-basketball-hobby-box,2026-09-06T20:10:33+00:00,1.0
TOPPS_2025-26_SIGNATURE_CLASS_HOBBY,WATCH,True,hobby,collectorstore,trusted,2025-26 Topps Signature Class Basketball Hobby Box,,399.95,,,1,426.5,374.95,,,,,,,,0,https://collectorstore.com/products/2025-26-topps-signature-class-basketball-hobby-box,2026-09-06T20:10:33+00:00,1.0
TOPPS_2025-26_SIGNATURE_CLASS_HOBBY,WATCH,True,hobby,rbicru7,trusted,"2025-26 Topps Signature Class Basketball Hobby, Box",,410.0,,,1,436.89,374.95,,,,,,,,0,https://rbicru7.com/products/2025-26-topps-signature-class-basketball-hobby-box,2026-09-06T20:10:33+00:00,1.0
TOPPS_2025-26_SIGNATURE_CLASS_HOBBY,WATCH,True,hobby,stcuk,watch,2025-26 Topps Signature Class Basketball Hobby Box,,425.0,,,1,452.41,374.95,,,,,,,,0,https://sportstradingcardsuk.com/products/pre-order-2025-26-topps-signature-class-basketball-hobby-box,2026-09-06T20:10:33+00:00,1.0
TOPPS_2025-26_SIGNATURE_CLASS_HOBBY,WATCH,True,hobby,bleecker,watch,2025-26 Topps Signature Class Basketball Hobby Box,,450.0,,,1,478.27,374.95,,,,,,,,0,https://bleeckertrading.com/products/2025-26-topps-signature-class-basketball-hobby-box-presale,2026-09-06T20:10:33+00:00,1.0
TOPPS_2025-26_SIGNATURE_CLASS_HOBBY,WATCH,True,hobby,cbhobby,watch,2025-26 Topps Signature Class Basketball Hobby Box Box,Box,450.0,,,1,478.27,374.95,,,,,,,,0,https://cbhobby.com/products/2025-26-topps-signature-class-basketball-hobby-box,2026-09-06T20:10:33+00:00,1.0
TOPPS_2025-26_SIGNATURE_CLASS_HOBBY,WATCH,True,hobby,worldchampion,watch,2025/26 Topps Signature Class Basketball Hobby Box (Presell),,485.0,,,1,514.47,374.95,,,,,,,,0,https://www.worldchampionsportscards.org/products/2025-26-topps-signature-class-basketball-hobby-box-presell,2026-09-06T20:10:33+00:00,1.0
TOPPS_2025-26_SIGNATURE_CLASS_HOBBY,WATCH,True,hobby,hiddengems,trusted,2025-26 Topps Signature Class Basketball Hobby Box,,499.0,,,1,528.95,374.95,,,,,,,,0,https://www.hiddengemscardshop.com/products/2025-26-topps-signature-class-basketball-hobby-box,2026-09-06T20:10:33+00:00,1.0
TOPPS_2025-26_SIGNATURE_CLASS_HOBBY,WATCH,True,hobby,boxseat,watch,2025-26 Topps Signature Class Basketball HOBBY BOX,,499.99,,,1,529.98,374.95,,,,,,,,0,https://boxseatcollectibles.com/products/2025-26-topps-signature-class-basketball-hobby-box,2026-09-06T20:10:33+00:00,1.0
TOPPS_2025-26_SIGNATURE_CLASS_HOBBY,WATCH,True,hobby,ehcards,trusted,2025/26 Topps Signature Class Basketball Hobby Box,,499.99,,,1,529.98,374.95,,,,,,,,0,https://ehcards.com/products/2025-26-topps-signature-class-basketball-hobby-box,2026-09-06T20:10:33+00:00,1.0
TOPPS_2025-26_SIGNATURE_CLASS_HOBBY,WATCH,True,hobby,monmouth,watch,2025-26 Topps Signature Class Basketball Hobby Box,,524.99,,,1,555.84,374.95,,,,,,,,0,https://monmouthcards.com/products/2025-26-topps-signature-class-basketball-hobby-box,2026-09-06T20:10:33+00:00,1.0
TOPPS_2025-26_SIGNATURE_CLASS_HOBBY,WATCH,True,hobby,qscards,watch,2025-26 Topps Signature Class Basketball Hobby Box,,595.0,,,1,628.26,374.95,,,,,,,,0,https://qscards.com/products/2025-26-topps-signature-class-basketball-hobby-box,2026-09-06T20:10:33+00:00,1.0
TOPPS_2025-26_SIGNATURE_CLASS_HOBBY,WATCH,True,hobby,americansportstore,watch,Topps NBA Signature Class 2025-26 Hobby Box,,599.99,,,1,633.42,374.95,,,,,,,,0,https://american-sportstore.com/products/topps-nba-signature-class-2025-26-hobby-box-pre-order,2026-09-06T20:10:33+00:00,1.0
TOPPS_2025-26_SIGNATURE_CLASS_HOBBY,WATCH,True,hobby,dennistheripper,watch,2025-26 Topps Signature Class Basketball Hobby Box,,599.99,,,1,633.42,374.95,,,,,,,,0,https://dennistheripper.de/products/2025-26-topps-signature-class-basketball-hobby-box,2026-09-06T20:10:33+00:00,1.0
TOPPS_2025-26_SIGNATURE_CLASS_HOBBY,WATCH,True,hobby,hallofcollect,watch,Topps NBA Signature Class 2025/2026 Hobby Box,,600.0,,,1,633.43,374.95,,,,,,,,0,https://hallofcollect.de/products/topps-nba-signature-class-2025-2026-hobby-box,2026-09-06T20:10:33+00:00,1.0
TOPPS_2025-26_SIGNATURE_CLASS_HOBBY,WATCH,True,hobby,deichcards,watch,Topps Signature Class NBA Hobby Box 2025/2026,,625.0,,,1,659.29,374.95,,,,,,,,0,https://deichcards.de/products/topps-signature-class-nba-hobby-box-2025-2026,2026-09-06T20:10:33+00:00,1.0
TOPPS_2025-26_SIGNATURE_CLASS_HOBBY,WATCH,True,hobby,superior,watch,2025-26 Topps Signature Class Basketball Hobby Box,,640.0,,,1,674.8,374.95,,,,,,,,0,https://superiorsportsinvestments.com/products/2025-26-topps-signature-class-basketball-hobby-box,2026-09-06T20:10:33+00:00,1.0
TOPPS_2025-26_SIGNATURE_CLASS_HOBBY,WATCH,True,hobby,mafiosicards_shop,watch,2025-26 Topps Signature Class Basketball Hobby Box,,649.0,,,1,684.11,374.95,,,,,,,,0,https://mafiosicards.com/products/2025-26-topps-signature-class-basketball-hobby-box,2026-09-06T20:10:33+00:00,1.0
TOPPS_2025-26_SIGNATURE_CLASS_HOBBY,WATCH,True,hobby,rlsports,watch,2025-26 Topps Signature Class Basketball Hobby Box,,389.0,,,0,415.17,374.95,,,,,,,,0,https://rlsportscards.com/products/2025-26-topps-signature-class-basketball-hobby-box,2026-09-06T20:10:33+00:00,1.0
TOPPS_2025-26_SIGNATURE_CLASS_HOBBY,WATCH,True,hobby,awesome,trusted,2025-26 Topps Signature Class Basketball Hobby Box,,399.75,,,0,426.29,374.95,,,,,,,,0,https://theawesomecardshop.com/products/2025-26-topps-signature-class-basketball-hobby-box,2026-09-06T20:10:33+00:00,1.0
TOPPS_2025-26_SIGNATURE_CLASS_HOBBY,WATCH,True,hobby,columbia,trusted,2025/26 Topps Signature Class Basketball Hobby Box,,399.99,,,0,426.54,374.95,,,,,,,,0,https://columbiasportscard.com/products/2025-26-topps-signature-class-basketball-hobby-box,2026-09-06T20:10:33+00:00,1.0
TOPPS_2025-26_INCEPTION_HOBBY,CANDIDATE,True,hobby,stcuk,watch,2025-26 Topps Inception Basketball Hobby Box,,445.0,,,1,473.1,515.75,,,,,,,CANDIDAT,0,https://sportstradingcardsuk.com/products/pre-order-2025-26-topps-inception-basketball-hobby-box,2026-09-06T20:10:33+00:00,1.0
TOPPS_2025-26_INCEPTION_HOBBY,CANDIDATE,True,hobby,dennistheripper,watch,2025-26 Topps Inception Basketball Hobby Box,,499.99,,,1,529.98,515.75,,,,,,,,0,https://dennistheripper.de/products/2025-26-topps-inception-basketball-hobby-box,2026-09-06T20:10:33+00:00,1.0
TOPPS_2025-26_INCEPTION_HOBBY,CANDIDATE,True,hobby,collectorstore,trusted,2025-26 Topps Inception Basketball Hobby Box,,524.95,,,1,555.8,515.75,,,,,,,,0,https://collectorstore.com/products/2025-26-topps-inception-basketball-hobby-box,2026-09-06T20:10:33+00:00,1.0
TOPPS_2025-26_INCEPTION_HOBBY,CANDIDATE,True,hobby,rbicru7,trusted,"2025-26 Topps Inception Basketball Hobby, Box",,575.0,,,1,607.57,515.75,,,,,,,,0,https://rbicru7.com/products/2025-26-topps-inception-basketball-hobby-box,2026-09-06T20:10:33+00:00,1.0
TOPPS_2025-26_INCEPTION_HOBBY,CANDIDATE,True,hobby,sportscardjunction,watch,2025-26 Inception Basketball Hobby Box,,575.0,,,1,607.57,515.75,,,,,,,,0,https://sportscardjunction.com/products/2025-26-inception-basketball-hobby-box,2026-09-06T20:10:33+00:00,1.0
TOPPS_2025-26_INCEPTION_HOBBY,CANDIDATE,True,hobby,qscards,watch,2025-26 Topps Inception Basketball Hobby Box,,599.0,,,1,632.39,515.75,,,,,,,,0,https://qscards.com/products/2025-26-topps-inception-basketball-hobby-box-copy,2026-09-06T20:10:33+00:00,1.0
TOPPS_2025-26_INCEPTION_HOBBY,CANDIDATE,True,hobby,worldchampion,watch,2025/26 Topps Inception Basketball Hobby Box,,650.0,,,1,685.15,515.75,,,,,,,,0,https://www.worldchampionsportscards.org/products/2025-26-topps-inception-basketball-hobby-box,2026-09-06T20:10:33+00:00,1.0
TOPPS_2025-26_INCEPTION_HOBBY,CANDIDATE,True,hobby,americansportstore,watch,Topps NBA Inception Basketball 2025-26 Hobby Box,,374.99,,,0,400.68,515.75,,,,,,,,0,https://american-sportstore.com/products/topps-nba-inception-basketball-2025-26-hobby-box-pre-order,2026-09-06T20:10:33+00:00,1.0
TOPPS_2025-26_INCEPTION_HOBBY,CANDIDATE,True,hobby,deichcards,watch,Topps Inception NBA Basketball Hobby Box 2025/2026,,395.0,,,0,421.38,515.75,,,,,,,,0,https://deichcards.de/products/topps-inception-nba-basketball-hobby-box-2025-2026,2026-09-06T20:10:33+00:00,1.0
TOPPS_2025-26_INCEPTION_HOBBY,CANDIDATE,True,hobby,columbia,trusted,2025/26 Topps Inception Basketball Hobby Box,,477.99,,,0,507.22,515.75,,,,,,,,0,https://columbiasportscard.com/products/2025-26-topps-inception-basketball-hobby-box,2026-09-06T20:10:33+00:00,1.0
TOPPS_2025-26_INCEPTION_HOBBY,CANDIDATE,True,hobby,mafiosicards_shop,watch,2025-26 Topps Inception Basketball Hobby Box,,499.0,,,0,528.95,515.75,,,,,,,,0,https://mafiosicards.com/products/2025-26-topps-inception-basketball-hobby-box,2026-09-06T20:10:33+00:00,1.0
TOPPS_2025-26_INCEPTION_HOBBY,CANDIDATE,True,hobby,rlsports,watch,2025-26 Topps Inception Basketball Hobby Box,,499.0,,,0,528.95,515.75,,,,,,,,0,https://rlsportscards.com/products/2025-26-topps-inception-basketball-hobby-box,2026-09-06T20:10:33+00:00,1.0
TOPPS_2025-26_INCEPTION_HOBBY,CANDIDATE,True,hobby,boxseat,watch,2025/26 Topps Inception Basketball Hobby Box,,499.99,,,0,529.98,515.75,,,,,,,,0,https://boxseatcollectibles.com/products/2025-26-topps-inception-basketball-hobby-box,2026-09-06T20:10:33+00:00,1.0
TOPPS_2025-26_INCEPTION_HOBBY,CANDIDATE,True,hobby,awesome,trusted,2025-26 Topps Inception Basketball Hobby Box,,515.75,,,0,546.28,515.75,,,,,,,,0,https://theawesomecardshop.com/products/2025-26-topps-inception-basketball-hobby-box,2026-09-06T20:10:33+00:00,1.0
TOPPS_2025-26_INCEPTION_HOBBY,CANDIDATE,True,hobby,cardiacs,trusted,2025-26 Topps Inception Basketball Hobby Box,,549.95,,,0,581.66,515.75,,,,,,,,0,https://www.thecardiacs.com/products/2025-26-topps-inception-basketball-hobby-box,2026-09-06T20:10:33+00:00,1.0
TOPPS_2025-26_INCEPTION_HOBBY,CANDIDATE,True,hobby,bleecker,watch,2025-26 Topps Inception Basketball Hobby Box,,550.0,,,0,581.71,515.75,,,,,,,,0,https://bleeckertrading.com/products/2025-26-topps-inception-basketball-hobby-box,2026-09-06T20:10:33+00:00,1.0
TOPPS_2025-26_INCEPTION_HOBBY,CANDIDATE,True,hobby,hiddengems,trusted,2025-26 Topps Inception Basketball Hobby Box,,599.0,,,0,632.39,515.75,,,,,,,,0,https://www.hiddengemscardshop.com/products/2025-26-topps-inception-basketball-hobby-box,2026-09-06T20:10:33+00:00,1.0
TOPPS_2025-26_INCEPTION_HOBBY,CANDIDATE,True,hobby,monmouth,watch,2025-26 Topps Inception Basketball Hobby Box,,599.99,,,0,633.42,515.75,,,,,,,,0,https://monmouthcards.com/products/2025-26-topps-inception-basketball-hobby-box,2026-09-06T20:10:33+00:00,1.0
TOPPS_2025-26_MOTIF_HOBBY,CANDIDATE,True,hobby,columbia,trusted,2025/26 Topps Motif Basketball Hobby Box,,2499.99,,,1,2598.78,2500.0,,,,,,,CANDIDAT,0,https://columbiasportscard.com/products/2025-26-topps-motif-basketball-hobby-box,2026-09-06T20:10:33+00:00,1.0
TOPPS_2025-26_MOTIF_HOBBY,CANDIDATE,True,hobby,dacardworldeu,watch,2025/26 Topps Motif Basketball Hobby 2025/26 Topps Motif Basketball Hobby Box,2025/26 Topps Motif Basketball Hobby Box,2975.0,,,1,3090.13,2500.0,,,,,,,,0,https://dacardworld.eu/products/2025-26-topps-motif-basketball-hobby,2026-09-06T20:10:33+00:00,1.0
TOPPS_2025-26_MOTIF_HOBBY,CANDIDATE,True,hobby,mafiosicards_shop,watch,2025-26 Topps Motif Basketball Hobby Box,,2999.0,,,1,3114.95,2500.0,,,,,,,,0,https://mafiosicards.com/products/2025-26-topps-motif-basketball-hobby-box,2026-09-06T20:10:33+00:00,1.0
TOPPS_2025-26_MOTIF_HOBBY,CANDIDATE,True,hobby,qscards,watch,2025-26 Topps Motif Basketball Hobby Box,,2999.0,,,1,3114.95,2500.0,,,,,,,,0,https://qscards.com/products/2025-26-topps-motif-basketball-hobby-box,2026-09-06T20:10:33+00:00,1.0
TOPPS_2025-26_MOTIF_HOBBY,CANDIDATE,True,hobby,dennistheripper,watch,2025-26 Topps Motif Basketball Hobby Box,,3099.99,,,1,3219.42,2500.0,,,,,,,,0,https://dennistheripper.de/products/2025-26-topps-motif-basketball-hobby-box,2026-09-06T20:10:33+00:00,1.0
TOPPS_2025-26_MOTIF_HOBBY,CANDIDATE,True,hobby,hallofcollect,watch,Topps Motif Hobby Box 2025/2026 Basketball,,3200.0,,,1,3322.87,2500.0,,,,,,,,0,https://hallofcollect.de/products/topps-motif-hobby-box-2025-2026-basketball,2026-09-06T20:10:33+00:00,1.0
TOPPS_2025-26_MOTIF_HOBBY,CANDIDATE,True,hobby,cardiacs,trusted,2025-26 Topps Motif Basketball Hobby Box,,3299.95,,,1,3426.26,2500.0,,,,,,,,0,https://www.thecardiacs.com/products/2025-26-topps-motif-basketball-hobby-box,2026-09-06T20:10:33+00:00,1.0
TOPPS_2025-26_MOTIF_HOBBY,CANDIDATE,True,hobby,worldchampion,watch,2025/26 Topps Motif Basketball Hobby Box,,4000.0,,,1,4150.39,2500.0,,,,,,,,0,https://www.worldchampionsportscards.org/products/2025-26-topps-motif-basketball-hobby-box,2026-09-06T20:10:33+00:00,1.0
TOPPS_2025-26_MOTIF_HOBBY,CANDIDATE,True,hobby,americansportstore,watch,Topps NBA Motif 2025-2026 Hobby Box,,1998.99,,,0,2080.54,2500.0,,,,,,,,0,https://american-sportstore.com/products/topps-nba-motif-2025-2026-hobby-box,2026-09-06T20:10:33+00:00,1.0
TOPPS_2025-26_MOTIF_HOBBY,CANDIDATE,True,hobby,rbicru7,trusted,"2025-26 Topps Motif Basketball Hobby, Box",,2500.0,,,0,2598.79,2500.0,,,,,,,,0,https://rbicru7.com/products/2025-26-topps-motif-basketball-hobby-box,2026-09-06T20:10:33+00:00,1.0
TOPPS_2025-26_MOTIF_HOBBY,CANDIDATE,True,hobby,monmouth,watch,2025-26 Topps Motif Basketball Hobby Box,,2679.99,,,0,2784.97,2500.0,,,,,,,,0,https://monmouthcards.com/products/2025-26-topps-motif-basketball-hobby-box,2026-09-06T20:10:33+00:00,1.0
TOPPS_2025-26_MOTIF_HOBBY,CANDIDATE,True,hobby,rlsports,watch,2025-26 Topps Motif Basketball Hobby Box,,2700.0,,,0,2805.67,2500.0,,,,,,,,0,https://rlsportscards.com/products/2025-26-topps-motif-basketball-hobby-box,2026-09-06T20:10:33+00:00,1.0
TOPPS_2025-26_MOTIF_HOBBY,CANDIDATE,True,hobby,sportscardjunction,watch,2025-26 Topps Motif Basketball Hobby Box,,3350.0,,,0,3478.03,2500.0,,,,,,,,0,https://sportscardjunction.com/products/2025-26-topps-motif-basketball-hobby-box,2026-09-06T20:10:33+00:00,1.0
TOPPS_2025-26_MOTIF_HOBBY,CANDIDATE,True,hobby,awesome,trusted,2025-26 Topps Motif Basketball Hobby Box,,3399.75,,,0,3529.49,2500.0,,,,,,,,0,https://theawesomecardshop.com/products/2025-26-topps-motif-basketball-hobby-box,2026-09-06T20:10:33+00:00,1.0
TOPPS_2025-26_MOTIF_HOBBY,CANDIDATE,True,hobby,bleecker,watch,2025-26 Topps Motif Basketball Hobby Box,,3750.0,,,0,3891.79,2500.0,,,,,,,,0,https://bleeckertrading.com/products/2025-26-topps-motif-basketball-hobby-box,2026-09-06T20:10:33+00:00,1.0
TOPPS_2025-26_FINEST_HOBBY,CANDIDATE,True,hobby,stcuk,watch,2025/26 Topps Finest Basketball Hobby Box,,695.0,,,1,731.7,799.75,,,,,,,CANDIDAT,0,https://sportstradingcardsuk.com/products/pre-order-2025-26-topps-finest-basketball-hobby-box,2026-09-06T20:10:33+00:00,1.0
TOPPS_2025-26_FINEST_HOBBY,CANDIDATE,True,hobby,awesome,trusted,2025-26 Topps Finest Basketball Hobby Box,,799.75,,,1,840.05,799.75,,,,,,,,0,https://theawesomecardshop.com/products/2025-26-topps-finest-basketball-hobby-box,2026-09-06T20:10:33+00:00,1.0
TOPPS_2025-26_FINEST_HOBBY,CANDIDATE,True,hobby,collectorstore,trusted,2025-26 Topps Finest Basketball Hobby Box,,799.95,,,1,840.26,799.75,,,,,,,,0,https://collectorstore.com/products/2025-26-topps-finest-basketball-hobby-box,2026-09-06T20:10:33+00:00,1.0
TOPPS_2025-26_FINEST_HOBBY,CANDIDATE,True,hobby,qscards,watch,2025-26 Topps Finest Basketball Hobby Box,,899.0,,,1,942.71,799.75,,,,,,,,0,https://qscards.com/products/2025-26-topps-finest-basketball-hobby-box,2026-09-06T20:10:33+00:00,1.0
TOPPS_2025-26_FINEST_HOBBY,CANDIDATE,True,hobby,cardiacs,trusted,2025-26 Topps Finest Basketball Hobby Box,,899.95,,,1,943.7,799.75,,,,,,,,0,https://www.thecardiacs.com/products/2025-26-topps-finest-basketball-hobby-box,2026-09-06T20:10:33+00:00,1.0
TOPPS_2025-26_FINEST_HOBBY,CANDIDATE,True,hobby,dacardworldeu,watch,2025/26 Topps Finest Basketball Hobby 2025/26 Topps Finest Basketball Hobby Box,2025/26 Topps Finest Basketball Hobby Box,900.77,,,1,944.54,799.75,,,,,,,,0,https://dacardworld.eu/products/2025-26-topps-finest-basketball-hobby,2026-09-06T20:10:33+00:00,1.0
TOPPS_2025-26_FINEST_HOBBY,CANDIDATE,True,hobby,superior,watch,2025-26 Topps Finest Basketball Hobby Box,,1150.0,,,1,1202.35,799.75,,,,,,,,0,https://superiorsportsinvestments.com/products/2025-26-topps-finest-basketball-hobby-box,2026-09-06T20:10:33+00:00,1.0
TOPPS_2025-26_FINEST_HOBBY,CANDIDATE,True,hobby,deichcards,watch,Topps Finest Basketball Hobby Box 2025/2026,,750.0,,,0,788.59,799.75,,,,,,,,0,https://deichcards.de/products/topps-finest-basketball-hobby-box-2025-2026,2026-09-06T20:10:33+00:00,1.0
TOPPS_2025-26_FINEST_HOBBY,CANDIDATE,True,hobby,rlsports,watch,2025-26 Topps Finest Basketball Hobby Box,,770.0,,,0,809.28,799.75,,,,,,,,0,https://rlsportscards.com/products/2025-26-topps-finest-basketball-hobby-box,2026-09-06T20:10:33+00:00,1.0
TOPPS_2025-26_FINEST_HOBBY,CANDIDATE,True,hobby,worldchampion,watch,2025/26 Topps Finest Basketball Hobby Box,,775.0,,,0,814.45,799.75,,,,,,,,0,https://www.worldchampionsportscards.org/products/2025-26-topps-finest-basketball-hobby-box,2026-09-06T20:10:33+00:00,1.0
TOPPS_2025-26_FINEST_HOBBY,CANDIDATE,True,hobby,sportscardjunction,watch,2025-26 Topps Finest Basketball Hobby Box,,800.0,,,0,840.31,799.75,,,,,,,,0,https://sportscardjunction.com/products/2025-26-topps-finest-basketball-hobby-box,2026-09-06T20:10:33+00:00,1.0
TOPPS_2025-26_FINEST_HOBBY,CANDIDATE,True,hobby,monmouth,watch,2025-26 Topps Finest Basketball Hobby Box,,849.99,,,0,892.02,799.75,,,,,,,,0,https://monmouthcards.com/products/2025-26-topps-finest-basketball-hobby-box,2026-09-06T20:10:33+00:00,1.0
TOPPS_2025-26_FINEST_HOBBY,CANDIDATE,True,hobby,mafiosicards_shop,watch,2025-26 Topps Finest Basketball Hobby Box,,869.0,,,0,911.68,799.75,,,,,,,,0,https://mafiosicards.com/products/2025-26-topps-finest-basketball-hobby-box,2026-09-06T20:10:33+00:00,1.0
TOPPS_2025-26_FINEST_HOBBY,CANDIDATE,True,hobby,columbia,trusted,2025-26 Topps Finest Basketball Hobby Box,,869.99,,,0,912.71,799.75,,,,,,,,0,https://columbiasportscard.com/products/2025-26-topps-finest-basketball-hobby-box,2026-09-06T20:10:33+00:00,1.0
TOPPS_2025-26_FINEST_HOBBY,CANDIDATE,True,hobby,hiddengems,trusted,2025-26 Topps Finest Basketball Hobby Box,,899.0,,,0,942.71,799.75,,,,,,,,0,https://www.hiddengemscardshop.com/products/2025-26-topps-finest-basketball-hobby-box,2026-09-06T20:10:33+00:00,1.0
TOPPS_2025-26_COSMIC_CHROME_HOBBY,WATCH,True,hobby,rbicru7,trusted,"2025-26 Topps Cosmic Chrome Basketball Hobby, Box",,1025.0,,,1,1073.05,919.95,,,,,,,SUIVI,0,https://rbicru7.com/products/2025-26-topps-cosmic-chrome-basketball-hobby-box,2026-09-06T20:10:33+00:00,1.0
TOPPS_2025-26_COSMIC_CHROME_HOBBY,WATCH,True,hobby,collectorstore,trusted,2025-26 Topps Cosmic Chrome Basketball Hobby Box,,1049.95,,,1,1098.86,919.95,,,,,,,,0,https://collectorstore.com/products/2025-26-topps-cosmic-chrome-basketball-hobby-box,2026-09-06T20:10:33+00:00,1.0
TOPPS_2025-26_COSMIC_CHROME_HOBBY,WATCH,True,hobby,dacardworldeu,watch,2025/26 Topps Cosmic Chrome Basketball Hobby 2025/26 Topps Cosmic Chrome Basketball Hobby Box,2025/26 Topps Cosmic Chrome Basketball Hobby Box,1090.0,,,1,1140.28,919.95,,,,,,,,0,https://dacardworld.eu/products/2025-26-topps-cosmic-chrome-basketball-hobby,2026-09-06T20:10:33+00:00,1.0
TOPPS_2025-26_COSMIC_CHROME_HOBBY,WATCH,True,hobby,qscards,watch,2025-26 Topps Cosmic Chrome Basketball Hobby Box,,1099.0,,,1,1149.59,919.95,,,,,,,,0,https://qscards.com/products/2025-26-topps-cosmic-chrome-basketball-hobby-box,2026-09-06T20:10:33+00:00,1.0
TOPPS_2025-26_COSMIC_CHROME_HOBBY,WATCH,True,hobby,ehcards,trusted,2025/26 Topps Cosmic Chrome Basketball Hobby Box,,1199.99,,,1,1254.06,919.95,,,,,,,,0,https://ehcards.com/products/2025-26-topps-cosmic-chrome-basketball-hobby-box,2026-09-06T20:10:33+00:00,1.0
TOPPS_2025-26_COSMIC_CHROME_HOBBY,WATCH,True,hobby,superior,watch,2025-26 Topps Cosmic Chrome Basketball Hobby Box,,1375.0,,,1,1435.09,919.95,,,,,,,,0,https://superiorsportsinvestments.com/products/2025-26-topps-cosmic-chrome-basketball-hobby-box,2026-09-06T20:10:33+00:00,1.0
TOPPS_2025-26_COSMIC_CHROME_HOBBY,WATCH,True,hobby,columbia,trusted,2025/26 Topps Cosmic Chrome Basketball Hobby Box,,879.99,,,0,923.05,919.95,,,,,,,,0,https://columbiasportscard.com/products/2025-26-topps-cosmic-chrome-basketball-hobby-box,2026-09-06T20:10:33+00:00,1.0
TOPPS_2025-26_COSMIC_CHROME_HOBBY,WATCH,True,hobby,awesome,trusted,2025-26 Topps Cosmic Chrome Basketball Hobby Box,,909.75,,,0,953.83,919.95,,,,,,,,0,https://theawesomecardshop.com/products/2025-26-topps-cosmic-chrome-basketball-hobby-box,2026-09-06T20:10:33+00:00,1.0
TOPPS_2025-26_COSMIC_CHROME_HOBBY,WATCH,True,hobby,cardiacs,trusted,2025-26 Topps Cosmic Chrome Basketball Hobby Box,,919.95,,,0,964.38,919.95,,,,,,,,0,https://www.thecardiacs.com/products/2025-26-topps-cosmic-chrome-basketball-hobby-box,2026-09-06T20:10:33+00:00,1.0
TOPPS_2025-26_COSMIC_CHROME_HOBBY,WATCH,True,hobby,rlsports,watch,2025-26 Topps Cosmic Chrome Basketball Hobby Box,,979.99,,,0,1026.49,919.95,,,,,,,,0,https://rlsportscards.com/products/2025-26-topps-cosmic-chrome-basketball-hobby-box,2026-09-06T20:10:33+00:00,1.0
TOPPS_2025-26_COSMIC_CHROME_HOBBY,WATCH,True,hobby,sportscardjunction,watch,2025-26 Topps Cosmic Chrome Basketball Hobby Box,,1000.0,,,0,1047.19,919.95,,,,,,,,0,https://sportscardjunction.com/products/2025-26-topps-cosmic-chrome-basketball-hobby-box,2026-09-06T20:10:33+00:00,1.0
TOPPS_2025-26_COSMIC_CHROME_HOBBY,WATCH,True,hobby,bleecker,watch,2025-26 Topps Cosmic Chrome Basketball Hobby Box,,1100.0,,,0,1150.63,919.95,,,,,,,,0,https://bleeckertrading.com/products/2025-26-topps-cosmic-chrome-basketball-hobby-box-presale,2026-09-06T20:10:33+00:00,1.0
TOPPS_2025-26_COSMIC_CHROME_HOBBY,WATCH,True,hobby,worldchampion,watch,2025/26 Topps Cosmic Chrome Basketball Hobby Box,,1150.0,,,0,1202.35,919.95,,,,,,,,0,https://www.worldchampionsportscards.org/products/2025-26-topps-cosmic-chrome-basketball-hobby-box,2026-09-06T20:10:33+00:00,1.0
TOPPS_2025-26_COSMIC_CHROME_HOBBY,WATCH,True,hobby,hiddengems,trusted,2025-26 Topps Cosmic Chrome Basketball Hobby Box,,1299.0,,,0,1356.47,919.95,,,,,,,,0,https://www.hiddengemscardshop.com/products/2025-26-topps-cosmic-chrome-basketball-hobby-box,2026-09-06T20:10:33+00:00,1.0
TOPPS_2025-26_CHROME_CACTUS_JACK_HOBBY,WATCH,True,hobby,cbhobby,watch,2025-26 Topps Chrome Cactus Jack Basketball Hobby Box Box,Box,550.0,,,1,581.71,539.99,,,,,,,SUIVI,0,https://cbhobby.com/products/2025-26-topps-chrome-cactus-jack-basketball-hobby-box,2026-09-06T20:10:33+00:00,1.0
TOPPS_2025-26_CHROME_CACTUS_JACK_HOBBY,WATCH,True,hobby,columbia,trusted,2025/26 Topps Chrome Cactus Jack Basketball Hobby Box,,563.99,,,1,596.18,539.99,,,,,,,,0,https://columbiasportscard.com/products/2025-26-topps-chrome-cactus-jack-basketball-hobby-box,2026-09-06T20:10:33+00:00,1.0
TOPPS_2025-26_CHROME_CACTUS_JACK_HOBBY,WATCH,True,hobby,cardiacs,trusted,2025-26 Topps Chrome Cactus Jack Basketball Hobby Box,,569.95,,,1,602.34,539.99,,,,,,,,0,https://www.thecardiacs.com/products/2025-26-topps-chrome-cactus-jack-basketball-hobby-box,2026-09-06T20:10:33+00:00,1.0
TOPPS_2025-26_CHROME_CACTUS_JACK_HOBBY,WATCH,True,hobby,collectorstore,trusted,2025-26 Topps Chrome Cactus Jack Basketball Hobby Box,,569.95,,,1,602.34,539.99,,,,,,,,0,https://collectorstore.com/products/2025-26-topps-chrome-cactus-jack-basketball-hobby-box,2026-09-06T20:10:33+00:00,1.0
TOPPS_2025-26_CHROME_CACTUS_JACK_HOBBY,WATCH,True,hobby,rbicru7,trusted,"2025-26 Topps Chrome Cactus Jack Basketball Hobby, Box",,575.0,,,1,607.57,539.99,,,,,,,,0,https://rbicru7.com/products/2025-26-topps-chrome-cactus-jack-basketball-hobby-box,2026-09-06T20:10:33+00:00,1.0
TOPPS_2025-26_CHROME_CACTUS_JACK_HOBBY,WATCH,True,hobby,sportscardjunction,watch,2025-26 Topps Chrome Cactus Jack Basketball Hobby Box,,575.0,,,1,607.57,539.99,,,,,,,,0,https://sportscardjunction.com/products/2025-26-topps-chrome-cactus-jack-basketball-hobby-box,2026-09-06T20:10:33+00:00,1.0
TOPPS_2025-26_CHROME_CACTUS_JACK_HOBBY,WATCH,True,hobby,dennistheripper,watch,2025-26 Topps Chrome Cactus Jack Basketball Hobby Box,,599.99,,,1,633.42,539.99,,,,,,,,0,https://dennistheripper.de/products/2025-26-topps-chrome-cactus-jack-basketball-hobby-box,2026-09-06T20:10:33+00:00,1.0
TOPPS_2025-26_CHROME_CACTUS_JACK_HOBBY,WATCH,True,hobby,stcuk,watch,2025-26 Topps Chrome Cactus Jack Basketball Hobby Box,,600.0,,,1,633.43,539.99,,,,,,,,0,https://sportstradingcardsuk.com/products/pre-order-2025-26-topps-chrome-cactus-jack-basketball-hobby-box,2026-09-06T20:10:33+00:00,1.0
TOPPS_2025-26_CHROME_CACTUS_JACK_HOBBY,WATCH,True,hobby,hiddengems,trusted,2025-26 Topps Chrome® Cactus Jack Basketball Hobby Box,,625.0,,,1,659.29,539.99,,,,,,,,0,https://www.hiddengemscardshop.com/products/topps-chrome®-cactus-jack-basketball-hobby-box-presell,2026-09-06T20:10:33+00:00,1.0
TOPPS_2025-26_CHROME_CACTUS_JACK_HOBBY,WATCH,True,hobby,dacardworldeu,watch,2025/26 Topps Chrome Cactus Jack Basketball Hobby 2025/26 Topps Chrome Cactus Jack Basketball Hobby Box,2025/26 Topps Chrome Cactus Jack Basketball Hobby Box,700.0,,,1,736.87,539.99,,,,,,,,0,https://dacardworld.eu/products/2025-26-topps-chrome-cactus-jack-basketball-hobby,2026-09-06T20:10:33+00:00,1.0
TOPPS_2025-26_CHROME_CACTUS_JACK_HOBBY,WATCH,True,hobby,bleecker,watch,2025-26 Topps Chrome Cactus Jack Basketball Hobby Box,,750.0,,,1,788.59,539.99,,,,,,,,0,https://bleeckertrading.com/products/2025-26-topps-chrome-cactus-jack-basketball-hobby-box-presale,2026-09-06T20:10:33+00:00,1.0
TOPPS_2025-26_CHROME_CACTUS_JACK_HOBBY,WATCH,True,hobby,superior,watch,2025-26 Topps Chrome Cactus Jack Basketball Hobby Box,,850.0,,,1,892.03,539.99,,,,,,,,0,https://superiorsportsinvestments.com/products/2025-26-topps-chrome-cactus-jack-basketball-hobby-box,2026-09-06T20:10:33+00:00,1.0
TOPPS_2025-26_CHROME_CACTUS_JACK_HOBBY,WATCH,True,hobby,worldchampion,watch,2025/26 Topps Chrome Cactus Jack Basketball Hobby Box,,610.0,,,0,643.77,539.99,,,,,,,,0,https://www.worldchampionsportscards.org/products/2025-26-topps-chrome-cactus-jack-basketball-hobby-box,2026-09-06T20:10:33+00:00,1.0
TOPPS_2025-26_CHROME_CACTUS_JACK_HOBBY,WATCH,True,hobby,rlsports,watch,2025-26 Topps Chrome Cactus Jack Basketball Hobby Box,,619.99,,,0,654.11,539.99,,,,,,,,0,https://rlsportscards.com/products/2025-26-topps-chrome-cactus-jack-basketball-hobby-box,2026-09-06T20:10:33+00:00,1.0
TOPPS_2025-26_CHROME_CACTUS_JACK_HOBBY,WATCH,True,hobby,awesome,trusted,2025-26 Topps Chrome Cactus Jack Basketball Hobby Box,,689.75,,,0,726.27,539.99,,,,,,,,0,https://theawesomecardshop.com/products/2025-26-topps-chrome-cactus-jack-basketball-hobby-box,2026-09-06T20:10:33+00:00,1.0
TOPPS_2025-26_CHROME_CACTUS_JACK_HOBBY,WATCH,True,hobby,monmouth,watch,2025-26 Topps Chrome Cactus Jack Basketball Hobby Box,,699.99,,,0,736.86,539.99,,,,,,,,0,https://monmouthcards.com/products/2025-26-topps-chrome-cactus-jack-basketball-hobby-box,2026-09-06T20:10:33+00:00,1.0
PANINI_2025-26_EUROLEAGUE_ORIGINS_H2,CANDIDATE,euroleague,hobby,columbia,trusted,2025/26 Panini Origins EuroLeague Basketball H2 Box,,34.99,,,1,48.98,,,,,,,76.49,CANDIDAT,0,https://columbiasportscard.com/products/2025-26-panini-origins-euroleague-basketball-h2-box,2026-09-06T20:10:33+00:00,1.0
PANINI_2025-26_EUROLEAGUE_ORIGINS_H2,CANDIDATE,euroleague,hobby,rlsports,watch,2025-26 Panini Euroleague Origins Basketball H2 Box,,34.99,,,1,48.98,,,,,,,76.49,,0,https://rlsportscards.com/products/2025-26-panini-euroleague-origins-basketball-h2-box,2026-09-06T20:10:33+00:00,1.0
PANINI_2025-26_EUROLEAGUE_ORIGINS_H2,CANDIDATE,euroleague,hobby,rbicru7,trusted,"2025-26 Panini Origins EuroLeague Basketball H2, Box",,40.0,,,1,54.16,,,,,,,76.49,,0,https://rbicru7.com/products/2025-26-panini-origins-euroleague-basketball-h2-box,2026-09-06T20:10:33+00:00,1.0
PANINI_2025-26_EUROLEAGUE_ORIGINS_H2,CANDIDATE,euroleague,hobby,dacardworldeu,watch,2025/26 Panini Origins EuroLeague Basketball H2 2025/26 Panini Origins EuroLeague Basketball H2 Box,2025/26 Panini Origins EuroLeague Basketball H2 Box,49.0,,,1,63.47,,,,,,,76.49,,0,https://dacardworld.eu/products/2025-26-panini-origins-euroleague-basketball-h2,2026-09-06T20:10:33+00:00,1.0
PANINI_2025-26_EUROLEAGUE_ORIGINS_H2,CANDIDATE,euroleague,hobby,awesome,trusted,2025-26 Panini Origins EuroLeague Basketball H2 Hobby Box,,49.75,,,1,64.25,,,,,,,76.49,,0,https://theawesomecardshop.com/products/2025-26-panini-origins-euroleague-basketball-h2-hobby-box,2026-09-06T20:10:33+00:00,1.0
PANINI_2025-26_EUROLEAGUE_ORIGINS_H2,CANDIDATE,euroleague,hobby,superior,watch,2025-26 Panini Origins EuroLeague Basketball H2 Box,,65.0,,,1,80.02,,,,,,,76.49,,0,https://superiorsportsinvestments.com/products/2025-26-panini-origins-euroleague-basketball-h2-box,2026-09-06T20:10:33+00:00,1.0
PANINI_2025-26_EUROLEAGUE_ORIGINS_H2,CANDIDATE,euroleague,hobby,sjay2k,watch,2025-26 Panini Origins Euroleague Basketball H2 Hybrid Box,,80.0,,,1,95.54,,,,,,,76.49,,0,https://www.sjay2k.com/products/2025-26-panini-euroleague-origins-basketball-h2-box-pre-order-june-26,2026-09-06T20:10:33+00:00,1.0
PANINI_2025-26_EUROLEAGUE_ORIGINS_HOBBY,CANDIDATE,euroleague,hobby,columbia,trusted,2025/26 Panini Origins EuroLeague Basketball Hobby Box,,73.99,,,1,89.32,,,,,,,157.49,CANDIDAT,0,https://columbiasportscard.com/products/2025-26-panini-origins-euroleague-basketball-hobby-box,2026-09-06T20:10:33+00:00,1.0
PANINI_2025-26_EUROLEAGUE_ORIGINS_HOBBY,CANDIDATE,euroleague,hobby,rbicru7,trusted,"2025-26 Panini Origins EuroLeague Basketball Hobby, Box",,85.0,,,1,100.71,,,,,,,157.49,,0,https://rbicru7.com/products/2025-26-panini-origins-euroleague-basketball-hobby-box,2026-09-06T20:10:33+00:00,1.0
PANINI_2025-26_EUROLEAGUE_ORIGINS_HOBBY,CANDIDATE,euroleague,hobby,stcuk,watch,2025-26 Panini Origins EuroLeague Basketball Hobby Box,,95.0,,,1,111.06,,,,,,,157.49,,0,https://sportstradingcardsuk.com/products/pre-order-2025-26-panini-origins-euroleague-basketball-hobby-box,2026-09-06T20:10:33+00:00,1.0
PANINI_2025-26_EUROLEAGUE_ORIGINS_HOBBY,CANDIDATE,euroleague,hobby,awesome,trusted,2025-26 Panini Origins EuroLeague Basketball Hobby Box,,99.75,,,1,115.97,,,,,,,157.49,,0,https://theawesomecardshop.com/products/2025-26-panini-origins-euroleague-basketball-hobby-box,2026-09-06T20:10:33+00:00,1.0
PANINI_2025-26_EUROLEAGUE_ORIGINS_HOBBY,CANDIDATE,euroleague,hobby,dacardworldeu,watch,2025/26 Panini Origins EuroLeague Basketball Hobby 2025/26 Panini Origins EuroLeague Basketball Hobby Box,2025/26 Panini Origins EuroLeague Basketball Hobby Box,110.0,,,1,126.57,,,,,,,157.49,,0,https://dacardworld.eu/products/2025-26-panini-origins-euroleague-basketball-hobby,2026-09-06T20:10:33+00:00,1.0
PANINI_2025-26_EUROLEAGUE_ORIGINS_HOBBY,CANDIDATE,euroleague,hobby,rlsports,watch,2025-26 Panini Euroleague Origins Basketball Hobby Box,,84.99,,,0,100.7,,,,,,,157.49,,0,https://rlsportscards.com/products/2025-26-panini-euroleague-origins-basketball-hobby-box,2026-09-06T20:10:33+00:00,1.0
PANINI_2025-26_EUROLEAGUE_SELECT_HOBBY,CANDIDATE,euroleague,hobby,collectorstore,trusted,2025-26 Panini Select Euroleague Basketball Hobby Box,,79.95,,,1,95.49,,,,,,,170.99,CANDIDAT,0,https://collectorstore.com/products/2025-26-panini-select-euroleague-basketball-hobby-box,2026-09-06T20:10:33+00:00,1.0
PANINI_2025-26_EUROLEAGUE_SELECT_HOBBY,CANDIDATE,euroleague,hobby,rbicru7,trusted,"2025-26 Panini Select EuroLeague Basketball Hobby, Box",,110.0,,,1,126.57,,,,,,,170.99,,0,https://rbicru7.com/products/2025-26-panini-select-euroleague-basketball-hobby-box,2026-09-06T20:10:33+00:00,1.0
PANINI_2025-26_EUROLEAGUE_SELECT_HOBBY,CANDIDATE,euroleague,hobby,sportscardjunction,watch,2025-26 Panini Select Euro League Basketball Hobby Box,,110.0,,,1,126.57,,,,,,,170.99,,0,https://sportscardjunction.com/products/2025-26-panini-select-euro-league-basketball-hobby-box,2026-09-06T20:10:33+00:00,1.0
PANINI_2025-26_EUROLEAGUE_SELECT_HOBBY,CANDIDATE,euroleague,hobby,awesome,trusted,2025-26 Panini Select EuroLeague Basketball Hobby Box,,117.75,,,1,134.59,,,,,,,170.99,,0,https://theawesomecardshop.com/products/2025-26-panini-select-euroleague-basketball-hobby-box,2026-09-06T20:10:33+00:00,1.0
PANINI_2025-26_EUROLEAGUE_SELECT_HOBBY,CANDIDATE,euroleague,hobby,superior,watch,2025-26 Panini Select EuroLeague Basketball Hobby Box,,125.0,,,1,142.09,,,,,,,170.99,,0,https://superiorsportsinvestments.com/products/2025-26-panini-select-euroleague-basketball-hobby-box,2026-09-06T20:10:33+00:00,1.0
PANINI_2025-26_EUROLEAGUE_SELECT_HOBBY,CANDIDATE,euroleague,hobby,qscards,watch,2025-26 Panini Select EuroLeague Basketball Hobby Box,,129.0,,,1,146.23,,,,,,,170.99,,0,https://qscards.com/products/2025-26-panini-select-euroleague-basketball-hobby-box,2026-09-06T20:10:33+00:00,1.0
PANINI_2025-26_EUROLEAGUE_SELECT_HOBBY,CANDIDATE,euroleague,hobby,dacardworldeu,watch,2025/26 Panini Select EuroLeague Basketball Hobby 2025/26 Panini Select EuroLeague Basketball Hobby Box,2025/26 Panini Select EuroLeague Basketball Hobby Box,130.0,,,1,147.26,,,,,,,170.99,,0,https://dacardworld.eu/products/2025-26-panini-select-euroleague-basketball-hobby,2026-09-06T20:10:33+00:00,1.0
PANINI_2025-26_EUROLEAGUE_SELECT_HOBBY,CANDIDATE,euroleague,hobby,columbia,trusted,2025/26 Panini Select EuroLeague Basketball Hobby Box,,74.99,,,0,90.36,,,,,,,170.99,,0,https://columbiasportscard.com/products/2025-26-panini-select-euroleague-basketball-hobby-box,2026-09-06T20:10:33+00:00,1.0
PANINI_2025-26_EUROLEAGUE_SELECT_HOBBY,CANDIDATE,euroleague,hobby,rlsports,watch,2025-26 Panini Select EuroLeague Basketball Hobby Box,,74.99,,,0,90.36,,,,,,,170.99,,0,https://rlsportscards.com/products/2025-26-panini-select-euroleague-basketball-hobby-box,2026-09-06T20:10:33+00:00,1.0
PANINI_2025-26_EUROLEAGUE_SELECT_HOBBY,CANDIDATE,euroleague,hobby,deichcards,watch,Panini Select EuroLeague Basketball Hobby Box 2025/2026,,150.0,,,0,167.95,,,,,,,170.99,,0,https://deichcards.de/products/panini-select-euroleague-basketball-hobby-box-2025-2026,2026-09-06T20:10:33+00:00,1.0
PANINI_2023-24_CONTENDERS_OPTIC_HOBBY,WATCH,True,hobby,rbicru7,trusted,"2023/24 Panini Contenders Optic Basketball Hobby, Box",,475.0,,,1,504.13,324.99,,,,,,,SUIVI,0,https://rbicru7.com/products/2023-24-panini-contenders-optic-basketball-hobby-box,2026-09-06T20:10:33+00:00,1.0
PANINI_2023-24_CONTENDERS_OPTIC_HOBBY,WATCH,True,hobby,awesome,trusted,2023-24 Panini Contenders Optic Basketball Hobby Box,,288.75,,,0,311.47,324.99,,,,,,,,0,https://theawesomecardshop.com/products/2023-24-panini-contenders-optic-basketball-hobby-box,2026-09-06T20:10:33+00:00,1.0
PANINI_2023-24_CONTENDERS_OPTIC_HOBBY,WATCH,True,hobby,sportscardjunction,watch,2023-24 Panini Contenders Optic Basketball Hobby Box,,295.0,,,0,317.94,324.99,,,,,,,,0,https://sportscardjunction.com/products/2023-24-panini-contenders-optic-basketball-hobby-box,2026-09-06T20:10:33+00:00,1.0
PANINI_2023-24_CONTENDERS_OPTIC_HOBBY,WATCH,True,hobby,cardiacs,trusted,2023-24 Panini Contenders Optic Basketball Hobby Box,,324.95,,,0,348.92,324.99,,,,,,,,0,https://www.thecardiacs.com/products/2023-24-panini-contenders-optic-hobby-box,2026-09-06T20:10:33+00:00,1.0
PANINI_2023-24_CONTENDERS_OPTIC_HOBBY,WATCH,True,hobby,rlsports,watch,2023-24 Panini Contenders Optic Basketball Hobby Box,,324.99,,,0,348.96,324.99,,,,,,,,0,https://rlsportscards.com/products/2023-24-panini-contenders-optic-basketball-hobby-box,2026-09-06T20:10:33+00:00,1.0
PANINI_2023-24_CONTENDERS_OPTIC_HOBBY,WATCH,True,hobby,ehcards,trusted,2023/24 Panini Contenders Optic Basketball Hobby Box,,339.99,,,0,364.47,324.99,,,,,,,,0,https://ehcards.com/products/2023-24-panini-contenders-optic-basketball-hobby-box,2026-09-06T20:10:33+00:00,1.0
PANINI_2023-24_CONTENDERS_OPTIC_HOBBY,WATCH,True,hobby,deichcards,watch,Panini Contenders Optic Basketball Hobby Box 2023/2024,,360.0,,,0,385.17,324.99,,,,,,,,0,https://deichcards.de/products/panini-contenders-optic-basketball-hobby-box-2023-2024,2026-09-06T20:10:33+00:00,1.0
PANINI_2023-24_CONTENDERS_OPTIC_HOBBY,WATCH,True,hobby,monmouth,watch,2023-24 Panini Contenders Optic Basketball Hobby Box,,374.99,,,0,400.68,324.99,,,,,,,,0,https://monmouthcards.com/products/2023-24-panini-contenders-optic-basketball-hobby-box,2026-09-06T20:10:33+00:00,1.0
PANINI_2023-24_CONTENDERS_OPTIC_HOBBY,WATCH,True,hobby,bleecker,watch,2023-24 Contenders Optic Basketball Hobby Box,,380.0,,,0,405.86,324.99,,,,,,,,0,https://bleeckertrading.com/products/2023-24-contenders-optic-basketball-hobby-box,2026-09-06T20:10:33+00:00,1.0
PANINI_2023-24_CONTENDERS_OPTIC_INTERNATIONAL,WATCH,True,hobby,awesome,trusted,2023-24 Panini Contenders Optic Basketball International Hobby Box,,174.75,,,0,193.55,180.0,,,,,,,,0,https://theawesomecardshop.com/products/2023-24-panini-contenders-optic-basketball-international-hobby-box,2026-09-06T20:10:33+00:00,1.0
PANINI_2023-24_CONTENDERS_OPTIC_INTERNATIONAL,WATCH,True,hobby,bleecker,watch,2023-24 International Contenders Optic Basketball Hobby Box,,180.0,,,0,198.98,180.0,,,,,,,,0,https://bleeckertrading.com/products/2023-24-international-contenders-optic-basketball-hobby-box,2026-09-06T20:10:33+00:00,1.0
PANINI_2023-24_CONTENDERS_OPTIC_INTERNATIONAL,WATCH,True,hobby,deichcards,watch,Panini Contenders Optic Basketball Hobby International Box 2023/2024,,209.0,,,0,228.98,180.0,,,,,,,,0,https://deichcards.de/products/panini-contenders-optic-basketball-hobby-international-box-2023-2024,2026-09-06T20:10:33+00:00,1.0
PANINI_2023-24_CROWN_ROYALE_EUROLEAGUE_HOBBY,WATCH,False,hobby,stcuk,watch,2023-24 Panini Crown Royale Euroleague Basketball Hobby Box,,100.0,,,1,116.23,100.0,,,,,,,SUIVI,0,https://sportstradingcardsuk.com/products/2023-24-panini-crown-royale-euroleague-basketball-hobby-box,2026-09-06T20:10:33+00:00,1.0
PANINI_2023-24_CROWN_ROYALE_EUROLEAGUE_HOBBY,WATCH,False,hobby,sjay2k,watch,2023-24 Panini Crown Royale Turkish Airlines EuroLeague Basketball Hobby Box,,170.0,,,1,188.64,100.0,,,,,,,,0,https://www.sjay2k.com/products/2023-24-panini-crown-royale-turkish-airlines-euroleague-basketball-hobby-box,2026-09-06T20:10:33+00:00,1.0
PANINI_2023-24_CROWN_ROYALE_EUROLEAGUE_HOBBY,WATCH,False,hobby,sportscardjunction,watch,2023-24 Panini Crown Royale Euroleague Basketball Hobby Box,,100.0,,,0,116.23,100.0,,,,,,,,0,https://sportscardjunction.com/products/2023-24-panini-crown-royale-euroleague-basketball-hobby-box,2026-09-06T20:10:33+00:00,1.0
PANINI_2023-24_CROWN_ROYALE_EUROLEAGUE_HOBBY,WATCH,False,hobby,worldchampion,watch,2023/24 Panini Crown Royale Turkish Airlines EuroLeague Basketball Hobby Box,,100.0,,,0,116.23,100.0,,,,,,,,0,https://www.worldchampionsportscards.org/products/2023-24-panini-crown-royale-turkish-airlines-euroleague-basketball-hobby-box,2026-09-06T20:10:33+00:00,1.0
PANINI_2023-24_CROWN_ROYALE_EUROLEAGUE_HOBBY,WATCH,False,hobby,deichcards,watch,Panini Crown Royale Turkish Airlines EuroLeague Basketball Hobby Box 2023/2024,,144.9,,,0,162.67,100.0,,,,,,,,0,https://deichcards.de/products/panini-crown-royale-turkish-airlines-euroleague-basketball-hobby-box-2023-2024,2026-09-06T20:10:33+00:00,1.0
PANINI_2023-24_CROWN_ROYALE_HOBBY,WATCH,True,hobby,rlsports,watch,2023-24 Panini Crown Royale Basketball Hobby Box,,364.95,,,0,390.29,424.75,,,,,,,,0,https://rlsportscards.com/products/2023-24-panini-crown-royale-basketball-hobby-box,2026-09-06T20:10:33+00:00,1.0
PANINI_2023-24_CROWN_ROYALE_HOBBY,WATCH,True,hobby,awesome,trusted,2023-24 Panini Crown Royale Basketball Hobby Box,,424.75,,,0,452.15,424.75,,,,,,,,0,https://theawesomecardshop.com/products/2023-24-panini-crown-royale-basketball-hobby-box,2026-09-06T20:10:33+00:00,1.0
PANINI_2023-24_CROWN_ROYALE_HOBBY,WATCH,True,hobby,sportscardjunction,watch,2023-24 Panini Crown Royale Basketball Hobby Box,,950.0,,,0,995.47,424.75,,,,,,,,0,https://sportscardjunction.com/products/2023-24-panini-crown-royale-basketball-hobby-box,2026-09-06T20:10:33+00:00,1.0
PANINI_2023-24_CROWN_ROYALE_INTERNATIONAL,WATCH,True,hobby,awesome,trusted,2023/24 Panini Crown Royale Basketball International Hobby Box,,149.95,,,0,167.9,225.0,,,,,,,,0,https://theawesomecardshop.com/products/2023-24-panini-crown-royale-basketball-international-hobby-box,2026-09-06T20:10:33+00:00,1.0
PANINI_2023-24_CROWN_ROYALE_INTERNATIONAL,WATCH,True,hobby,bleecker,watch,2023-24 Panini Crown Royale Basketball International Hobby Box,,225.0,,,0,245.53,225.0,,,,,,,,0,https://bleeckertrading.com/products/2023-24-panini-crown-royale-basketball-sealed-international-hobby-box-wemby-kabooms,2026-09-06T20:10:33+00:00,1.0
PANINI_2023-24_DONRUSS_CHOICE,WATCH,True,hobby,sportscardjunction,watch,2023-24 Panini Donruss Basketball Hobby Choice Box,,275.0,,,0,297.25,275.0,,,,,,,,0,https://sportscardjunction.com/products/2023-24-panini-donruss-basketball-hobby-choice-box,2026-09-06T20:10:33+00:00,1.0
PANINI_2023-24_DONRUSS_CHOICE,WATCH,True,hobby,worldchampion,watch,2023-24 Panini Donruss Basketball Choice Box,,275.0,,,0,297.25,275.0,,,,,,,,0,https://www.worldchampionsportscards.org/products/2023-24-panini-donruss-basketball-choice-box,2026-09-06T20:10:33+00:00,1.0
PANINI_2023-24_DONRUSS_CHOICE,WATCH,True,hobby,bleecker,watch,2023-24 Donruss Choice Basketball Box,,325.0,,,0,348.97,275.0,,,,,,,,0,https://bleeckertrading.com/products/2023-24-donruss-choice-sealed-box,2026-09-06T20:10:33+00:00,1.0
PANINI_2023-24_DONRUSS_HOBBY,WATCH,True,hobby,rlsports,watch,2023-24 Panini Donruss Basketball Hobby Box,,249.95,,,0,271.34,289.0,,,,,,,,0,https://rlsportscards.com/products/2023-24-panini-donruss-basketball-hobby-box,2026-09-06T20:10:33+00:00,1.0
PANINI_2023-24_DONRUSS_HOBBY,WATCH,True,hobby,rlsports,watch,2023-24 Panini Donruss Elite Basketball Hobby Box,,249.95,,,0,271.34,289.0,,,,,,,,0,https://rlsportscards.com/products/2023-24-panini-donruss-elite-basketball-hobby-box,2026-09-06T20:10:33+00:00,1.0
PANINI_2023-24_DONRUSS_HOBBY,WATCH,True,hobby,sportscardjunction,watch,2023-24 Panini Donruss Basketball Hobby Box,,250.0,,,0,271.39,289.0,,,,,,,,0,https://sportscardjunction.com/products/pre-order-2023-24-panini-donruss-basketball-hobby-box-releases-2-14-24,2026-09-06T20:10:33+00:00,1.0
PANINI_2023-24_DONRUSS_HOBBY,WATCH,True,hobby,worldchampion,watch,2023-24 Panini Donruss Basketball Hobby Box,,275.0,,,0,297.25,289.0,,,,,,,,0,https://www.worldchampionsportscards.org/products/2023-24-panini-donruss-basketball-hobby-box,2026-09-06T20:10:33+00:00,1.0
PANINI_2023-24_DONRUSS_HOBBY,WATCH,True,hobby,awesome,trusted,2023-24 Panini Donruss Basketball Hobby Box,,279.75,,,0,302.16,289.0,,,,,,,,0,https://theawesomecardshop.com/products/2023-24-panini-donruss-basketball-hobby-box,2026-09-06T20:10:33+00:00,1.0
PANINI_2023-24_DONRUSS_HOBBY,WATCH,True,hobby,awesome,trusted,2023-24 Panini Donruss Elite Basketball Hobby Box,,289.0,,,0,311.73,289.0,,,,,,,,0,https://theawesomecardshop.com/products/2023-24-panini-donruss-elite-basketball-hobby-box,2026-09-06T20:10:33+00:00,1.0
PANINI_2023-24_DONRUSS_HOBBY,WATCH,True,hobby,bleecker,watch,2023-24 Panini Donruss Basketball Hobby Box,,300.0,,,0,323.11,289.0,,,,,,,,0,https://bleeckertrading.com/products/2023-24-panini-donruss-basketball-sealed-hobby-box-presale,2026-09-06T20:10:33+00:00,1.0
PANINI_2023-24_DONRUSS_HOBBY,WATCH,True,hobby,monmouth,watch,2023-24 Panini Donruss Basketball Hobby Box,,309.99,,,0,333.44,289.0,,,,,,,,0,https://monmouthcards.com/products/2023-24-panini-donruss-basketball-hobby-box,2026-09-06T20:10:33+00:00,1.0
PANINI_2023-24_DONRUSS_HOBBY,WATCH,True,hobby,monmouth,watch,2023-24 Panini Donruss Elite Basketball Hobby Box,,324.99,,,0,348.96,289.0,,,,,,,,0,https://monmouthcards.com/products/2023-24-panini-donruss-elite-basketball-hobby-box,2026-09-06T20:10:33+00:00,1.0
PANINI_2023-24_DONRUSS_HOBBY,WATCH,True,hobby,worldchampion,watch,2023-24 Panini Donruss Elite Basketball Hobby Box,,325.0,,,0,348.97,289.0,,,,,,,,0,https://www.worldchampionsportscards.org/products/2023-24-panini-donruss-elite-basketball-hobby-box,2026-09-06T20:10:33+00:00,1.0
PANINI_2023-24_DONRUSS_INTERNATIONAL,WATCH,True,hobby,rlsports,watch,2023-24 Panini Donruss Basketball International Box,,84.95,,,0,100.66,120.0,,,,,,,,0,https://rlsportscards.com/products/2023-24-panini-donruss-basketball-international-box,2026-09-06T20:10:33+00:00,1.0
PANINI_2023-24_DONRUSS_INTERNATIONAL,WATCH,True,hobby,awesome,trusted,2023-24 Panini Donruss Basketball International Hobby Box,,90.0,,,0,105.88,120.0,,,,,,,,0,https://theawesomecardshop.com/products/2023-24-panini-donruss-basketball-international-hobby-box,2026-09-06T20:10:33+00:00,1.0
PANINI_2023-24_DONRUSS_INTERNATIONAL,WATCH,True,hobby,bleecker,watch,2023-24 Donruss Basketball International Hobby Box,,120.0,,,0,136.92,120.0,,,,,,,,0,https://bleeckertrading.com/products/2023-24-donruss-basketball-international-hobby-box,2026-09-06T20:10:33+00:00,1.0
PANINI_2023-24_DONRUSS_INTERNATIONAL,WATCH,True,hobby,awesome,trusted,2023/24 Panini Donruss Elite Basketball International Hobby Box,,149.95,,,0,167.9,120.0,,,,,,,,0,https://theawesomecardshop.com/products/2023-24-panini-donruss-elite-basketball-international-hobby-box,2026-09-06T20:10:33+00:00,1.0
PANINI_2023-24_HOOPS_HOBBY,WATCH,True,hobby,monmouth,watch,2023-24 Panini NBA Hoops Basketball Hobby Box,,364.99,,,1,390.33,165.0,,,,,,,SUIVI,0,https://monmouthcards.com/products/2023-24-panini-hoops-basketball-hobby-box,2026-09-06T20:10:33+00:00,1.0
PANINI_2023-24_HOOPS_HOBBY,WATCH,True,hobby,superior,watch,2023-24 Panini NBA Hoops Basketball Hobby Box,,550.0,,,1,581.71,165.0,,,,,,,,0,https://superiorsportsinvestments.com/products/2023-24-panini-nba-hoops-basketball-hobby-box-1,2026-09-06T20:10:33+00:00,1.0
PANINI_2023-24_HOOPS_HOBBY,WATCH,True,hobby,rlsports,watch,2023-24 Panini Hoops Basketball Hobby Box,,149.95,,,0,167.9,165.0,,,,,,,,0,https://rlsportscards.com/products/2023-24-panini-hoops-basketball-hobby-box,2026-09-06T20:10:33+00:00,1.0
PANINI_2023-24_HOOPS_HOBBY,WATCH,True,hobby,e5sports,watch,2023-24 Panini NBA Hoops Basketball Hobby Box Wembanyama,,160.0,,,0,178.29,165.0,,,,,,,,0,https://e5sports.com/products/2023-24-panini-nba-hoops-basketball-hobby-box,2026-09-06T20:10:33+00:00,1.0
PANINI_2023-24_HOOPS_HOBBY,WATCH,True,hobby,sportscardjunction,watch,2023-24 Panini Hoops Basketball Hobby Box,,165.0,,,0,183.46,165.0,,,,,,,,0,https://sportscardjunction.com/products/copy-2022-23-panini-hoops-basketball-hobby-box,2026-09-06T20:10:33+00:00,1.0
PANINI_2023-24_HOOPS_HOBBY,WATCH,True,hobby,awesome,trusted,2023-24 Panini NBA Hoops Basketball Hobby Box,,274.75,,,0,296.99,165.0,,,,,,,,0,https://theawesomecardshop.com/products/2023panini-hoops-basketball-hobby-box,2026-09-06T20:10:33+00:00,1.0
PANINI_2023-24_HOOPS_INTERNATIONAL,WATCH,True,hobby,rlsports,watch,2023-24 Panini Hoops Basketball Asia Box,,89.95,,,0,105.83,90.0,,,,,,,,0,https://rlsportscards.com/products/2023-24-panini-hoops-basketball-asia-box,2026-09-06T20:10:33+00:00,1.0
PANINI_2023-24_HOOPS_INTERNATIONAL,WATCH,True,hobby,awesome,trusted,2023-24 Panini NBA Hoops Basketball Asia Edition Box,,90.0,,,0,105.88,90.0,,,,,,,,0,https://theawesomecardshop.com/products/2023-24-panini-nba-hoops-basketball-asia-edition-box,2026-09-06T20:10:33+00:00,1.0
PANINI_2023-24_HOOPS_INTERNATIONAL,WATCH,True,hobby,bleecker,watch,2023-24 Panini NBA Hoops TMALL Basketball Box,,100.0,,,0,116.23,90.0,,,,,,,,0,https://bleeckertrading.com/products/2023-24-panini-nba-hoops-tmall-basketball-sealed-box,2026-09-06T20:10:33+00:00,1.0
PANINI_2023-24_IMPECCABLE_HOBBY,WATCH,True,hobby,superior,watch,2023-24 Panini Impeccable Basketball Hobby Box,,3300.0,,,1,3426.31,2450.0,,,,,,,SUIVI,0,https://superiorsportsinvestments.com/products/2023-24-panini-impeccable-basketball-hobby-box,2026-09-06T20:10:33+00:00,1.0
PANINI_2023-24_IMPECCABLE_HOBBY,WATCH,True,hobby,awesome,trusted,2023-24 Panini Impeccable Basketball Hobby Box,,2095.75,,,0,2180.63,2450.0,,,,,,,,0,https://theawesomecardshop.com/products/2023-24-panini-impeccable-basketball-hobby-box,2026-09-06T20:10:33+00:00,1.0
PANINI_2023-24_IMPECCABLE_HOBBY,WATCH,True,hobby,bleecker,watch,2023-24 Panini Impeccable Basketball Hobby Box,,2450.0,,,0,2547.07,2450.0,,,,,,,,0,https://bleeckertrading.com/products/2023-24-panini-impeccable-basketball-sealed-hobby-box,2026-09-06T20:10:33+00:00,1.0
PANINI_2023-24_IMPECCABLE_HOBBY,WATCH,True,hobby,monmouth,watch,2023-24 Panini Impeccable Basketball Hobby Box,,3499.99,,,0,3633.18,2450.0,,,,,,,,0,https://monmouthcards.com/products/2023-24-panini-impeccable-basketball-hobby-box,2026-09-06T20:10:33+00:00,1.0
PANINI_2023-24_OBSIDIAN_HOBBY,WATCH,True,hobby,superior,watch,2023-24 Panini Obsidian Basketball Hobby Box,,1100.0,,,1,1150.63,364.95,,,,,,,SUIVI,0,https://superiorsportsinvestments.com/products/2023-24-panini-obsidian-basketball-hobby-box,2026-09-06T20:10:33+00:00,1.0
PANINI_2023-24_OBSIDIAN_HOBBY,WATCH,True,hobby,sportscardjunction,watch,2023-24 Panini Obsidian Basketball Hobby Box,,315.0,,,0,338.62,364.95,,,,,,,,0,https://sportscardjunction.com/products/pre-order-2023-24-panini-obsidian-basketball-hobby-box-releases-5-29,2026-09-06T20:10:33+00:00,1.0
PANINI_2023-24_OBSIDIAN_HOBBY,WATCH,True,hobby,worldchampion,watch,2023-24 Panini Obsidian Basketball Hobby Box,,325.0,,,0,348.97,364.95,,,,,,,,0,https://www.worldchampionsportscards.org/products/2023-24-panini-obsidian-basketball-hobby-box,2026-09-06T20:10:33+00:00,1.0
PANINI_2023-24_OBSIDIAN_HOBBY,WATCH,True,hobby,rlsports,watch,2023-24 Panini Obsidian Basketball Hobby Box,,364.95,,,0,390.29,364.95,,,,,,,,0,https://rlsportscards.com/products/2023-24-panini-obsidian-basketball-hobby-box,2026-09-06T20:10:33+00:00,1.0
PANINI_2023-24_OBSIDIAN_HOBBY,WATCH,True,hobby,awesome,trusted,2023-24 Panini Obsidian Basketball Hobby Box,,499.75,,,0,529.73,364.95,,,,,,,,0,https://theawesomecardshop.com/products/2023-24-panini-obsidian-basketball-hobby-box,2026-09-06T20:10:33+00:00,1.0
PANINI_2023-24_OBSIDIAN_INTERNATIONAL,WATCH,True,hobby,awesome,trusted,2023/24 Panini Obsidian Basketball International Hobby Box,,174.75,,,0,193.55,219.95,,,,,,,,0,https://theawesomecardshop.com/products/2023-24-panini-obsidian-basketball-international-hobby-box,2026-09-06T20:10:33+00:00,1.0
PANINI_2023-24_OBSIDIAN_INTERNATIONAL,WATCH,True,hobby,rlsports,watch,2023-24 Panini Obsidian Basketball International Box,,219.95,,,0,240.3,219.95,,,,,,,,0,https://rlsportscards.com/products/2023-24-panini-obsidian-basketball-international-box,2026-09-06T20:10:33+00:00,1.0
PANINI_2023-24_ORIGINS_H2,WATCH,True,hobby,sportscardjunction,watch,2023-24 Panini Origins Basketball H2 Box,,165.0,,,0,183.46,169.95,,,,,,,,0,https://sportscardjunction.com/products/2023-24-panini-origins-basketball-h2-box,2026-09-06T20:10:33+00:00,1.0
PANINI_2023-24_ORIGINS_H2,WATCH,True,hobby,rlsports,watch,2023-24 Panini Origins Basketball Hybrid H2 Box,,169.95,,,0,188.58,169.95,,,,,,,,0,https://rlsportscards.com/products/2023-24-panini-origins-basketball-hybrid-h2-box,2026-09-06T20:10:33+00:00,1.0
PANINI_2023-24_ORIGINS_H2,WATCH,True,hobby,awesome,trusted,2023-24 Panini Origins Basketball H2 Box,,175.0,,,0,193.81,169.95,,,,,,,,0,https://theawesomecardshop.com/products/2023-24-panini-origins-basketball-h2-box,2026-09-06T20:10:33+00:00,1.0
PANINI_2023-24_ORIGINS_HOBBY,WATCH,True,hobby,monmouth,watch,2023-24 Panini Origins Basketball Hobby Box,,349.99,,,1,374.82,374.75,,,,,,,SUIVI,0,https://monmouthcards.com/products/2023-panini-origins-basketball-hobby-box,2026-09-06T20:10:33+00:00,1.0
PANINI_2023-24_ORIGINS_HOBBY,WATCH,True,hobby,rlsports,watch,2023-24 Panini Origins Basketball Hobby Box,,294.95,,,0,317.88,374.75,,,,,,,,0,https://rlsportscards.com/products/2023-24-panini-origins-basketball-hobby-box,2026-09-06T20:10:33+00:00,1.0
PANINI_2023-24_ORIGINS_HOBBY,WATCH,True,hobby,awesome,trusted,2023-24 Panini Origins Basketball Hobby Box,,374.75,,,0,400.43,374.75,,,,,,,,0,https://theawesomecardshop.com/products/2023-24-panini-origins-basketball-hobby-box,2026-09-06T20:10:33+00:00,1.0
PANINI_2023-24_ORIGINS_HOBBY,WATCH,True,hobby,sportscardjunction,watch,2023-24 Panini Origins Basketball Hobby Box,,550.0,,,0,581.71,374.75,,,,,,,,0,https://sportscardjunction.com/products/2023-24-panini-origins-basketball-hobby-box,2026-09-06T20:10:33+00:00,1.0
PANINI_2023-24_PHOENIX_HOBBY,WATCH,True,hobby,superior,watch,2023-24 Panini Phoenix Basketball Debut Edition Hobby Box,,900.0,,,1,943.75,400.0,,,,,,,SUIVI,0,https://superiorsportsinvestments.com/products/2023-24-panini-phoenix-basketball-debut-edition-hobby-box,2026-09-06T20:10:33+00:00,1.0
PANINI_2023-24_PHOENIX_HOBBY,WATCH,True,hobby,sportscardjunction,watch,2023-24 Panini Phoenix Basketball Hobby Box,,260.0,,,0,281.73,400.0,,,,,,,,0,https://sportscardjunction.com/products/2023-24-panini-phoenix-basketball-hobby-box,2026-09-06T20:10:33+00:00,1.0
PANINI_2023-24_PHOENIX_HOBBY,WATCH,True,hobby,rlsports,watch,2023-24 Panini Phoenix Basketball Hobby Box,,269.95,,,0,292.02,400.0,,,,,,,,0,https://rlsportscards.com/products/2023-24-panini-phoenix-basketball-hobby-box,2026-09-06T20:10:33+00:00,1.0
PANINI_2023-24_PHOENIX_HOBBY,WATCH,True,hobby,monmouth,watch,2023-24 Panini Phoenix Basketball Hobby Box,,399.99,,,0,426.54,400.0,,,,,,,,0,https://monmouthcards.com/products/2023-24-panini-phoenix-basketball-hobby-box,2026-09-06T20:10:33+00:00,1.0
PANINI_2023-24_PHOENIX_HOBBY,WATCH,True,hobby,worldchampion,watch,2023/24 Panini Phoenix Basketball Hobby Box,,400.0,,,0,426.55,400.0,,,,,,,,0,https://www.worldchampionsportscards.org/products/2023-24-panini-phoenix-basketball-hobby-box-presell,2026-09-06T20:10:33+00:00,1.0
PANINI_2023-24_PHOENIX_HOBBY,WATCH,True,hobby,awesome,trusted,2023-24 Panini Phoenix Basketball Hobby Box,,439.75,,,0,467.67,400.0,,,,,,,,0,https://theawesomecardshop.com/products/2023-24-panini-phoenix-basketball-hobby-box,2026-09-06T20:10:33+00:00,1.0
PANINI_2023-24_PHOENIX_HOBBY,WATCH,True,hobby,deichcards,watch,Panini Phoenix Basketball NBA Hobby Box 2023/2024,,459.0,,,0,487.58,400.0,,,,,,,,0,https://deichcards.de/products/panini-phoenix-basketball-nba-hobby-box-2023-2024,2026-09-06T20:10:33+00:00,1.0
PANINI_2023-24_PHOENIX_HOBBY,WATCH,True,hobby,bleecker,watch,2023-24 Panini Phoenix Basketball Hobby Box,,525.0,,,0,555.85,400.0,,,,,,,,0,https://bleeckertrading.com/products/2023-24-phoenix-basketball-hobby-box,2026-09-06T20:10:33+00:00,1.0
PANINI_2023-24_PRIZM_DRAFT_PICKS_DRAFT_CHOICE,WATCH,False,hobby,worldchampion,watch,2023/24 Panini Prizm Draft Picks Basketball Choice Box,,100.0,,,0,116.23,240.0,,,,,,,,0,https://www.worldchampionsportscards.org/products/2023-24-panini-prizm-draft-picks-basketball-choice-box,2026-09-06T20:10:33+00:00,1.0
PANINI_2023-24_PRIZM_DRAFT_PICKS_DRAFT_CHOICE,WATCH,False,hobby,awesome,trusted,2023-24 Panini Prizm Draft Picks Basketball Choice Box,,240.0,,,0,261.04,240.0,,,,,,,,0,https://theawesomecardshop.com/products/2023-24-panini-prizm-draft-picks-basketball-choice-box,2026-09-06T20:10:33+00:00,1.0
PANINI_2023-24_PRIZM_DRAFT_PICKS_DRAFT_HOBBY,WATCH,False,hobby,superior,watch,2023-24 Panini Prizm Draft Picks Basketball Hobby Box,,525.0,,,1,555.85,299.99,,,,,,,SUIVI,0,https://superiorsportsinvestments.com/products/2023-24-panini-prizm-draft-picks-basketball-hobby-box,2026-09-06T20:10:33+00:00,1.0
PANINI_2023-24_PRIZM_DRAFT_PICKS_DRAFT_HOBBY,WATCH,False,hobby,awesome,trusted,2023/24 Panini Prizm Draft Picks Basketball Hobby Box,,195.0,,,0,214.5,299.99,,,,,,,,0,https://theawesomecardshop.com/products/2023panini-prizm-draft-picks-basketball-hobby-box,2026-09-06T20:10:33+00:00,1.0
PANINI_2023-24_PRIZM_DRAFT_PICKS_DRAFT_HOBBY,WATCH,False,hobby,boxseat,watch,2023/24 Panini Prizm Draft Picks Basketball HOBBY box (4 pks/bx),,224.99,,,0,245.52,299.99,,,,,,,,0,https://boxseatcollectibles.com/products/2023-24-panini-prizm-draft-picks-basketball-hobby-box-4-pks-bx,2026-09-06T20:10:33+00:00,1.0
PANINI_2023-24_PRIZM_DRAFT_PICKS_DRAFT_HOBBY,WATCH,False,hobby,monmouth,watch,2023-24 Panini Prizm Draft Picks Collegiate Basketball Hobby Box,,299.99,,,0,323.1,299.99,,,,,,,,0,https://monmouthcards.com/products/2023-24-panini-prizm-draft-picks-college-basketball,2026-09-06T20:10:33+00:00,1.0
PANINI_2023-24_RECON_HOBBY,WATCH,True,hobby,superior,watch,2023-24 Panini Recon Basketball Hobby Box,,500.0,,,1,529.99,250.0,,,,,,,SUIVI,0,https://superiorsportsinvestments.com/products/2023-24-panini-recon-basketball-hobby-box,2026-09-06T20:10:33+00:00,1.0
PANINI_2023-24_RECON_HOBBY,WATCH,True,hobby,awesome,trusted,2023/24 Panini Recon Basketball Hobby Box,,230.0,,,0,250.7,250.0,,,,,,,,0,https://theawesomecardshop.com/products/2023-24-panini-recon-basketball-hobby-box-1,2026-09-06T20:10:33+00:00,1.0
PANINI_2023-24_RECON_HOBBY,WATCH,True,hobby,rlsports,watch,2023-24 Panini Recon Basketball Hobby Box,,239.95,,,0,260.99,250.0,,,,,,,,0,https://rlsportscards.com/products/2023-24-panini-recon-basketball-hobby-box,2026-09-06T20:10:33+00:00,1.0
PANINI_2023-24_RECON_HOBBY,WATCH,True,hobby,sportscardjunction,watch,2023-24 Panini Recon Basketball Hobby Box,,245.0,,,0,266.22,250.0,,,,,,,,0,https://sportscardjunction.com/products/2023-24-panini-recon-basketball-hobby-box,2026-09-06T20:10:33+00:00,1.0
PANINI_2023-24_RECON_HOBBY,WATCH,True,hobby,worldchampion,watch,2023-24 Panini Recon Basketball Hobby Box,,250.0,,,0,271.39,250.0,,,,,,,,0,https://www.worldchampionsportscards.org/products/2023-24-panini-recon-basketball-hobby-box,2026-09-06T20:10:33+00:00,1.0
PANINI_2023-24_RECON_HOBBY,WATCH,True,hobby,monmouth,watch,2023-24 Panini Recon Basketball Hobby Box,,399.99,,,0,426.54,250.0,,,,,,,,0,https://monmouthcards.com/products/2023-24-panini-recon-basketball-hobby-box,2026-09-06T20:10:33+00:00,1.0
PANINI_2023-24_SPECTRA_HOBBY,WATCH,True,hobby,awesome,trusted,2023-24 Panini Spectra Basketball Hobby Box,,598.0,,,0,631.36,699.99,,,,,,,,0,https://theawesomecardshop.com/products/2023-24-panini-spectra-basketball-hobby-box,2026-09-06T20:10:33+00:00,1.0
PANINI_2023-24_SPECTRA_HOBBY,WATCH,True,hobby,sportscardjunction,watch,2023-24 Panini Spectra Basketball Hobby Box,,695.0,,,0,731.7,699.99,,,,,,,,0,https://sportscardjunction.com/products/pre-order-2023-24-panini-spectra-basketball-hobby-box-releases-9-11-24,2026-09-06T20:10:33+00:00,1.0
PANINI_2023-24_SPECTRA_HOBBY,WATCH,True,hobby,rlsports,watch,2023-24 Panini Spectra Basketball Hobby Box,,699.99,,,0,736.86,699.99,,,,,,,,0,https://rlsportscards.com/products/2023-24-panini-spectra-basketball-hobby-box,2026-09-06T20:10:33+00:00,1.0
PANINI_2023-24_SPECTRA_HOBBY,WATCH,True,hobby,bleecker,watch,2023-24 Spectra Basketball Hobby Box,,750.0,,,0,788.59,699.99,,,,,,,,0,https://bleeckertrading.com/products/2023-24-spectra-basketball-sealed-hobby-box,2026-09-06T20:10:33+00:00,1.0
PANINI_2023-24_SPECTRA_HOBBY,WATCH,True,hobby,monmouth,watch,2023-24 Panini Spectra Basketball Hobby Box,,799.99,,,0,840.3,699.99,,,,,,,,0,https://monmouthcards.com/products/2023-24-panini-spectra-basketball-hobby-box,2026-09-06T20:10:33+00:00,1.0
PANINI_2023-24_SPECTRA_INTERNATIONAL,WATCH,True,hobby,superior,watch,2023-24 Panini Spectra Basketball International Hobby Box,,365.0,,,1,390.34,159.99,,,,,,,SUIVI,0,https://superiorsportsinvestments.com/products/2023-24-panini-spectra-basketball-international-hobby-box,2026-09-06T20:10:33+00:00,1.0
PANINI_2023-24_SPECTRA_INTERNATIONAL,WATCH,True,hobby,awesome,trusted,2023-24 Panini Spectra Basketball International Hobby Box,,159.75,,,0,178.03,159.99,,,,,,,,0,https://theawesomecardshop.com/products/2023-24-panini-spectra-basketball-international-hobby-box,2026-09-06T20:10:33+00:00,1.0
PANINI_2023-24_SPECTRA_INTERNATIONAL,WATCH,True,hobby,rlsports,watch,2023-24 Panini Spectra Basketball International Box,,159.99,,,0,178.28,159.99,,,,,,,,0,https://rlsportscards.com/products/2023-24-panini-spectra-basketball-international-box,2026-09-06T20:10:33+00:00,1.0
PANINI_2023-24_SPECTRA_INTERNATIONAL,WATCH,True,hobby,deichcards,watch,Panini Spectra Basketball NBA Hobby International Box 2023/2024,,199.0,,,0,218.63,159.99,,,,,,,,0,https://deichcards.de/products/panini-spectra-basketball-nba-hobby-international-box-2023-2024,2026-09-06T20:10:33+00:00,1.0
PANINI_2023-24_SPECTRA_INTERNATIONAL,WATCH,True,hobby,mafiosicards_shop,watch,2023-24 Panini Spectra Basketball - Hobby International Box,,199.0,,,0,218.63,159.99,,,,,,,,0,https://mafiosicards.com/products/2023-24-panini-spectra-basketball-hobby-international-box,2026-09-06T20:10:33+00:00,1.0
TOPPS_2023-24_BOWMAN_UNIVERSITY_CHROME_DRAFT_HOBBY,WATCH,False,hobby,awesome,trusted,2023-24 Bowman University Chrome Basketball Hobby Box,,200.0,,,0,219.67,200.0,,,,,,,,0,https://theawesomecardshop.com/products/2023-24-bowman-university-chrome-basketball-hobby-box,2026-09-06T20:10:33+00:00,1.0
TOPPS_2023-24_BOWMAN_UNIVERSITY_CHROME_DRAFT_HOBBY,WATCH,False,hobby,worldchampion,watch,2023-24 Bowman University Chrome Basketball Hobby Box,,200.0,,,0,219.67,200.0,,,,,,,,0,https://www.worldchampionsportscards.org/products/2023-24-bowman-university-chrome-basketball-hobby-box,2026-09-06T20:10:33+00:00,1.0
TOPPS_2023-24_BOWMAN_UNIVERSITY_CHROME_DRAFT_HOBBY,WATCH,False,hobby,sportcards,watch,2023/24 Bowman University Chrome Basketball Hobby Box,,309.95,,,0,333.4,200.0,,,,,,,,0,https://sportcards.com/products/2023-24-bowman-university-chrome-basketball-hobby-box,2026-09-06T20:10:33+00:00,1.0
TOPPS_2023-24_FINEST_BREAKERS_DELIGHT,WATCH,True,hobby,bleecker,watch,2023-24 Topps Finest Breakers Delight NBA Basketball Box,,300.0,,,0,323.11,799.75,,,,,,,,0,https://bleeckertrading.com/products/2023-24-topps-finest-breakers-delight-nba,2026-09-06T20:10:33+00:00,1.0
TOPPS_2023-24_FINEST_BREAKERS_DELIGHT,WATCH,True,hobby,awesome,trusted,2023-24 Topps Finest Basketball Breaker Delight Box,,799.75,,,0,840.05,799.75,,,,,,,,0,https://theawesomecardshop.com/products/2023-24-topps-finest-basketball-breaker-delight-box,2026-09-06T20:10:33+00:00,1.0
TOPPS_2023-24_FINEST_HOBBY,WATCH,True,hobby,dacardworldeu,watch,2023/24 Topps Finest Basketball Hobby 2023/24 Topps Finest Basketball Hobby Box,2023/24 Topps Finest Basketball Hobby Box,495.0,,,1,524.82,189.99,,,,,,,SUIVI,0,https://dacardworld.eu/products/2023-24-topps-finest-basketball-hobby,2026-09-06T20:10:33+00:00,1.0
TOPPS_2023-24_FINEST_HOBBY,WATCH,True,hobby,sportscardjunction,watch,2023-24 Topps Finest Basketball Hobby Box,,165.0,,,0,183.46,189.99,,,,,,,,0,https://sportscardjunction.com/products/pre-order-2023-24-topps-finest-basketball-hobby-box-releases-1-23-25,2026-09-06T20:10:33+00:00,1.0
TOPPS_2023-24_FINEST_HOBBY,WATCH,True,hobby,monmouth,watch,2023-24 Topps Finest Basketball Hobby Box,,169.99,,,0,188.63,189.99,,,,,,,,0,https://monmouthcards.com/products/2023-24-topps-finest-basketball-hobby-box,2026-09-06T20:10:33+00:00,1.0
TOPPS_2023-24_FINEST_HOBBY,WATCH,True,hobby,awesome,trusted,2023-24 Topps Finest Basketball Hobby Box,,184.75,,,0,203.89,189.99,,,,,,,,0,https://theawesomecardshop.com/products/2023-24-topps-finest-basketball-hobby-box,2026-09-06T20:10:33+00:00,1.0
TOPPS_2023-24_FINEST_HOBBY,WATCH,True,hobby,rlsports,watch,2023-24 Topps Finest Basketball Hobby Box,,189.99,,,0,209.31,189.99,,,,,,,,0,https://rlsportscards.com/products/2023-24-topps-finest-basketball-hobby-box,2026-09-06T20:10:33+00:00,1.0
TOPPS_2023-24_FINEST_HOBBY,WATCH,True,hobby,hiddengems,trusted,2023/24 Topps Finest Basketball Hobby Box - SEALED,,210.0,,,0,230.01,189.99,,,,,,,,0,https://www.hiddengemscardshop.com/products/2023-24-topps-finest-basketball-hobby-box-sealed-preorder-ships-on-1-23-25,2026-09-06T20:10:33+00:00,1.0
TOPPS_2023-24_FINEST_HOBBY,WATCH,True,hobby,bleecker,watch,2023-24 Topps Finest Basketball Hobby Box,,225.0,,,0,245.53,189.99,,,,,,,,0,https://bleeckertrading.com/products/2023-24-topps-finest-basketball-hobby-box-presale,2026-09-06T20:10:33+00:00,1.0
TOPPS_2023-24_FINEST_HOBBY,WATCH,True,hobby,worldchampion,watch,2023/24 Topps Finest Basketball Hobby Box,,240.0,,,0,261.04,189.99,,,,,,,,0,https://www.worldchampionsportscards.org/products/2023-24-topps-finest-basketball-hobby-box,2026-09-06T20:10:33+00:00,1.0
TOPPS_2023-24_MOTIF_HOBBY,WATCH,True,hobby,awesome,trusted,2023-24 Topps Motif Basketball Hobby Box,,499.75,,,0,529.73,525.0,,,,,,,,0,https://theawesomecardshop.com/products/2023-24-topps-motif-basketball-hobby-box,2026-09-06T20:10:33+00:00,1.0
TOPPS_2023-24_MOTIF_HOBBY,WATCH,True,hobby,rlsports,watch,2023-24 Topps Motif Basketball Hobby Box,,499.99,,,0,529.98,525.0,,,,,,,,0,https://rlsportscards.com/products/2023-24-topps-motif-basketball-hobby-box,2026-09-06T20:10:33+00:00,1.0
TOPPS_2023-24_MOTIF_HOBBY,WATCH,True,hobby,worldchampion,watch,2023/24 Topps Motif Basketball Hobby Box,,500.0,,,0,529.99,525.0,,,,,,,,0,https://www.worldchampionsportscards.org/products/2023-24-topps-motif-basketball-hobby-box,2026-09-06T20:10:33+00:00,1.0
TOPPS_2023-24_MOTIF_HOBBY,WATCH,True,hobby,hiddengems,trusted,2023/24 Topps Motif Basketball Hobby Box - SEALED,,525.0,,,0,555.85,525.0,,,,,,,,0,https://www.hiddengemscardshop.com/products/2023-24-topps-motif-basketball-hobby-box-presell-release-date-4-25,2026-09-06T20:10:33+00:00,1.0
TOPPS_2023-24_MOTIF_HOBBY,WATCH,True,hobby,bleecker,watch,2023-24 Topps Motif Basketball Hobby Box,,650.0,,,0,685.15,525.0,,,,,,,,0,https://bleeckertrading.com/products/2023-24-topps-motif-basketball-sealed-hobby-box,2026-09-06T20:10:33+00:00,1.0
TOPPS_2023-24_MOTIF_HOBBY,WATCH,True,hobby,monmouth,watch,2023-24 Topps Motif Basketball Hobby Box,,849.99,,,0,892.02,525.0,,,,,,,,0,https://monmouthcards.com/products/2023-24-topps-motif-basketball-hobby-box,2026-09-06T20:10:33+00:00,1.0
PANINI_2024-25_COURT_KINGS_INTERNATIONAL,WATCH,True,hobby,ehcards,trusted,2024/25 Panini Court Kings NBA Basketball International Blaster Box,,149.99,,,1,167.94,109.99,,,,,,,SUIVI,0,https://ehcards.com/products/2024-25-panini-court-kings-nba-basketball-international-blaster-box,2026-09-06T20:10:33+00:00,1.0
PANINI_2024-25_COURT_KINGS_INTERNATIONAL,WATCH,True,hobby,deichcards,watch,Panini Court Kings Basketball NBA International Blaster Box 2024/2025,,99.9,,,0,116.12,109.99,,,,,,,,0,https://deichcards.de/products/panini-court-kings-basketball-nba-international-blaster-box-2024-2025,2026-09-06T20:10:33+00:00,1.0
PANINI_2024-25_COURT_KINGS_INTERNATIONAL,WATCH,True,hobby,awesome,trusted,2024-25 Panini Court Kings Basketball International Blaster Box,,109.75,,,0,126.31,109.99,,,,,,,,0,https://theawesomecardshop.com/products/2024-25-panini-court-kings-basketball-international-blaster-box,2026-09-06T20:10:33+00:00,1.0
PANINI_2024-25_COURT_KINGS_INTERNATIONAL,WATCH,True,hobby,rlsports,watch,2024-25 Panini Court Kings Basketball International Blaster Box,,109.99,,,0,126.56,109.99,,,,,,,,0,https://rlsportscards.com/products/2024-25-panini-court-kings-basketball-international-blaster-box,2026-09-06T20:10:33+00:00,1.0
PANINI_2024-25_CROWN_ROYALE_EUROLEAGUE_HOBBY,WATCH,False,hobby,stcuk,watch,2024-25 Panini Turkish Airlines EuroLeague Crown Royale Basketball Hobby Box,,115.0,,,1,131.74,100.99,,,,,,,SUIVI,0,https://sportstradingcardsuk.com/products/2024-25-panini-turkish-airlines-euroleague-crown-royale-basketball-hobby-box,2026-09-06T20:10:33+00:00,1.0
PANINI_2024-25_CROWN_ROYALE_EUROLEAGUE_HOBBY,WATCH,False,hobby,columbia,trusted,2024/25 Panini EuroLeague Crown Royale Basketball Hobby Box,,79.99,,,0,95.53,100.99,,,,,,,,0,https://columbiasportscard.com/products/2024-25-panini-turkish-airlines-euroleague-crown-royale-basketball-hobby-box,2026-09-06T20:10:33+00:00,1.0
PANINI_2024-25_CROWN_ROYALE_EUROLEAGUE_HOBBY,WATCH,False,hobby,awesome,trusted,2024-25 Panini Turkish Airlines Euroleague Crown Royale Basketball Hobby Box,,99.75,,,0,115.97,100.99,,,,,,,,0,https://theawesomecardshop.com/products/2024-25-panini-turkish-airlines-euroleague-crown-royale-basketball-hobby-box,2026-09-06T20:10:33+00:00,1.0
PANINI_2024-25_CROWN_ROYALE_EUROLEAGUE_HOBBY,WATCH,False,hobby,rlsports,watch,2024-25 Panini Crown Royale EuroLeague Basketball Hobby Box,,100.99,,,0,117.25,100.99,,,,,,,,0,https://rlsportscards.com/products/2024-25-panini-crown-royale-euroleague-basketball-hobby-box,2026-09-06T20:10:33+00:00,1.0
PANINI_2024-25_CROWN_ROYALE_EUROLEAGUE_HOBBY,WATCH,False,hobby,cardiacs,trusted,2024-25 Panini Crown Royale Euroleague Basketball Hobby Box,,104.95,,,0,121.35,100.99,,,,,,,,0,https://www.thecardiacs.com/products/2024-25-panini-crown-royale-euroleague-basketball-hobby-box,2026-09-06T20:10:33+00:00,1.0
PANINI_2024-25_DONRUSS_CHOICE,WATCH,True,hobby,ehcards,trusted,2024/25 Panini Donruss NBA Basketball Choice Box,,219.99,,,1,240.35,219.99,,,,,,,SUIVI,0,https://ehcards.com/products/2024-25-panini-donruss-nba-basketball-choice-box,2026-09-06T20:10:33+00:00,1.0
PANINI_2024-25_DONRUSS_CHOICE,WATCH,True,hobby,dennistheripper,watch,2024-25 Panini Donruss Optic Basketball Choice Hobby Box,,324.99,,,1,348.96,219.99,,,,,,,,0,https://dennistheripper.de/products/2024-25-panini-america-donruss-optic-choice-nba-basketball-hobby-box,2026-09-06T20:10:33+00:00,1.0
PANINI_2024-25_DONRUSS_CHOICE,WATCH,True,hobby,hallofcollect,watch,Panini Donruss Optic NBA Basketball Choice Box 2024/2025,,330.0,,,1,354.14,219.99,,,,,,,,0,https://hallofcollect.de/products/panini-donruss-optic-nba-basketball-choice-box-2024-2025,2026-09-06T20:10:33+00:00,1.0
PANINI_2024-25_DONRUSS_CHOICE,WATCH,True,hobby,sjay2k,watch,2024-25 Panini Donruss Basketball Choice Box,,400.0,,,1,426.55,219.99,,,,,,,,0,https://www.sjay2k.com/products/pre-order-2024-25-panini-donruss-choice-basketball-box,2026-09-06T20:10:33+00:00,1.0
PANINI_2024-25_DONRUSS_CHOICE,WATCH,True,hobby,hiddengems,trusted,2024-25 Panini Donruss Basketball Choice Box,,190.0,,,0,209.32,219.99,,,,,,,,0,https://www.hiddengemscardshop.com/products/2024-25-panini-donruss-basketball-choice-box,2026-09-06T20:10:33+00:00,1.0
PANINI_2024-25_DONRUSS_CHOICE,WATCH,True,hobby,awesome,trusted,2024-25 Panini Donruss Basketball Choice Box,,199.75,,,0,219.41,219.99,,,,,,,,0,https://theawesomecardshop.com/products/2024-25-panini-donruss-basketball-choice-box,2026-09-06T20:10:33+00:00,1.0
PANINI_2024-25_DONRUSS_CHOICE,WATCH,True,hobby,rlsports,watch,2024-25 Panini Donruss Basketball Choice Box,,199.99,,,0,219.66,219.99,,,,,,,,0,https://rlsportscards.com/products/2024-25-panini-donruss-basketball-choice-box,2026-09-06T20:10:33+00:00,1.0
PANINI_2024-25_DONRUSS_CHOICE,WATCH,True,hobby,awesome,trusted,2024-25 Panini Donruss Optic Basketball Choice Box,,224.75,,,0,245.27,219.99,,,,,,,,0,https://theawesomecardshop.com/products/2024-25-panini-donruss-optic-basketball-choice-box,2026-09-06T20:10:33+00:00,1.0
PANINI_2024-25_DONRUSS_CHOICE,WATCH,True,hobby,rlsports,watch,2024-25 Panini Donruss Optic Basketball Choice Box,,229.99,,,0,250.69,219.99,,,,,,,,0,https://rlsportscards.com/products/2024-25-panini-donruss-optic-basketball-choice-box,2026-09-06T20:10:33+00:00,1.0
PANINI_2024-25_DONRUSS_CHOICE,WATCH,True,hobby,hiddengems,trusted,2024/25 Panini Donruss Optic Basketball Choice Box,,245.0,,,0,266.22,219.99,,,,,,,,0,https://www.hiddengemscardshop.com/products/2024-25-panini-donruss-optic-basketball-choice-box,2026-09-06T20:10:33+00:00,1.0
PANINI_2024-25_DONRUSS_CHOICE,WATCH,True,hobby,bleecker,watch,2024-25 Panini Donruss Basketball Choice Box,,250.0,,,0,271.39,219.99,,,,,,,,0,https://bleeckertrading.com/products/2024-25-panini-donruss-basketball-choice-box,2026-09-06T20:10:33+00:00,1.0
PANINI_2024-25_DONRUSS_CHOICE,WATCH,True,hobby,deichcards,watch,Panini Donruss Optic Choice Basketball Hobby Box 2024/2025,,275.0,,,0,297.25,219.99,,,,,,,,0,https://deichcards.de/products/panini-donruss-optic-choice-basketball-hobby-box-2024-2025,2026-09-06T20:10:33+00:00,1.0
PANINI_2024-25_DONRUSS_EUROLEAGUE_HOBBY,WATCH,False,hobby,monmouth,watch,2024-25 Panini Donruss Euroleague Basketball Hobby Box,,69.99,,,1,85.19,69.99,,,,,,,SUIVI,0,https://monmouthcards.com/products/2024-25-panini-donruss-euroleague-basketball-hobby-box,2026-09-06T20:10:33+00:00,1.0
PANINI_2024-25_DONRUSS_EUROLEAGUE_HOBBY,WATCH,False,hobby,sjay2k,watch,2024-25 Panini Donruss Euroleague Basketball Hobby Box,,100.0,,,1,116.23,69.99,,,,,,,,0,https://www.sjay2k.com/products/2024-25-panini-donruss-basketball-hobby-international-hobby-box-pre-order-tba,2026-09-06T20:10:33+00:00,1.0
PANINI_2024-25_DONRUSS_EUROLEAGUE_HOBBY,WATCH,False,hobby,columbia,trusted,2024-25 Panini Donruss Turkish Airlines EuroLeague Basketball Hobby Box,,49.99,,,0,64.5,69.99,,,,,,,,0,https://columbiasportscard.com/products/2024-25-panini-donruss-turkish-airlines-euroleague-basketball-hobby-box,2026-09-06T20:10:33+00:00,1.0
PANINI_2024-25_DONRUSS_EUROLEAGUE_HOBBY,WATCH,False,hobby,bleecker,watch,2024-25 Panini Donruss Turkish Airlines EuroLeague Basketball Hobby Box,,50.0,,,0,64.51,69.99,,,,,,,,0,https://bleeckertrading.com/products/2024-25-donruss-basketball-turkish-airlines-euroleague-hobby-box,2026-09-06T20:10:33+00:00,1.0
PANINI_2024-25_DONRUSS_EUROLEAGUE_HOBBY,WATCH,False,hobby,sportscardjunction,watch,2024-25 Panini Donruss Turkish Airlines Euro League Basketball Hobby Box,,50.0,,,0,64.51,69.99,,,,,,,,0,https://sportscardjunction.com/products/2024-25-panini-donruss-turkish-airlines-euro-league-basketball-hobby-box,2026-09-06T20:10:33+00:00,1.0
PANINI_2024-25_DONRUSS_EUROLEAGUE_HOBBY,WATCH,False,hobby,awesome,trusted,2024-25 Panini Donruss Euroleague Basketball Hobby Box,,58.75,,,0,73.56,69.99,,,,,,,,0,https://theawesomecardshop.com/products/2024-25-panini-donruss-euroleague-basketball-hobby-box,2026-09-06T20:10:33+00:00,1.0
PANINI_2024-25_DONRUSS_EUROLEAGUE_HOBBY,WATCH,False,hobby,rlsports,watch,2024-25 Panini Donruss Turkish Airlines Euroleague Basketball Hobby Box,,74.99,,,0,90.36,69.99,,,,,,,,0,https://rlsportscards.com/products/2024-25-panini-donruss-turkish-airlines-euroleague-basketball-hobby-box,2026-09-06T20:10:33+00:00,1.0
PANINI_2024-25_DONRUSS_EUROLEAGUE_HOBBY,WATCH,False,hobby,deichcards,watch,Panini Donruss EuroLeague Basketball Hobby Box 2024/2025,,99.9,,,0,116.12,69.99,,,,,,,,0,https://deichcards.de/products/panini-donruss-turkish-airlines-euroleague-basketball-hobby-box-2024-2025,2026-09-06T20:10:33+00:00,1.0
PANINI_2024-25_DONRUSS_INTERNATIONAL,WATCH,True,hobby,columbia,trusted,2024-25 Panini Donruss Basketball International Hobby Box,,94.99,,,0,111.05,99.75,,,,,,,,0,https://columbiasportscard.com/products/2024-25-panini-donruss-basketball-international-hobby-box-columbia-sports-cards-more,2026-09-06T20:10:33+00:00,1.0
PANINI_2024-25_DONRUSS_INTERNATIONAL,WATCH,True,hobby,awesome,trusted,2024-25 Panini Donruss Basketball International Hobby Box,,99.75,,,0,115.97,99.75,,,,,,,,0,https://theawesomecardshop.com/products/2024-25-panini-donruss-basketball-international-hobby-box,2026-09-06T20:10:33+00:00,1.0
PANINI_2024-25_DONRUSS_INTERNATIONAL,WATCH,True,hobby,deichcards,watch,Panini Donruss Basketball Hobby International Box 2024/2025,,109.9,,,0,126.47,99.75,,,,,,,,0,https://deichcards.de/products/panini-donruss-basketball-hobby-international-box-2024-2025,2026-09-06T20:10:33+00:00,1.0
PANINI_2024-25_DONRUSS_INTERNATIONAL,WATCH,True,hobby,rlsports,watch,2024-25 Panini Donruss Optic Basketball International Hobby Box,,344.99,,,0,369.65,99.75,,,,,,,,0,https://rlsportscards.com/products/2024-25-panini-donruss-optic-basketball-international-hobby-box,2026-09-06T20:10:33+00:00,1.0
PANINI_2024-25_MOSAIC_INTERNATIONAL,WATCH,True,hobby,dacardworldeu,watch,2024/25 Panini Mosaic Basketball International Hobby 2024/25 Panini Mosaic Basketball International Hobby Box,2024/25 Panini Mosaic Basketball International Hobby Box,340.0,,,1,364.48,299.99,,,,,,,SUIVI,0,https://dacardworld.eu/products/2024-25-panini-mosaic-basketball-international-hobby,2026-09-06T20:10:33+00:00,1.0
PANINI_2024-25_MOSAIC_INTERNATIONAL,WATCH,True,hobby,worldchampion,watch,2024/25 Panini Mosaic Basketball International Hobby Box,,270.0,,,0,292.08,299.99,,,,,,,,0,https://www.worldchampionsportscards.org/products/2024-25-panini-mosaic-basketball-international-hobby-box,2026-09-06T20:10:33+00:00,1.0
PANINI_2024-25_MOSAIC_INTERNATIONAL,WATCH,True,hobby,columbia,trusted,2024/25 Panini Mosaic Basketball International Hobby Box,,299.99,,,0,323.1,299.99,,,,,,,,0,https://columbiasportscard.com/products/2024-25-panini-mosaic-basketball-international-hobby-box-columbia-sports-cards,2026-09-06T20:10:33+00:00,1.0
PANINI_2024-25_NATIONAL_TREASURES_HOBBY,WATCH,True,hobby,awesome,trusted,2024-25 Panini National Treasures Basketball Hobby Box,,2999.75,,,1,3115.73,3199.99,,,,,,,SUIVI,0,https://theawesomecardshop.com/products/2024-25-panini-national-treasures-basketball-hobby-box,2026-09-06T20:10:33+00:00,1.0
PANINI_2024-25_NATIONAL_TREASURES_HOBBY,WATCH,True,hobby,columbia,trusted,2024/25 Panini National Treasures Basketball Hobby Box,,3199.99,,,0,3322.86,3199.99,,,,,,,,0,https://columbiasportscard.com/products/2024-25-panini-national-treasures-basketball-hobby-box-columbia-sports-cards,2026-09-06T20:10:33+00:00,1.0
PANINI_2024-25_NATIONAL_TREASURES_HOBBY,WATCH,True,hobby,rbicru7,trusted,"2024-25 Panini National Treasures Basketball Hobby, Box",,3395.0,,,0,3524.58,3199.99,,,,,,,,0,https://rbicru7.com/products/2024-25-panini-national-treasures-basketball-hobby-box,2026-09-06T20:10:33+00:00,1.0
PANINI_2024-25_NATIONAL_TREASURES_HOBBY,WATCH,True,hobby,bleecker,watch,2024-25 Panini National Treasures Basketball Hobby Box,,3500.0,,,0,3633.19,3199.99,,,,,,,,0,https://bleeckertrading.com/products/2024-25-panini-national-treasures-basketball-hobby-box,2026-09-06T20:10:33+00:00,1.0
PANINI_2024-25_NATIONAL_TREASURES_INTERNATIONAL,WATCH,True,hobby,superior,watch,2024-25 Panini National Treasures Basketball International Hobby Box,,2250.0,,,1,2340.19,1599.0,,,,,,,SUIVI,0,https://superiorsportsinvestments.com/products/2024-25-panini-national-treasures-basketball-international-hobby-box,2026-09-06T20:10:33+00:00,1.0
PANINI_2024-25_NATIONAL_TREASURES_INTERNATIONAL,WATCH,True,hobby,awesome,trusted,2024-25 Panini National Treasures Basketball International Hobby Box,,1119.75,,,0,1171.06,1599.0,,,,,,,,0,https://theawesomecardshop.com/products/2024-25-panini-national-treasures-basketball-international-hobby-box,2026-09-06T20:10:33+00:00,1.0
PANINI_2024-25_NATIONAL_TREASURES_INTERNATIONAL,WATCH,True,hobby,worldchampion,watch,2024/25 Panini National Treasures Basketball International Hobby Box,,1200.0,,,0,1254.07,1599.0,,,,,,,,0,https://www.worldchampionsportscards.org/products/2024-25-panini-national-treasures-basketball-international-hobby-box,2026-09-06T20:10:33+00:00,1.0
PANINI_2024-25_NATIONAL_TREASURES_INTERNATIONAL,WATCH,True,hobby,deichcards,watch,Panini National Treasures Basketball NBA Hobby International Box 2024/2025,,1599.0,,,0,1666.79,1599.0,,,,,,,,0,https://deichcards.de/products/panini-national-treasures-basketball-nba-hobby-international-box-2024-2025,2026-09-06T20:10:33+00:00,1.0
PANINI_2024-25_NOIR_HOBBY,WATCH,True,hobby,sportscardjunction,watch,2024-25 Panini Noir Basketball Hobby Box,,2150.0,,,1,2236.75,2150.0,,,,,,,SUIVI,0,https://sportscardjunction.com/products/2024-25-panini-noir-basketball-hobby-box,2026-09-06T20:10:33+00:00,1.0
PANINI_2024-25_NOIR_HOBBY,WATCH,True,hobby,awesome,trusted,2024-25 Panini Noir Basketball Hobby Box,,2189.75,,,1,2277.87,2150.0,,,,,,,,0,https://theawesomecardshop.com/products/2024-25-panini-noir-basketball-hobby-box,2026-09-06T20:10:33+00:00,1.0
PANINI_2024-25_NOIR_HOBBY,WATCH,True,hobby,rlsports,watch,2024-25 Panini Noir Basketball Hobby Box,,2049.99,,,0,2133.3,2150.0,,,,,,,,0,https://rlsportscards.com/products/2024-25-panini-noir-basketball-hobby-box,2026-09-06T20:10:33+00:00,1.0
PANINI_2024-25_NOIR_HOBBY,WATCH,True,hobby,bleecker,watch,2024-25 Panini Noir Basketball Hobby Box,,2050.0,,,0,2133.31,2150.0,,,,,,,,0,https://bleeckertrading.com/products/2024-25-panini-noir-basketball-hobby,2026-09-06T20:10:33+00:00,1.0
PANINI_2024-25_NOIR_INTERNATIONAL,WATCH,True,hobby,deichcards,watch,Panini Noir Basketball NBA Hobby International Box 2024/2025,,899.0,,,0,942.71,999.75,,,,,,,,0,https://deichcards.de/products/panini-noir-basketball-nba-hobby-international-box-2024-2025,2026-09-06T20:10:33+00:00,1.0
PANINI_2024-25_NOIR_INTERNATIONAL,WATCH,True,hobby,worldchampion,watch,2024/25 Panini Noir Basketball International Hobby Box,,980.0,,,0,1026.5,999.75,,,,,,,,0,https://www.worldchampionsportscards.org/products/2024-25-panini-noir-basketball-hobby-box,2026-09-06T20:10:33+00:00,1.0
PANINI_2024-25_NOIR_INTERNATIONAL,WATCH,True,hobby,awesome,trusted,2024-25 Panini Noir Basketball International Hobby Box,,999.75,,,0,1046.93,999.75,,,,,,,,0,https://theawesomecardshop.com/products/2024-25-panini-noir-basketball-international-hobby-box,2026-09-06T20:10:33+00:00,1.0
PANINI_2024-25_NOIR_INTERNATIONAL,WATCH,True,hobby,columbia,trusted,2024/25 Panini Noir Basketball International Hobby Box,,999.99,,,0,1047.18,999.75,,,,,,,,0,https://columbiasportscard.com/products/2024-25-panini-noir-basketball-international-hobby-box-columbia-sports-cards,2026-09-06T20:10:33+00:00,1.0
PANINI_2024-25_OBSIDIAN_HOBBY,WATCH,True,hobby,rbicru7,trusted,"2024-25 Panini Obsidian Basketball Hobby, Box",,425.0,,,1,452.41,399.99,,,,,,,SUIVI,0,https://rbicru7.com/products/2024-25-panini-obsidian-basketball-hobby-box,2026-09-06T20:10:33+00:00,1.0
PANINI_2024-25_OBSIDIAN_HOBBY,WATCH,True,hobby,sportscardjunction,watch,2024-25 Panini Obsidian Basketball Hobby Box,,250.0,,,0,271.39,399.99,,,,,,,,0,https://sportscardjunction.com/products/2024-25-panini-obsidian-basketball-hobby-box,2026-09-06T20:10:33+00:00,1.0
PANINI_2024-25_OBSIDIAN_HOBBY,WATCH,True,hobby,columbia,trusted,2024/25 Panini Obsidian Basketball Hobby Box,,299.99,,,0,323.1,399.99,,,,,,,,0,https://columbiasportscard.com/products/2024-25-panini-obsidian-basketball-hobby-box-columbia-sports-cards,2026-09-06T20:10:33+00:00,1.0
PANINI_2024-25_OBSIDIAN_HOBBY,WATCH,True,hobby,deichcards,watch,Panini Obsidian Basketball NBA Hobby Box 2024/2025,,349.0,,,0,373.79,399.99,,,,,,,,0,https://deichcards.de/products/panini-obsidian-basketball-nba-hobby-box-2024-2025,2026-09-06T20:10:33+00:00,1.0
PANINI_2024-25_OBSIDIAN_HOBBY,WATCH,True,hobby,awesome,trusted,2024-25 Panini Obsidian Basketball Hobby Box,,374.75,,,0,400.43,399.99,,,,,,,,0,https://theawesomecardshop.com/products/2024-25-panini-obsidian-basketball-hobby-box,2026-09-06T20:10:33+00:00,1.0
PANINI_2024-25_OBSIDIAN_HOBBY,WATCH,True,hobby,ehcards,trusted,2024/25 Panini Obsidian Basketball Hobby Box,,399.99,,,0,426.54,399.99,,,,,,,,0,https://ehcards.com/products/2024-25-panini-obsidian-basketball-hobby-box,2026-09-06T20:10:33+00:00,1.0
PANINI_2024-25_OBSIDIAN_HOBBY,WATCH,True,hobby,rlsports,watch,2024-25 Panini Obsidian Basketball Hobby Box,,409.99,,,0,436.88,399.99,,,,,,,,0,https://rlsportscards.com/products/2024-25-panini-obsidian-basketball-hobby-box,2026-09-06T20:10:33+00:00,1.0
PANINI_2024-25_OBSIDIAN_HOBBY,WATCH,True,hobby,bleecker,watch,2024-25 Panini Obsidian Basketball Hobby Box,,475.0,,,0,504.13,399.99,,,,,,,,0,https://bleeckertrading.com/products/2024-25-panini-one-one-basketball-hobby-box-presale-copy,2026-09-06T20:10:33+00:00,1.0
PANINI_2024-25_OBSIDIAN_HOBBY,WATCH,True,hobby,worldchampion,watch,2024/25 Panini Obsidian Basketball Hobby Box,,500.0,,,0,529.99,399.99,,,,,,,,0,https://www.worldchampionsportscards.org/products/2024-25-panini-obsidian-basketball-hobby-box,2026-09-06T20:10:33+00:00,1.0
PANINI_2024-25_ONE_AND_ONE_HOBBY,WATCH,True,hobby,dacardworldeu,watch,2024/25 Panini One and One Basketball Hobby 2024/25 Panini One and One Basketball Hobby Box,2024/25 Panini One and One Basketball Hobby Box,1425.0,,,1,1486.81,1200.0,,,,,,,SUIVI,0,https://dacardworld.eu/products/2024-25-panini-one-and-one-basketball-hobby,2026-09-06T20:10:33+00:00,1.0
PANINI_2024-25_ONE_AND_ONE_HOBBY,WATCH,True,hobby,deichcards,watch,Panini One and One Basketball NBA Hobby Box 2024/2025,,950.0,,,0,995.47,1200.0,,,,,,,,0,https://deichcards.de/products/panini-one-and-one-basketball-nba-hobby-box-2024-2025,2026-09-06T20:10:33+00:00,1.0
PANINI_2024-25_ONE_AND_ONE_HOBBY,WATCH,True,hobby,columbia,trusted,2024-25 Panini One and One Basketball Hobby Box,,1049.99,,,0,1098.9,1200.0,,,,,,,,0,https://columbiasportscard.com/products/2024-25-panini-one-and-one-basketball-hobby-box,2026-09-06T20:10:33+00:00,1.0
PANINI_2024-25_ONE_AND_ONE_HOBBY,WATCH,True,hobby,worldchampion,watch,2024/25 Panini One and One Basketball Hobby Box,,1200.0,,,0,1254.07,1200.0,,,,,,,,0,https://www.worldchampionsportscards.org/products/2024-25-panini-one-and-one-basketball-hobby-box-presell,2026-09-06T20:10:33+00:00,1.0
PANINI_2024-25_ORIGINS_H2,WATCH,True,hobby,sportscardjunction,watch,2024-25 Panini Origins Basketball H2 Box,,150.0,,,1,167.95,129.99,,,,,,,SUIVI,0,https://sportscardjunction.com/products/2024-25-panini-origins-basketball-h2-box,2026-09-06T20:10:33+00:00,1.0
PANINI_2024-25_ORIGINS_H2,WATCH,True,hobby,rbicru7,trusted,"2024-25 Panini Origins Basketball H2, Box",,195.0,,,1,214.5,129.99,,,,,,,,0,https://rbicru7.com/products/2024-25-panini-origins-basketball-h2-box,2026-09-06T20:10:33+00:00,1.0
PANINI_2024-25_ORIGINS_H2,WATCH,True,hobby,tanteo,watch,2024-25 Panini Origins Cartes Basketball NBA H2 Box,,279.0,,,1,301.39,129.99,,,,,,,,0,https://tanteocartescollections.com/products/2024-25-panini-origins-cartes-basketball-nba-h2-box,2026-09-06T20:10:33+00:00,1.0
PANINI_2024-25_ORIGINS_H2,WATCH,True,hobby,columbia,trusted,2024-25 Panini Origins Basketball H2 Box,,117.99,,,0,134.84,129.99,,,,,,,,0,https://columbiasportscard.com/products/2024-25-panini-origins-basketball-h2-box,2026-09-06T20:10:33+00:00,1.0
PANINI_2024-25_ORIGINS_H2,WATCH,True,hobby,awesome,trusted,2024-25 Panini Origins Basketball H2 Box,,119.75,,,0,136.66,129.99,,,,,,,,0,https://theawesomecardshop.com/products/2024-25-panini-origins-basketball-h2-box,2026-09-06T20:10:33+00:00,1.0
PANINI_2024-25_ORIGINS_H2,WATCH,True,hobby,deichcards,watch,Panini Origins Basketball NBA Hobby H2 Hybrid Box 2024/2025,,124.9,,,0,141.98,129.99,,,,,,,,0,https://deichcards.de/products/panini-origins-basketball-nba-hobby-h2-hybrid-box-2024-2025,2026-09-06T20:10:33+00:00,1.0
PANINI_2024-25_ORIGINS_H2,WATCH,True,hobby,rlsports,watch,2024-25 Panini Origins Basketball Hobby H2 Box,,129.99,,,0,147.25,129.99,,,,,,,,0,https://rlsportscards.com/products/2024-25-panini-origins-basketball-hobby-h2-box,2026-09-06T20:10:33+00:00,1.0
PANINI_2024-25_ORIGINS_H2,WATCH,True,hobby,ehcards,trusted,2024/25 Panini Origins NBA Basketball Hobby Hybrid H2 Box,,139.99,,,0,157.59,129.99,,,,,,,,0,https://ehcards.com/products/2024-25-panini-origins-nba-basketball-hobby-hybrid-h2-box,2026-09-06T20:10:33+00:00,1.0
PANINI_2024-25_ORIGINS_HOBBY,WATCH,True,hobby,collectorstore,trusted,2024-25 Panini Origins Basketball Hobby Box,,399.95,,,1,426.5,299.99,,,,,,,SUIVI,0,https://collectorstore.com/products/2024-25-panini-origins-basketball-hobby-box,2026-09-06T20:10:33+00:00,1.0
PANINI_2024-25_ORIGINS_HOBBY,WATCH,True,hobby,columbia,trusted,2024-25 Panini Origins Basketball Hobby Box,,259.99,,,0,281.72,299.99,,,,,,,,0,https://columbiasportscard.com/products/2024-25-panini-origins-basketball-hobby-box,2026-09-06T20:10:33+00:00,1.0
PANINI_2024-25_ORIGINS_HOBBY,WATCH,True,hobby,deichcards,watch,Panini Origins Basketball NBA Hobby Box 2024/2025,,265.0,,,0,286.9,299.99,,,,,,,,0,https://deichcards.de/products/panini-origins-basketball-nba-hobby-box-2024-2025,2026-09-06T20:10:33+00:00,1.0
PANINI_2024-25_ORIGINS_HOBBY,WATCH,True,hobby,sportscardjunction,watch,2024-25 Panini origins basketball Hobby box,,275.0,,,0,297.25,299.99,,,,,,,,0,https://sportscardjunction.com/products/2024-25-panini-origins-basketball-hobby-box,2026-09-06T20:10:33+00:00,1.0
PANINI_2024-25_ORIGINS_HOBBY,WATCH,True,hobby,ehcards,trusted,2024/25 Panini Origins NBA Basketball Hobby Box,,299.99,,,0,323.1,299.99,,,,,,,,0,https://ehcards.com/products/2024-25-panini-origins-nba-basketball-hobby-box,2026-09-06T20:10:33+00:00,1.0
PANINI_2024-25_ORIGINS_HOBBY,WATCH,True,hobby,awesome,trusted,2024-25 Panini Origins Basketball Hobby Box,,309.75,,,0,333.19,299.99,,,,,,,,0,https://theawesomecardshop.com/products/2024-25-panini-origins-basketball-hobby-box,2026-09-06T20:10:33+00:00,1.0
PANINI_2024-25_ORIGINS_HOBBY,WATCH,True,hobby,bleecker,watch,2024-25 Origins Basketball Hobby Box,,350.0,,,0,374.83,299.99,,,,,,,,0,https://bleeckertrading.com/products/2024-25-origins-nba-basketball-sealed-hobby-box,2026-09-06T20:10:33+00:00,1.0
PANINI_2024-25_ORIGINS_HOBBY,WATCH,True,hobby,rlsports,watch,2024-25 Panini Origins Basketball Hobby Box,,399.99,,,0,426.54,299.99,,,,,,,,0,https://rlsportscards.com/products/2024-25-panini-origins-basketball-hobby-box,2026-09-06T20:10:33+00:00,1.0
PANINI_2024-25_PRIZM_CHOICE,WATCH,True,hobby,hallofcollect,watch,Panini Prizm Choice NBA Basketball Hobby Box 2024/2025,,440.0,,,1,467.92,399.75,,,,,,,SUIVI,0,https://hallofcollect.de/products/panini-prizm-choice-nba-basketball-hobby-box-2024-2025,2026-09-06T20:10:33+00:00,1.0
PANINI_2024-25_PRIZM_CHOICE,WATCH,True,hobby,rlsports,watch,2024-25 Panini Prizm Basketball Choice Box,,329.99,,,0,354.13,399.75,,,,,,,,0,https://rlsportscards.com/products/2024-25-panini-prizm-basketball-choice-box,2026-09-06T20:10:33+00:00,1.0
PANINI_2024-25_PRIZM_CHOICE,WATCH,True,hobby,deichcards,watch,Panini Prizm Choice Basketball Box 2024/2025,,340.0,,,0,364.48,399.75,,,,,,,,0,https://deichcards.de/products/panini-prizm-choice-basketball-box-2024-2025,2026-09-06T20:10:33+00:00,1.0
PANINI_2024-25_PRIZM_CHOICE,WATCH,True,hobby,hiddengems,trusted,2024/25 Panini Prizm Basketball Choice Box,,380.0,,,0,405.86,399.75,,,,,,,,0,https://www.hiddengemscardshop.com/products/2024-25-panini-prizm-basketball-choice-box,2026-09-06T20:10:33+00:00,1.0
PANINI_2024-25_PRIZM_CHOICE,WATCH,True,hobby,awesome,trusted,2024-25 Panini Prizm Basketball Choice Box,,399.75,,,0,426.29,399.75,,,,,,,,0,https://theawesomecardshop.com/products/2024-25-panini-prizm-basketball-choice-box,2026-09-06T20:10:33+00:00,1.0
PANINI_2024-25_PRIZM_CHOICE,WATCH,True,hobby,bleecker,watch,2024-25 Panini Prizm Choice NBA Basketball Box,,500.0,,,0,529.99,399.75,,,,,,,,0,https://bleeckertrading.com/products/2024-25-panini-prizm-choice-nba-basketball-sealed-box,2026-09-06T20:10:33+00:00,1.0
PANINI_2024-25_PRIZM_DRAFT_PICKS_DRAFT_HOBBY,WATCH,False,hobby,awesome,trusted,2024 Panini Prizm Draft Picks Basketball Hobby Box,,199.75,,,0,219.41,249.99,,,,,,,,0,https://theawesomecardshop.com/products/2024-panini-prizm-draft-picks-basketball-hobby-box,2026-09-06T20:10:33+00:00,1.0
PANINI_2024-25_PRIZM_DRAFT_PICKS_DRAFT_HOBBY,WATCH,False,hobby,sportscardjunction,watch,2024-25 Panini Prizm Draft Picks Basketball Hobby Box,,200.0,,,0,219.67,249.99,,,,,,,,0,https://sportscardjunction.com/products/pre-order-2024-25-panini-prizm-draft-picks-basketball-hobby-box-releases-12-18-24,2026-09-06T20:10:33+00:00,1.0
PANINI_2024-25_PRIZM_DRAFT_PICKS_DRAFT_HOBBY,WATCH,False,hobby,rlsports,watch,2024 Panini Prizm Draft Picks Collegiate Basketball Hobby Box,,234.99,,,0,255.86,249.99,,,,,,,,0,https://rlsportscards.com/products/2024-panini-prizm-draft-picks-collegiate-basketball-hobby-box,2026-09-06T20:10:33+00:00,1.0
PANINI_2024-25_PRIZM_DRAFT_PICKS_DRAFT_HOBBY,WATCH,False,hobby,ehcards,trusted,2024/25 Panini Prizm Draft Picks Collegiate Basketball Hobby Box,,249.99,,,0,271.38,249.99,,,,,,,,0,https://ehcards.com/products/2024-25-panini-prizm-draft-picks-collegiate-basketball-hobby-box,2026-09-06T20:10:33+00:00,1.0
PANINI_2024-25_PRIZM_EUROLEAGUE_HOBBY,WATCH,False,hobby,stcuk,watch,2024-25 Panini Turkish Airlines Euroleague Prizm Basketball Hobby Box,,145.0,,,1,162.78,145.0,,,,,,,SUIVI,0,https://sportstradingcardsuk.com/products/2024-25-panini-turkish-airlines-euroleague-prizm-basketball-hobby-box,2026-09-06T20:10:33+00:00,1.0
PANINI_2024-25_PRIZM_EUROLEAGUE_HOBBY,WATCH,False,hobby,columbia,trusted,2024-25 Panini Prizm Turkish Airlines EuroLeague Basketball Hobby Box,,64.99,,,0,80.01,145.0,,,,,,,,0,https://columbiasportscard.com/products/2024-25-panini-prizm-turkish-airlines-euroleague-basketball-hobby-box,2026-09-06T20:10:33+00:00,1.0
PANINI_2024-25_PRIZM_EUROLEAGUE_HOBBY,WATCH,False,hobby,rlsports,watch,2024-25 Panini Prizm Turkish Airlines Euroleague Basketball Hobby Box,,99.99,,,0,116.22,145.0,,,,,,,,0,https://rlsportscards.com/products/2024-25-panini-prizm-turkish-airlines-euroleague-basketball-hobby-box,2026-09-06T20:10:33+00:00,1.0
PANINI_2024-25_PRIZM_EUROLEAGUE_HOBBY,WATCH,False,hobby,awesome,trusted,2024-25 Panini Prizm Turkish Airlines EuroLeague Basketball Hobby Box,,149.75,,,0,167.69,145.0,,,,,,,,0,https://theawesomecardshop.com/products/2024-25-panini-prizm-turkish-airlines-euroleague-basketball-hobby-box,2026-09-06T20:10:33+00:00,1.0
PANINI_2024-25_PRIZM_INTERNATIONAL,WATCH,True,hobby,sjay2k,watch,2024-25 Panini Prizm Basketball Hobby International Box,,440.0,,,1,467.92,250.0,,,,,,,SUIVI,0,https://www.sjay2k.com/products/2024-25-panini-prizm-basketball-hobby-international-box-pre-order-april-12,2026-09-06T20:10:33+00:00,1.0
PANINI_2024-25_PRIZM_INTERNATIONAL,WATCH,True,hobby,hiddengems,trusted,2024/25 Panini Prizm Basketball International Hobby Box,,240.0,,,0,261.04,250.0,,,,,,,,0,https://www.hiddengemscardshop.com/products/2024-25-panini-prizm-basketball-international-hobby-box,2026-09-06T20:10:33+00:00,1.0
PANINI_2024-25_PRIZM_INTERNATIONAL,WATCH,True,hobby,deichcards,watch,Panini Prizm Basketball Hobby International Box 2024/2025,,249.0,,,0,270.35,250.0,,,,,,,,0,https://deichcards.de/products/panini-prizm-basketball-hobby-international-box-2024-2025,2026-09-06T20:10:33+00:00,1.0
PANINI_2024-25_PRIZM_INTERNATIONAL,WATCH,True,hobby,worldchampion,watch,2024/25 Panini Prizm Basketball International Hobby Box,,250.0,,,0,271.39,250.0,,,,,,,,0,https://www.worldchampionsportscards.org/products/2024-25-panini-prizm-basketball-international-hobby-box,2026-09-06T20:10:33+00:00,1.0
PANINI_2024-25_PRIZM_INTERNATIONAL,WATCH,True,hobby,bleecker,watch,2024-25 Panini Prizm Basketball International Hobby Box,,375.0,,,0,400.69,250.0,,,,,,,,0,https://bleeckertrading.com/products/2024-25-panini-prizm-basketball-international-hobby-box,2026-09-06T20:10:33+00:00,1.0
PANINI_2024-25_SELECT_H2,WATCH,True,hobby,cbhobby,watch,2024-25 Panini Select Basketball Hybrid H2 Hobby Box,,180.0,,,1,198.98,199.95,,,,,,,SUIVI,0,https://cbhobby.com/products/2024-25-panini-select-basketball-hybrid-h2-hobby-box,2026-09-06T20:10:33+00:00,1.0
PANINI_2024-25_SELECT_H2,WATCH,True,hobby,rbicru7,trusted,"2024-25 Panini Select Basketball H2, Box",,190.0,,,1,209.32,199.95,,,,,,,,0,https://rbicru7.com/products/2024-25-panini-select-basketball-h2-box,2026-09-06T20:10:33+00:00,1.0
PANINI_2024-25_SELECT_H2,WATCH,True,hobby,sportscardjunction,watch,2024-25 Panini Select Basketball Hobby H2 Hybrid Box,,195.0,,,1,214.5,199.95,,,,,,,,0,https://sportscardjunction.com/products/2024-25-panini-select-basketball-hobby-h2-hybrid-box,2026-09-06T20:10:33+00:00,1.0
PANINI_2024-25_SELECT_H2,WATCH,True,hobby,awesome,trusted,2024-25 Panini Select Basketball H2 Box,,199.75,,,1,219.41,199.95,,,,,,,,0,https://theawesomecardshop.com/products/2024-25-panini-select-basketball-h2-box,2026-09-06T20:10:33+00:00,1.0
PANINI_2024-25_SELECT_H2,WATCH,True,hobby,cardiacs,trusted,2024-25 Panini Select Basketball H2 Box,,199.95,,,1,219.62,199.95,,,,,,,,0,https://www.thecardiacs.com/products/2024-25-panini-select-basketball-h2-box,2026-09-06T20:10:33+00:00,1.0
PANINI_2024-25_SELECT_H2,WATCH,True,hobby,collectorstore,trusted,2024-25 Panini Select Basketball H2 Box,,219.95,,,1,240.3,199.95,,,,,,,,0,https://collectorstore.com/products/2024-25-panini-select-basketball-h2-box,2026-09-06T20:10:33+00:00,1.0
PANINI_2024-25_SELECT_H2,WATCH,True,hobby,ehcards,trusted,2024/25 Panini Select Basketball H2 Hobby Box,,219.99,,,1,240.35,199.95,,,,,,,,0,https://ehcards.com/products/2024-25-panini-select-basketball-h2-hobby-box,2026-09-06T20:10:33+00:00,1.0
PANINI_2024-25_SELECT_H2,WATCH,True,hobby,sjay2k,watch,2024-25 Panini Select Basketball H2 Hybrid Box,,360.0,,,1,385.17,199.95,,,,,,,,0,https://www.sjay2k.com/products/2024-25-panini-select-basketball-h2-hybrid-box-june-28,2026-09-06T20:10:33+00:00,1.0
PANINI_2024-25_SELECT_H2,WATCH,True,hobby,columbia,trusted,2024-25 Panini Select Basketball H2 Box,,174.99,,,0,193.8,199.95,,,,,,,,0,https://columbiasportscard.com/products/2024-25-panini-select-basketball-h2-box,2026-09-06T20:10:33+00:00,1.0
PANINI_2024-25_SELECT_H2,WATCH,True,hobby,rlsports,watch,2024-25 Panini Select Basketball Hybrid H2 Box,,179.99,,,0,198.97,199.95,,,,,,,,0,https://rlsportscards.com/products/2024-25-panini-select-basketball-hybrid-h2-box,2026-09-06T20:10:33+00:00,1.0
PANINI_2024-25_SELECT_H2,WATCH,True,hobby,monmouth,watch,2024-25 Panini Select Basketball H2 Box,,189.99,,,0,209.31,199.95,,,,,,,,0,https://monmouthcards.com/products/2024-25-panini-select-basketball-h2-box,2026-09-06T20:10:33+00:00,1.0
PANINI_2024-25_SELECT_H2,WATCH,True,hobby,sportcards,watch,2024/25 Panini Select Basketball H2 Box,,219.95,,,0,240.3,199.95,,,,,,,,0,https://sportcards.com/products/2024-25-panini-select-basketball-h2-box,2026-09-06T20:10:33+00:00,1.0
PANINI_2024-25_SELECT_H2,WATCH,True,hobby,bleecker,watch,2024-25 Panini Select Basketball H2 Box,,250.0,,,0,271.39,199.95,,,,,,,,0,https://bleeckertrading.com/products/presale-2024-select-football-h2-box,2026-09-06T20:10:33+00:00,1.0
PANINI_2024-25_SELECT_H2,WATCH,True,hobby,deichcards,watch,Panini Select Basketball NBA Hobby H2 Box 2024/2025,,289.0,,,0,311.73,199.95,,,,,,,,0,https://deichcards.de/products/panini-select-basketball-nba-hobby-h2-box-2024-2025,2026-09-06T20:10:33+00:00,1.0
PANINI_2024-25_SELECT_INTERNATIONAL,WATCH,True,hobby,columbia,trusted,2024-25 Panini Select Basketball International Hobby Box,,169.99,,,0,188.63,184.75,,,,,,,,0,https://columbiasportscard.com/products/2024-25-panini-select-basketball-international-hobby-box-columbia-sports-cards-more,2026-09-06T20:10:33+00:00,1.0
PANINI_2024-25_SELECT_INTERNATIONAL,WATCH,True,hobby,awesome,trusted,2024-25 Panini Select Basketball International Hobby Box,,184.75,,,0,203.89,184.75,,,,,,,,0,https://theawesomecardshop.com/products/2024-25-panini-select-basketball-international-hobby-box,2026-09-06T20:10:33+00:00,1.0
PANINI_2024-25_SELECT_INTERNATIONAL,WATCH,True,hobby,bleecker,watch,2024-25 Panini Select Basketball Hobby International Box,,250.0,,,0,271.39,184.75,,,,,,,,0,https://bleeckertrading.com/products/2024-25-panini-select-basketball-hobby-international-box,2026-09-06T20:10:33+00:00,1.0
PANINI_2025-26_COURT_KINGS_HOBBY,WATCH,True,hobby,rlsports,watch,2025-26 Panini Court Kings Basketball Hobby Box,,119.0,,,1,135.88,150.0,,,,,,,SUIVI,0,https://rlsportscards.com/products/2025-26-panini-court-kings-basketball-hobby-box,2026-09-06T20:10:33+00:00,1.0
PANINI_2025-26_COURT_KINGS_HOBBY,WATCH,True,hobby,collectorstore,trusted,2025-26 Panini Court Kings Basketball Hobby Box,,119.95,,,1,136.86,150.0,,,,,,,,0,https://collectorstore.com/products/panini-court-kings-25-26,2026-09-06T20:10:33+00:00,1.0
PANINI_2025-26_COURT_KINGS_HOBBY,WATCH,True,hobby,cbhobby,watch,2025-26 Panini Court Kings Basketball Hobby Box Box,Box,120.0,,,1,136.92,150.0,,,,,,,,0,https://cbhobby.com/products/2025-26-panini-court-kings-basketball-hobby-box,2026-09-06T20:10:33+00:00,1.0
PANINI_2025-26_COURT_KINGS_HOBBY,WATCH,True,hobby,rbicru7,trusted,"2025-26 Panini Court Kings Basketball Hobby, Box",,120.0,,,1,136.92,150.0,,,,,,,,0,https://rbicru7.com/products/2025-26-panini-court-kings-basketball-hobby-box,2026-09-06T20:10:33+00:00,1.0
PANINI_2025-26_COURT_KINGS_HOBBY,WATCH,True,hobby,ballgame,watch,2025/26 Panini Court Kings Basketball Hobby Box,,135.0,,,1,152.43,150.0,,,,,,,,0,https://theballgame.com/products/2025-26-panini-court-kings-basketball-hobby-box,2026-09-06T20:10:33+00:00,1.0
PANINI_2025-26_COURT_KINGS_HOBBY,WATCH,True,hobby,dacardworldeu,watch,2025/26 Panini Court Kings Basketball Hobby 2025/26 Panini Court Kings Basketball Hobby Box,2025/26 Panini Court Kings Basketball Hobby Box,135.0,,,1,152.43,150.0,,,,,,,,0,https://dacardworld.eu/products/2025-26-panini-court-kings-basketball-hobby,2026-09-06T20:10:33+00:00,1.0
PANINI_2025-26_COURT_KINGS_HOBBY,WATCH,True,hobby,stcuk,watch,2025-26 Panini Court Kings Basketball Hobby Box,,150.0,,,1,167.95,150.0,,,,,,,,0,https://sportstradingcardsuk.com/products/pre-order-2025-26-panini-court-kings-basketball-hobby-box,2026-09-06T20:10:33+00:00,1.0
PANINI_2025-26_COURT_KINGS_HOBBY,WATCH,True,hobby,cardiacs,trusted,2025-26 Panini Court Kings Basketball Hobby Box,,169.95,,,1,188.58,150.0,,,,,,,,0,https://www.thecardiacs.com/products/2025-26-panini-court-kings-basketball-hobby-box,2026-09-06T20:10:33+00:00,1.0
PANINI_2025-26_COURT_KINGS_HOBBY,WATCH,True,hobby,tanteo,watch,2025-26 Panini Court Kings Cartes Basketball NBA Hobby Box,,184.9,,,1,204.05,150.0,,,,,,,,0,https://tanteocartescollections.com/products/2025-26-panini-court-kings-cartes-basketball-nba-hobby-box-precommande,2026-09-06T20:10:33+00:00,1.0
PANINI_2025-26_COURT_KINGS_HOBBY,WATCH,True,hobby,awesome,trusted,2025-26 Panini Court Kings Basketball Hobby Box,,199.75,,,1,219.41,150.0,,,,,,,,0,https://theawesomecardshop.com/products/2025-26-panini-court-kings-basketball-hobby-box,2026-09-06T20:10:33+00:00,1.0
PANINI_2025-26_COURT_KINGS_HOBBY,WATCH,True,hobby,superior,watch,2025-26 Panini Court Kings Basketball Hobby Box,,200.0,,,1,219.67,150.0,,,,,,,,0,https://superiorsportsinvestments.com/products/2025-26-panini-court-kings-basketball-hobby-box,2026-09-06T20:10:33+00:00,1.0
PANINI_2025-26_COURT_KINGS_HOBBY,WATCH,True,hobby,qscards,watch,2025-26 Panini Court Kings Basketball Hobby Box,,219.0,,,1,239.32,150.0,,,,,,,,0,https://qscards.com/products/2025-26-panini-court-kings-basketball-hobby-box,2026-09-06T20:10:33+00:00,1.0
PANINI_2025-26_COURT_KINGS_HOBBY,WATCH,True,hobby,worldchampion,watch,2025/26 Panini Court Kings Basketball Hobby Box,,240.0,,,1,261.04,150.0,,,,,,,,0,https://www.worldchampionsportscards.org/products/2025-26-panini-court-kings-basketball-hobby-box,2026-09-06T20:10:33+00:00,1.0
PANINI_2025-26_COURT_KINGS_HOBBY,WATCH,True,hobby,sportscardjunction,watch,2025-26 Panini Court Kings Basketball Hobby Box,,120.0,,,0,136.92,150.0,,,,,,,,0,https://sportscardjunction.com/products/2025-26-panini-court-kings-basketball-hobby-box,2026-09-06T20:10:33+00:00,1.0
PANINI_2025-26_COURT_KINGS_HOBBY,WATCH,True,hobby,columbia,trusted,2025/26 Panini Court Kings Basketball Hobby Box,,121.99,,,0,138.97,150.0,,,,,,,,0,https://columbiasportscard.com/products/2025-26-panini-court-kings-basketball-hobby-box,2026-09-06T20:10:33+00:00,1.0
PANINI_2025-26_COURT_KINGS_HOBBY,WATCH,True,hobby,bleecker,watch,2025-26 Panini Court Kings Basketball Hobby Box,,150.0,,,0,167.95,150.0,,,,,,,,0,https://bleeckertrading.com/products/2025-26-panini-court-kings-basketball-hobby-box,2026-09-06T20:10:33+00:00,1.0
PANINI_2025-26_COURT_KINGS_HOBBY,WATCH,True,hobby,deichcards,watch,Panini Court Kings Basketball Hobby Box 2025/2026,,150.0,,,0,167.95,150.0,,,,,,,,0,https://deichcards.de/products/panini-court-kings-basketball-hobby-box-2025-2026,2026-09-06T20:10:33+00:00,1.0
PANINI_2025-26_COURT_KINGS_HOBBY,WATCH,True,hobby,boxseat,watch,2025-26 Panini Court Kings Basketball Hobby Box,,199.99,,,0,219.66,150.0,,,,,,,,0,https://boxseatcollectibles.com/products/2025-26-panini-court-kings-basketball-hobby-box,2026-09-06T20:10:33+00:00,1.0
PANINI_2025-26_DONRUSS_HOBBY,WATCH,True,hobby,rbicru7,trusted,"2025-26 Panini Donruss Basketball Hobby, Box",,295.0,,,1,317.94,229.75,,,,,,,SUIVI,0,https://rbicru7.com/products/2025-26-panini-donruss-basketball-hobby-box,2026-09-06T20:10:33+00:00,1.0
PANINI_2025-26_DONRUSS_HOBBY,WATCH,True,hobby,deichcards,watch,Panini Donruss Basketball Hobby Box 2025/2026,,180.0,,,0,198.98,229.75,,,,,,,,0,https://deichcards.de/products/panini-donruss-basketball-hobby-box-2025-2026,2026-09-06T20:10:33+00:00,1.0
PANINI_2025-26_DONRUSS_HOBBY,WATCH,True,hobby,columbia,trusted,2025/26 Panini Donruss Basketball Hobby Box,,198.99,,,0,218.62,229.75,,,,,,,,0,https://columbiasportscard.com/products/2025-26-panini-donruss-basketball-hobby-box,2026-09-06T20:10:33+00:00,1.0
PANINI_2025-26_DONRUSS_HOBBY,WATCH,True,hobby,cardiacs,trusted,2025-26 Panini Donruss Basketball Hobby Box,,209.95,,,0,229.96,229.75,,,,,,,,0,https://www.thecardiacs.com/products/2025-26-panini-donruss-basketball-hobby-box,2026-09-06T20:10:33+00:00,1.0
PANINI_2025-26_DONRUSS_HOBBY,WATCH,True,hobby,bleecker,watch,2025-26 Panini Donruss Basketball Hobby Box,,225.0,,,0,245.53,229.75,,,,,,,,0,https://bleeckertrading.com/products/2025-26-panini-donruss-basketball-hobby-box-presale,2026-09-06T20:10:33+00:00,1.0
PANINI_2025-26_DONRUSS_HOBBY,WATCH,True,hobby,awesome,trusted,2025-26 Panini Donruss Basketball Hobby Box,,229.75,,,0,250.44,229.75,,,,,,,,0,https://theawesomecardshop.com/products/2025-26-panini-donruss-basketball-hobby-box,2026-09-06T20:10:33+00:00,1.0
PANINI_2025-26_DONRUSS_HOBBY,WATCH,True,hobby,rlsports,watch,2025-26 Panini Donruss Basketball Hobby Box,,234.99,,,0,255.86,229.75,,,,,,,,0,https://rlsportscards.com/products/2025-26-panini-donruss-basketball-hobby-box,2026-09-06T20:10:33+00:00,1.0
PANINI_2025-26_DONRUSS_HOBBY,WATCH,True,hobby,sportscardjunction,watch,2025-26 Panini Donruss Basketball Hobby Box,,245.0,,,0,266.22,229.75,,,,,,,,0,https://sportscardjunction.com/products/2025-26-panini-donruss-basketball-hobby-box,2026-09-06T20:10:33+00:00,1.0
PANINI_2025-26_DONRUSS_HOBBY,WATCH,True,hobby,collectorstore,trusted,2025-26 Panini Donruss Signature Series Basketball Hobby Box,,249.95,,,0,271.34,229.75,,,,,,,,0,https://collectorstore.com/products/2025-26-panini-donruss-signature-series-basketball-hobby-box,2026-09-06T20:10:33+00:00,1.0
PANINI_2025-26_DONRUSS_HOBBY,WATCH,True,hobby,monmouth,watch,2025-26 Panini Donruss Basketball Hobby Box,,269.99,,,0,292.07,229.75,,,,,,,,0,https://monmouthcards.com/products/2025-26-panini-donruss-basketball-hobby-box,2026-09-06T20:10:33+00:00,1.0
PANINI_2025-26_NOIR_HOBBY,WATCH,True,hobby,stcuk,watch,Pre Order - 2025-26 Panini Noir Basketball Hobby Box,,775.0,,,1,814.45,849.75,,,,,,,SUIVI,0,https://sportstradingcardsuk.com/products/pre-order-2025-26-panini-noir-basketball-hobby-box,2026-09-06T20:10:33+00:00,1.0
PANINI_2025-26_NOIR_HOBBY,WATCH,True,hobby,sjay2k,watch,2025-26 Panini Noir Basketball Hobby Box (Pre-Order: TBA),,0.0,,,0,12.79,849.75,,,,,,,,0,https://www.sjay2k.com/products/2025-26-panini-noir-basketball-hobby-box-pre-order-tba,2026-09-06T20:10:33+00:00,1.0
PANINI_2025-26_NOIR_HOBBY,WATCH,True,hobby,awesome,trusted,2025-26 Panini Noir Basketball Hobby Box,,849.75,,,0,891.77,849.75,,,,,,,,0,https://theawesomecardshop.com/products/2025-26-panini-noir-basketball-hobby-box,2026-09-06T20:10:33+00:00,1.0
PANINI_2025-26_ORIGINS_HOBBY,WATCH,True,hobby,bleecker,watch,2025-26 Panini Origins Basketball Hobby Box,,175.0,,,1,193.81,199.99,,,,,,,SUIVI,0,https://bleeckertrading.com/products/2025-26-panini-origins-basketball-hobby-box,2026-09-06T20:10:33+00:00,1.0
PANINI_2025-26_ORIGINS_HOBBY,WATCH,True,hobby,rlsports,watch,2025-26 Panini Origins Basketball Hobby Box,,185.0,,,1,204.15,199.99,,,,,,,,0,https://rlsportscards.com/products/2025-26-panini-origins-basketball-hobby-box,2026-09-06T20:10:33+00:00,1.0
PANINI_2025-26_ORIGINS_HOBBY,WATCH,True,hobby,collectorstore,trusted,2025-26 Panini Origins Basketball Hobby Box,,199.99,,,1,219.66,199.99,,,,,,,,0,https://collectorstore.com/products/202526-panini-origins-basketball-hobby-box,2026-09-06T20:10:33+00:00,1.0
PANINI_2025-26_ORIGINS_HOBBY,WATCH,True,hobby,ehcards,trusted,2025/26 Panini Origins Basketball Hobby Box,,199.99,,,1,219.66,199.99,,,,,,,,0,https://ehcards.com/products/2025-26-panini-origins-basketball-hobby-box,2026-09-06T20:10:33+00:00,1.0
PANINI_2025-26_ORIGINS_HOBBY,WATCH,True,hobby,tanteo,watch,2025-26 Panini Origins Cartes Basketball NBA Hobby Box,,209.9,,,1,229.91,199.99,,,,,,,,0,https://tanteocartescollections.com/products/2025-26-panini-origins-cartes-basketball-nba-hobby-box-precommande,2026-09-06T20:10:33+00:00,1.0
PANINI_2025-26_ORIGINS_HOBBY,WATCH,True,hobby,rbicru7,trusted,"2025-26 Panini Origins Basketball Hobby, Box",,210.0,,,1,230.01,199.99,,,,,,,,0,https://rbicru7.com/products/2025-26-panini-origins-basketball-hobby-box,2026-09-06T20:10:33+00:00,1.0
PANINI_2025-26_ORIGINS_HOBBY,WATCH,True,hobby,worldchampion,watch,2025/26 Panini Origins Basketball Hobby Box,,210.0,,,1,230.01,199.99,,,,,,,,0,https://www.worldchampionsportscards.org/products/2025-26-panini-origins-basketball-hobby-box,2026-09-06T20:10:33+00:00,1.0
PANINI_2025-26_ORIGINS_HOBBY,WATCH,True,hobby,ballgame,watch,2025/26 Panini Origins Basketball Hobby Box,,220.0,,,1,240.36,199.99,,,,,,,,0,https://theballgame.com/products/2025-26-panini-origins-basketball-hobby-box,2026-09-06T20:10:33+00:00,1.0
PANINI_2025-26_ORIGINS_HOBBY,WATCH,True,hobby,superior,watch,2025-26 Panini Origins Basketball Hobby Box,,300.0,,,1,323.11,199.99,,,,,,,,0,https://superiorsportsinvestments.com/products/2025-26-panini-origins-basketball-hobby-box,2026-09-06T20:10:33+00:00,1.0
PANINI_2025-26_ORIGINS_HOBBY,WATCH,True,hobby,cbhobby,watch,2025-26 Panini Origins Basketball Hobby Box Box,Box,150.0,,,0,167.95,199.99,,,,,,,,0,https://cbhobby.com/products/2025-26-panini-origins-basketball-hobby-box,2026-09-06T20:10:33+00:00,1.0
PANINI_2025-26_ORIGINS_HOBBY,WATCH,True,hobby,columbia,trusted,2025/26 Panini Origins Basketball Hobby Box,,164.99,,,0,183.45,199.99,,,,,,,,0,https://columbiasportscard.com/products/2025-26-panini-origins-basketball-hobby-box,2026-09-06T20:10:33+00:00,1.0
PANINI_2025-26_ORIGINS_HOBBY,WATCH,True,hobby,awesome,trusted,2025-26 Panini Origins Basketball Hobby Box,,169.75,,,0,188.38,199.99,,,,,,,,0,https://theawesomecardshop.com/products/2025-26-panini-origins-basketball-hobby-box,2026-09-06T20:10:33+00:00,1.0
PANINI_2025-26_ORIGINS_HOBBY,WATCH,True,hobby,cardiacs,trusted,2025-26 Panini Origins Basketball Hobby Box,,169.95,,,0,188.58,199.99,,,,,,,,0,https://www.thecardiacs.com/products/2025-26-panini-origins-basketball-hobby-box,2026-09-06T20:10:33+00:00,1.0
PANINI_2025-26_ORIGINS_HOBBY,WATCH,True,hobby,sportscardjunction,watch,2025-26 Panini Origins Basketball Hobby Box,,175.0,,,0,193.81,199.99,,,,,,,,0,https://sportscardjunction.com/products/2025-26-panini-origins-basketball-hobby-box,2026-09-06T20:10:33+00:00,1.0
PANINI_2025-26_ORIGINS_HOBBY,WATCH,True,hobby,boxseat,watch,2025-26 Panini Origins Basketball HOBBY BOX,,199.99,,,0,219.66,199.99,,,,,,,,0,https://boxseatcollectibles.com/products/2025-26-panini-origins-basketball-hobby-box,2026-09-06T20:10:33+00:00,1.0
PANINI_2025-26_ORIGINS_HOBBY,WATCH,True,hobby,qscards,watch,2025-26	Panini Origins Basketball Hobby Box,,249.0,,,0,270.35,199.99,,,,,,,,0,https://qscards.com/products/2025-26-panini-origins-basketball-hobby-box,2026-09-06T20:10:33+00:00,1.0
PANINI_2025-26_ORIGINS_HOBBY,WATCH,True,hobby,sjay2k,watch,2025-26 Panini Origins Basketball Hobby Box,,300.0,,,0,323.11,199.99,,,,,,,,0,https://www.sjay2k.com/products/2025-26-panini-origins-basketball-hobby-box,2026-09-06T20:10:33+00:00,1.0
PANINI_2025-26_PRIZM_HOBBY,WATCH,True,hobby,stcuk,watch,2025-26 Panini Prizm Basketball Hobby Box,,225.0,,,1,245.53,275.0,,,,,,,SUIVI,0,https://sportstradingcardsuk.com/products/pre-order-2025-26-panini-prizm-basketball-hobby-box,2026-09-06T20:10:33+00:00,1.0
PANINI_2025-26_PRIZM_HOBBY,WATCH,True,hobby,columbia,trusted,2025/26 Panini Prizm Basketball Hobby Box,,227.99,,,1,248.62,275.0,,,,,,,,0,https://columbiasportscard.com/products/2025-26-panini-prizm-basketball-hobby-box,2026-09-06T20:10:33+00:00,1.0
PANINI_2025-26_PRIZM_HOBBY,WATCH,True,hobby,rbicru7,trusted,"2025-26 Panini Prizm Basketball Hobby, Box",,240.0,,,1,261.04,275.0,,,,,,,,0,https://rbicru7.com/products/2025-26-panini-prizm-basketball-hobby-box,2026-09-06T20:10:33+00:00,1.0
PANINI_2025-26_PRIZM_HOBBY,WATCH,True,hobby,awesome,trusted,2025-26 Panini Prizm Basketball Hobby Box,,242.75,,,1,263.89,275.0,,,,,,,,0,https://theawesomecardshop.com/products/2025-26-panini-prizm-basketball-hobby-box,2026-09-06T20:10:33+00:00,1.0
PANINI_2025-26_PRIZM_HOBBY,WATCH,True,hobby,rlsports,watch,2025-26 Panini Prizm Basketball Hobby Box,,249.0,,,1,270.35,275.0,,,,,,,,0,https://rlsportscards.com/products/2025-26-panini-prizm-basketball-hobby-box,2026-09-06T20:10:33+00:00,1.0
PANINI_2025-26_PRIZM_HOBBY,WATCH,True,hobby,collectorstore,trusted,2025-26 Panini Prizm Basketball Hobby Box,,249.95,,,1,271.34,275.0,,,,,,,,0,https://collectorstore.com/products/2025-26-panini-prizm-basketball-hobby-box,2026-09-06T20:10:33+00:00,1.0
PANINI_2025-26_PRIZM_HOBBY,WATCH,True,hobby,dacardworldeu,watch,2025/26 Panini Prizm Basketball Hobby 2025/26 Panini Prizm Basketball Hobby Box,2025/26 Panini Prizm Basketball Hobby Box,275.0,,,1,297.25,275.0,,,,,,,,0,https://dacardworld.eu/products/2025-26-panini-prizm-basketball-hobby,2026-09-06T20:10:33+00:00,1.0
PANINI_2025-26_PRIZM_HOBBY,WATCH,True,hobby,cbhobby,watch,2025-26 Panini Prizm Basketball Hobby Box Box,Box,300.0,,,1,323.11,275.0,,,,,,,,0,https://cbhobby.com/products/2025-26-panini-prizm-basketball-hobby-box,2026-09-06T20:10:33+00:00,1.0
PANINI_2025-26_PRIZM_HOBBY,WATCH,True,hobby,cardiacs,trusted,2025-26 Panini Prizm Basketball Hobby Box,,324.95,,,1,348.92,275.0,,,,,,,,0,https://www.thecardiacs.com/products/2025-26-panini-prizm-basketball-hobby-box,2026-09-06T20:10:33+00:00,1.0
PANINI_2025-26_PRIZM_HOBBY,WATCH,True,hobby,hikaru_shop,watch,Panini Prizm Basketball 2025/26 – Hobby Box,,369.9,,,1,395.41,275.0,,,,,,,,0,https://hikarudistribution.com/products/panini-prizm-basketball-2025-26-hobby-box,2026-09-06T20:10:33+00:00,1.0
PANINI_2025-26_PRIZM_HOBBY,WATCH,True,hobby,worldchampion,watch,2025/26 Panini Prizm Basketball Hobby Box,,375.0,,,1,400.69,275.0,,,,,,,,0,https://www.worldchampionsportscards.org/products/2025-26-panini-prizm-basketball-hobby-box,2026-09-06T20:10:33+00:00,1.0
PANINI_2025-26_PRIZM_HOBBY,WATCH,True,hobby,qscards,watch,2025-26 Panini Prizm Basketball Hobby Box,,399.0,,,1,425.51,275.0,,,,,,,,0,https://qscards.com/products/2025-26-panini-prizm-basketball-hobby-box,2026-09-06T20:10:33+00:00,1.0
PANINI_2025-26_PRIZM_HOBBY,WATCH,True,hobby,boxseat,watch,2025-26 Panini Prizm Basketball HOBBY BOX,,399.99,,,1,426.54,275.0,,,,,,,,0,https://boxseatcollectibles.com/products/2025-26-panini-prizm-basketball-hobby-box,2026-09-06T20:10:33+00:00,1.0
PANINI_2025-26_PRIZM_HOBBY,WATCH,True,hobby,superior,watch,2025-26 Panini Prizm Basketball Hobby Box,,425.0,,,1,452.41,275.0,,,,,,,,0,https://superiorsportsinvestments.com/products/2025-26-panini-prizm-basketball-hobby-box,2026-09-06T20:10:33+00:00,1.0
PANINI_2025-26_PRIZM_HOBBY,WATCH,True,hobby,sjay2k,watch,2025-26 Panini Prizm Basketball Hobby Box,,600.0,,,1,633.43,275.0,,,,,,,,0,https://www.sjay2k.com/products/2025-26-panini-prizm-basketball-trading-card-hobby-box-pre-order-august-1,2026-09-06T20:10:33+00:00,1.0
PANINI_2025-26_PRIZM_HOBBY,WATCH,True,hobby,sportscardjunction,watch,2025-26 Panini Prizm Basketball Hobby Box,,235.0,,,0,255.87,275.0,,,,,,,,0,https://sportscardjunction.com/products/2025-26-panini-prizm-basketball-hobby-box,2026-09-06T20:10:33+00:00,1.0
PANINI_2025-26_PRIZM_HOBBY,WATCH,True,hobby,ballgame,watch,2025/26 Panini Prizm Basketball Hobby Box,,245.0,,,0,266.22,275.0,,,,,,,,0,https://theballgame.com/products/2025-26-panini-prizm-basketball-hobby-box,2026-09-06T20:10:33+00:00,1.0
PANINI_2025-26_PRIZM_HOBBY,WATCH,True,hobby,bleecker,watch,2025-26 Panini Prizm Basketball Hobby Box,,250.0,,,0,271.39,275.0,,,,,,,,0,https://bleeckertrading.com/products/2025-26-panini-prizm-basketball-hobby-box,2026-09-06T20:10:33+00:00,1.0
TOPPS_2024-25_FINEST_BREAKERS_DELIGHT,WATCH,True,hobby,dacardworldeu,watch,2024/25 Topps Finest Basketball Breaker Delight 2024/25 Topps Finest Basketball Breaker Delight Box (Presell),2024/25 Topps Finest Basketball Breaker Delight Box (Presell),225.0,,,1,245.53,159.99,,,,,,,SUIVI,0,https://dacardworld.eu/products/2024-25-topps-finest-basketball-breaker-delight,2026-09-06T20:10:33+00:00,1.0
TOPPS_2024-25_FINEST_BREAKERS_DELIGHT,WATCH,True,hobby,awesome,trusted,2024-25 Topps Finest Basketball Breaker's Delight Box,,119.75,,,0,136.66,159.99,,,,,,,,0,https://theawesomecardshop.com/products/2024-25-topps-finest-basketball-breakers-delight-box,2026-09-06T20:10:33+00:00,1.0
TOPPS_2024-25_FINEST_BREAKERS_DELIGHT,WATCH,True,hobby,columbia,trusted,2024-25 Topps Finest Basketball Breaker's Delight Box,,119.99,,,0,136.91,159.99,,,,,,,,0,https://columbiasportscard.com/products/2024-25-topps-finest-basketball-breaker-delight-box-columbia-sports-cards,2026-09-06T20:10:33+00:00,1.0
TOPPS_2024-25_FINEST_BREAKERS_DELIGHT,WATCH,True,hobby,bleecker,watch,2024-25 Topps Finest Basketball Breakers Delight Box,,150.0,,,0,167.95,159.99,,,,,,,,0,https://bleeckertrading.com/products/2024-25-topps-finest-basketball-breakers-delight-box-presale,2026-09-06T20:10:33+00:00,1.0
TOPPS_2024-25_FINEST_BREAKERS_DELIGHT,WATCH,True,hobby,hiddengems,trusted,2024/25 Topps Finest Basketball Breaker Delight Box,,159.99,,,0,178.28,159.99,,,,,,,,0,https://www.hiddengemscardshop.com/products/2024-25-topps-finest-basketball-breaker-delight-box-presell,2026-09-06T20:10:33+00:00,1.0
TOPPS_2024-25_FINEST_BREAKERS_DELIGHT,WATCH,True,hobby,cardiacs,trusted,2024-25 Topps Finest Basketball Breaker's Delight Box,,164.95,,,0,183.41,159.99,,,,,,,,0,https://www.thecardiacs.com/products/2024-25-topps-finest-basketball-breaker-delight-box,2026-09-06T20:10:33+00:00,1.0
TOPPS_2024-25_FINEST_BREAKERS_DELIGHT,WATCH,True,hobby,worldchampion,watch,2024/25 Topps Finest Basketball Breaker Delight Box,,180.0,,,0,198.98,159.99,,,,,,,,0,https://www.worldchampionsportscards.org/products/2024-25-topps-finest-basketball-breaker-delight-box,2026-09-06T20:10:33+00:00,1.0
TOPPS_2024-25_FINEST_HOBBY,WATCH,True,hobby,awesome,trusted,2024-25 Topps Finest Basketball Hobby Box,,94.75,,,0,110.8,119.9,,,,,,,,0,https://theawesomecardshop.com/products/2024-25-topps-finest-basketball-hobby-box,2026-09-06T20:10:33+00:00,1.0
TOPPS_2024-25_FINEST_HOBBY,WATCH,True,hobby,columbia,trusted,2024-25 Topps Finest Basketball Hobby Box,,94.99,,,0,111.05,119.9,,,,,,,,0,https://columbiasportscard.com/products/2024-25-topps-finest-basketball-hobby-box-columbia-sports-cards,2026-09-06T20:10:33+00:00,1.0
TOPPS_2024-25_FINEST_HOBBY,WATCH,True,hobby,hiddengems,trusted,2024/25 Topps Finest Basketball Hobby Box,,100.0,,,0,116.23,119.9,,,,,,,,0,https://www.hiddengemscardshop.com/products/2024-25-topps-finest-basketball-hobby-box-presell,2026-09-06T20:10:33+00:00,1.0
TOPPS_2024-25_FINEST_HOBBY,WATCH,True,hobby,sportcards,watch,2024/25 Topps Finest Basketball Hobby Box,,114.95,,,0,131.69,119.9,,,,,,,,0,https://sportcards.com/products/2024-25-topps-finest-basketball-hobby-box,2026-09-06T20:10:33+00:00,1.0
TOPPS_2024-25_FINEST_HOBBY,WATCH,True,hobby,hikaru_shop,watch,Topps Finest Basketball Hobby Box (2024/2025),,119.9,,,0,136.81,119.9,,,,,,,,0,https://hikarudistribution.com/products/topps-finest-basketball-hobby-box-2024-2025,2026-09-06T20:10:33+00:00,1.0
TOPPS_2024-25_FINEST_HOBBY,WATCH,True,hobby,sportscardjunction,watch,2024-25 Topps Finest Basketball Hobby Box,,125.0,,,0,142.09,119.9,,,,,,,,0,https://sportscardjunction.com/products/2024-25-topps-finest-basketball-hobby-box,2026-09-06T20:10:33+00:00,1.0
TOPPS_2024-25_FINEST_HOBBY,WATCH,True,hobby,worldchampion,watch,2024/25 Topps Finest Basketball Hobby Box,,135.0,,,0,152.43,119.9,,,,,,,,0,https://www.worldchampionsportscards.org/products/2024-25-topps-finest-basketball-hobby-box,2026-09-06T20:10:33+00:00,1.0
TOPPS_2024-25_FINEST_HOBBY,WATCH,True,hobby,bleecker,watch,2024-25 Topps Finest Basketball Hobby Box,,225.0,,,0,245.53,119.9,,,,,,,,0,https://bleeckertrading.com/products/2024-25-topps-finest-basketball-hobby-box,2026-09-06T20:10:33+00:00,1.0
TOPPS_2024-25_INCEPTION_HOBBY,WATCH,True,hobby,dacardworldeu,watch,2024/25 Topps Inception Basketball Hobby 2024/25 Topps Inception Basketball Hobby Box,2024/25 Topps Inception Basketball Hobby Box,260.0,,,1,281.73,150.0,,,,,,,SUIVI,0,https://dacardworld.eu/products/2024-25-topps-inception-basketball-hobby,2026-09-06T20:10:33+00:00,1.0
TOPPS_2024-25_INCEPTION_HOBBY,WATCH,True,hobby,cardiacs,trusted,2024-25 Topps Inception Basketball Hobby Box,,119.95,,,0,136.86,150.0,,,,,,,,0,https://www.thecardiacs.com/products/2024-25-topps-inception-basketball-hobby-box,2026-09-06T20:10:33+00:00,1.0
TOPPS_2024-25_INCEPTION_HOBBY,WATCH,True,hobby,hiddengems,trusted,2024/25 Topps Inception Basketball Hobby Box,,135.0,,,0,152.43,150.0,,,,,,,,0,https://www.hiddengemscardshop.com/products/2024-25-topps-inception-basketball-hobby-box-presale,2026-09-06T20:10:33+00:00,1.0
TOPPS_2024-25_INCEPTION_HOBBY,WATCH,True,hobby,awesome,trusted,2024-25 Topps Inception Basketball Hobby Box,,138.75,,,0,156.31,150.0,,,,,,,,0,https://theawesomecardshop.com/products/2024-25-topps-inception-basketball-hobby-box,2026-09-06T20:10:33+00:00,1.0
TOPPS_2024-25_INCEPTION_HOBBY,WATCH,True,hobby,rlsports,watch,2024-25 Topps Inception Basketball Hobby Box,,139.99,,,0,157.59,150.0,,,,,,,,0,https://rlsportscards.com/products/2024-25-topps-inception-basketball-hobby-box,2026-09-06T20:10:33+00:00,1.0
TOPPS_2024-25_INCEPTION_HOBBY,WATCH,True,hobby,columbia,trusted,2024/25 Topps Inception Basketball Hobby Box,,149.99,,,0,167.94,150.0,,,,,,,,0,https://columbiasportscard.com/products/2024-25-topps-inception-basketball-hobby-box-columbia-sports-cards,2026-09-06T20:10:33+00:00,1.0
TOPPS_2024-25_INCEPTION_HOBBY,WATCH,True,hobby,bleecker,watch,2024-25 Topps Inception Basketball Hobby Box,,150.0,,,0,167.95,150.0,,,,,,,,0,https://bleeckertrading.com/products/2024-topps-inception-baseball-sealed-hobby-box-copy,2026-09-06T20:10:33+00:00,1.0
TOPPS_2024-25_INCEPTION_HOBBY,WATCH,True,hobby,worldchampion,watch,2024/25 Topps Inception Basketball Hobby Box,,150.0,,,0,167.95,150.0,,,,,,,,0,https://www.worldchampionsportscards.org/products/2024-25-topps-inception-basketball-hobby-box-presell,2026-09-06T20:10:33+00:00,1.0
TOPPS_2024-25_INCEPTION_HOBBY,WATCH,True,hobby,sportscardjunction,watch,2024-25 Topps Inception Basketball Hobby Box,,210.0,,,0,230.01,150.0,,,,,,,,0,https://sportscardjunction.com/products/2024-25-topps-inception-basketball-hobby-box,2026-09-06T20:10:33+00:00,1.0
TOPPS_2024-25_INCEPTION_HOBBY,WATCH,True,hobby,boxseat,watch,PRE-ORDER: 2024-25 Topps Inception Basketball Hobby Box,,239.99,,,0,261.03,150.0,,,,,,,,0,https://boxseatcollectibles.com/products/pre-order-2024-25-topps-inception-basketball-hobby-box,2026-09-06T20:10:33+00:00,1.0
TOPPS_2024-25_TOPPS_CHROME_HOBBY,WATCH,True,hobby,rbicru7,trusted,"2024-25 Topps Chrome Basketball Hobby, Box",,265.0,,,1,286.9,150.0,,,,,,,SUIVI,0,https://rbicru7.com/products/2024-25-topps-chrome-basketball-hobby-box,2026-09-06T20:10:33+00:00,1.0
TOPPS_2024-25_TOPPS_CHROME_HOBBY,WATCH,True,hobby,superior,watch,2024-25 Topps Chrome Basketball Hobby Box,,410.0,,,1,436.89,150.0,,,,,,,,0,https://superiorsportsinvestments.com/products/2024-25-topps-chrome-basketball-hobby-box,2026-09-06T20:10:33+00:00,1.0
TOPPS_2024-25_TOPPS_CHROME_HOBBY,WATCH,True,hobby,cardiacs,trusted,2024-25 Topps Chrome Basketball Hobby Box,,119.95,,,0,136.86,150.0,,,,,,,,0,https://www.thecardiacs.com/products/2024-25-topps-chrome-basketball-hobby-box,2026-09-06T20:10:33+00:00,1.0
TOPPS_2024-25_TOPPS_CHROME_HOBBY,WATCH,True,hobby,rlsports,watch,2024-25 Topps Chrome Basketball Hobby Box,,139.99,,,0,157.59,150.0,,,,,,,,0,https://rlsportscards.com/products/2024-25-topps-chrome-basketball-hobby-box,2026-09-06T20:10:33+00:00,1.0
TOPPS_2024-25_TOPPS_CHROME_HOBBY,WATCH,True,hobby,sportscardjunction,watch,2024-25 Topps Chrome Basketball Hobby Box,,145.0,,,0,162.78,150.0,,,,,,,,0,https://sportscardjunction.com/products/2024-25-topps-chrome-basketball-hobby-box,2026-09-06T20:10:33+00:00,1.0
TOPPS_2024-25_TOPPS_CHROME_HOBBY,WATCH,True,hobby,awesome,trusted,2024-25 Topps Chrome Basketball Hobby Box,,145.75,,,0,163.55,150.0,,,,,,,,0,https://theawesomecardshop.com/products/2024-25-topps-chrome-basketball-hobby-box,2026-09-06T20:10:33+00:00,1.0
TOPPS_2024-25_TOPPS_CHROME_HOBBY,WATCH,True,hobby,columbia,trusted,2024-25 Topps Chrome Basketball Hobby Box,,149.99,,,0,167.94,150.0,,,,,,,,0,https://columbiasportscard.com/products/2024-25-topps-chrome-basketball-hobby-box,2026-09-06T20:10:33+00:00,1.0
TOPPS_2024-25_TOPPS_CHROME_HOBBY,WATCH,True,hobby,sportscardjunction,watch,2024-25 Topps Chrome Basketball Hobby Brkrs Delight Box,,150.0,,,0,167.95,150.0,,,,,,,,0,https://sportscardjunction.com/products/2024-25-topps-chrome-basketball-hobby-breakers-delight-box,2026-09-06T20:10:33+00:00,1.0
TOPPS_2024-25_TOPPS_CHROME_HOBBY,WATCH,True,hobby,worldchampion,watch,2024/25 Topps Chrome Basketball Hobby Box,,160.0,,,0,178.29,150.0,,,,,,,,0,https://www.worldchampionsportscards.org/products/2024-25-topps-chrome-basketball-hobby-box,2026-09-06T20:10:33+00:00,1.0
TOPPS_2024-25_TOPPS_CHROME_HOBBY,WATCH,True,hobby,deichcards,watch,Topps Chrome Basketball Hobby Box 2024/2025,,175.0,,,0,193.81,150.0,,,,,,,,0,https://deichcards.de/products/topps-chrome-basketball-hobby-box-2024-2025,2026-09-06T20:10:33+00:00,1.0
TOPPS_2024-25_TOPPS_CHROME_HOBBY,WATCH,True,hobby,bleecker,watch,2024-25 Topps Chrome Basketball Hobby Box,,200.0,,,0,219.67,150.0,,,,,,,,0,https://bleeckertrading.com/products/2024-25-topps-chrome-basketball-sealed-hobby-box-presale,2026-09-06T20:10:33+00:00,1.0
TOPPS_2025-26_DEFINITIVE_HOBBY,WATCH,True,hobby,qscards,watch,2025-26 Topps Definitive Basketball Hobby Box,,0.0,,,0,12.79,,,,,,,,,0,https://qscards.com/products/2025-26-topps-definitive-basketball-hobby-box,2026-09-06T20:10:33+00:00,1.0
TOPPS_2025-26_DEFINITIVE_HOBBY,WATCH,True,hobby,sjay2k,watch,2025-26 Topps Definitive Basketball Hobby Box (Pre-Order: September 17),,0.0,,,0,12.79,,,,,,,,,0,https://www.sjay2k.com/products/2025-26-topps-definitive-basketball-hobby-box-pre-order-august-27,2026-09-06T20:10:33+00:00,1.0
TOPPS_2025-26_FINEST_BREAKERS_DELIGHT,WATCH,True,hobby,dennistheripper,watch,2025-26 Topps Finest Basketball Breakers Delight Box,,1399.99,,,1,1460.94,1599.75,,,,,,,SUIVI,0,https://dennistheripper.de/products/2025-26-topps-finest-basketball-breaker-delight-box-1,2026-09-06T20:10:33+00:00,1.0
TOPPS_2025-26_FINEST_BREAKERS_DELIGHT,WATCH,True,hobby,qscards,watch,2025-26 Topps Finest Basketball Breakers Delight Box,,1499.0,,,1,1563.35,1599.75,,,,,,,,0,https://qscards.com/products/2025-26-topps-finest-basketball-breakers-delight-box,2026-09-06T20:10:33+00:00,1.0
TOPPS_2025-26_FINEST_BREAKERS_DELIGHT,WATCH,True,hobby,awesome,trusted,2025-26 Topps Finest Basketball Breaker's Delight Box,,1599.75,,,1,1667.57,1599.75,,,,,,,,0,https://theawesomecardshop.com/products/2025-26-topps-finest-basketball-breakers-delight-box,2026-09-06T20:10:33+00:00,1.0
TOPPS_2025-26_FINEST_BREAKERS_DELIGHT,WATCH,True,hobby,dacardworldeu,watch,2025/26 Topps Finest Basketball Breaker Delight 2025/26 Topps Finest Basketball Breaker Delight Box,2025/26 Topps Finest Basketball Breaker Delight Box,1780.0,,,1,1854.02,1599.75,,,,,,,,0,https://dacardworld.eu/products/2025-26-topps-finest-basketball-breaker-delight,2026-09-06T20:10:33+00:00,1.0
TOPPS_2025-26_FINEST_BREAKERS_DELIGHT,WATCH,True,hobby,sjay2k,watch,2025-26 Topps Finest Basketball Breaker's Delight Box,,2200.0,,,1,2288.47,1599.75,,,,,,,,0,https://www.sjay2k.com/products/2025-26-topps-finest-basketball-breakers-delight-box-pre-order-march-5,2026-09-06T20:10:33+00:00,1.0
TOPPS_2025-26_MIDNIGHT_HOBBY,WATCH,True,hobby,collectorstore,trusted,2025-26 Topps Midnight Basketball Hobby Box,,749.95,,,1,788.54,890.0,,,,,,,SUIVI,0,https://collectorstore.com/products/2025-26-topps-midnight-basketball-hobby-box,2026-09-06T20:10:33+00:00,1.0
TOPPS_2025-26_MIDNIGHT_HOBBY,WATCH,True,hobby,cardiacs,trusted,2025-26 Topps Midnight Basketball Hobby Box,,799.95,,,1,840.26,890.0,,,,,,,,0,https://www.thecardiacs.com/products/2025-26-topps-midnight-basketball-hobby-box,2026-09-06T20:10:33+00:00,1.0
TOPPS_2025-26_MIDNIGHT_HOBBY,WATCH,True,hobby,awesome,trusted,2025-26 Topps Midnight Basketball Hobby Box,,849.75,,,1,891.77,890.0,,,,,,,,0,https://theawesomecardshop.com/products/2025-26-topps-midnight-basketball-hobby-box,2026-09-06T20:10:33+00:00,1.0
TOPPS_2025-26_MIDNIGHT_HOBBY,WATCH,True,hobby,dacardworldeu,watch,2025/26 Topps Midnight Basketball Hobby 2025/26 Topps Midnight Basketball Hobby Box,2025/26 Topps Midnight Basketball Hobby Box,1145.0,,,1,1197.18,890.0,,,,,,,,0,https://dacardworld.eu/products/2025-26-topps-midnight-basketball-hobby,2026-09-06T20:10:33+00:00,1.0
TOPPS_2025-26_MIDNIGHT_HOBBY,WATCH,True,hobby,superior,watch,2025-26 Topps Midnight Basketball Hobby Box,,1150.0,,,1,1202.35,890.0,,,,,,,,0,https://superiorsportsinvestments.com/products/2025-26-topps-midnight-basketball-hobby-box,2026-09-06T20:10:33+00:00,1.0
TOPPS_2025-26_MIDNIGHT_HOBBY,WATCH,True,hobby,worldchampion,watch,2025/26 Topps Midnight Basketball Hobby Box,,715.0,,,0,752.38,890.0,,,,,,,,0,https://www.worldchampionsportscards.org/products/2025-26-topps-midnight-basketball-hobby-box-presell,2026-09-06T20:10:33+00:00,1.0
TOPPS_2025-26_MIDNIGHT_HOBBY,WATCH,True,hobby,rlsports,watch,2025-26 Topps Midnight Basketball Hobby Box,,740.0,,,0,778.24,890.0,,,,,,,,0,https://rlsportscards.com/products/2025-26-topps-midnight-basketball-hobby-box,2026-09-06T20:10:33+00:00,1.0
TOPPS_2025-26_MIDNIGHT_HOBBY,WATCH,True,hobby,columbia,trusted,2025/26 Topps Midnight Basketball Hobby Box,,889.99,,,0,933.39,890.0,,,,,,,,0,https://columbiasportscard.com/products/2025-26-topps-midnight-basketball-hobby-box-columbia-sports-cards,2026-09-06T20:10:33+00:00,1.0
TOPPS_2025-26_MIDNIGHT_HOBBY,WATCH,True,hobby,deichcards,watch,Topps Midnight Basketball Hobby Box 2025/2026,,890.0,,,0,933.4,890.0,,,,,,,,0,https://deichcards.de/products/topps-midnight-basketball-hobby-box-2025-2026,2026-09-06T20:10:33+00:00,1.0
TOPPS_2025-26_MIDNIGHT_HOBBY,WATCH,True,hobby,bleecker,watch,2025-26 Topps Midnight Basketball Hobby Box,,925.0,,,0,969.61,890.0,,,,,,,,0,https://bleeckertrading.com/products/2025-26-topps-midnight-basketball-hobby-box,2026-09-06T20:10:33+00:00,1.0
TOPPS_2025-26_MIDNIGHT_HOBBY,WATCH,True,hobby,monmouth,watch,2025-26 Topps Midnight Basketball Hobby Box,,959.99,,,0,1005.8,890.0,,,,,,,,0,https://monmouthcards.com/products/2025-26-topps-midnight-basketball-hobby-box,2026-09-06T20:10:33+00:00,1.0
TOPPS_2025-26_SIGNATURE_CLASS_HOBBY_JUMBO,WATCH,True,hobby,rbicru7,trusted,"2025-26 Topps Signature Class Basketball Jumbo, Box",,705.0,,,1,742.04,899.99,,,,,,,SUIVI,0,https://rbicru7.com/products/2025-26-topps-signature-class-basketball-jumbo-box,2026-09-06T20:10:33+00:00,1.0
TOPPS_2025-26_SIGNATURE_CLASS_HOBBY_JUMBO,WATCH,True,hobby,awesome,trusted,2025-26 Topps Signature Class Basketball Jumbo Hobby Box,,709.75,,,1,746.95,899.99,,,,,,,,0,https://theawesomecardshop.com/products/2025-26-topps-signature-class-basketball-jumbo-hobby-box,2026-09-06T20:10:33+00:00,1.0
TOPPS_2025-26_SIGNATURE_CLASS_HOBBY_JUMBO,WATCH,True,hobby,sportscardjunction,watch,2025-26 Topps Signature Class Basketball Jumbo Box,,710.0,,,1,747.21,899.99,,,,,,,,0,https://sportscardjunction.com/products/2025-26-topps-signature-class-basketball-jumbo-box,2026-09-06T20:10:33+00:00,1.0
TOPPS_2025-26_SIGNATURE_CLASS_HOBBY_JUMBO,WATCH,True,hobby,collectorstore,trusted,2025-26 Topps Signature Class Basketball Jumbo Box,,714.95,,,1,752.33,899.99,,,,,,,,0,https://collectorstore.com/products/2025-26-topps-signature-class-basketball-jumbo-box,2026-09-06T20:10:33+00:00,1.0
TOPPS_2025-26_SIGNATURE_CLASS_HOBBY_JUMBO,WATCH,True,hobby,cardiacs,trusted,2025-26 Topps Signature Class Basketball Jumbo Box,,749.95,,,1,788.54,899.99,,,,,,,,0,https://www.thecardiacs.com/products/2025-26-topps-signature-class-basketball-jumbo-box,2026-09-06T20:10:33+00:00,1.0
TOPPS_2025-26_SIGNATURE_CLASS_HOBBY_JUMBO,WATCH,True,hobby,stcuk,watch,2025-26 Topps Signature Class Basketball Hobby Jumbo Box,,895.0,,,1,938.58,899.99,,,,,,,,0,https://sportstradingcardsuk.com/products/pre-order-2025-26-topps-signature-class-basketball-hobby-jumbo-box,2026-09-06T20:10:33+00:00,1.0
TOPPS_2025-26_SIGNATURE_CLASS_HOBBY_JUMBO,WATCH,True,hobby,hiddengems,trusted,2025/26 Topps Signature Class Basketball Hobby Jumbo Box,,975.0,,,1,1021.33,899.99,,,,,,,,0,https://www.hiddengemscardshop.com/products/2025-26-topps-signature-class-basketball-hobby-jumbo-box-presell,2026-09-06T20:10:33+00:00,1.0
TOPPS_2025-26_SIGNATURE_CLASS_HOBBY_JUMBO,WATCH,True,hobby,qscards,watch,2025-26 Topps Signature Class Basketball Jumbo Box,,999.0,,,1,1046.15,899.99,,,,,,,,0,https://qscards.com/products/2025-26-topps-signature-class-basketball-jumbo-box,2026-09-06T20:10:33+00:00,1.0
TOPPS_2025-26_SIGNATURE_CLASS_HOBBY_JUMBO,WATCH,True,hobby,deichcards,watch,Topps Signature Class NBA Jumbo Hobby Box 2025/2026,,1000.0,,,1,1047.19,899.99,,,,,,,,0,https://deichcards.de/products/topps-signature-class-nba-jumbo-hobby-box-2025-2026,2026-09-06T20:10:33+00:00,1.0
TOPPS_2025-26_SIGNATURE_CLASS_HOBBY_JUMBO,WATCH,True,hobby,hallofcollect,watch,Topps NBA Signature Class 2025/2026 Jumbo Box,,1000.0,,,1,1047.19,899.99,,,,,,,,0,https://hallofcollect.de/products/topps-nba-signature-class-2025-2026-jumbo-box,2026-09-06T20:10:33+00:00,1.0
TOPPS_2025-26_SIGNATURE_CLASS_HOBBY_JUMBO,WATCH,True,hobby,mafiosicards_shop,watch,2025-26 Topps Signature Class Basketball Jumbo Box,,1149.0,,,1,1201.31,899.99,,,,,,,,0,https://mafiosicards.com/products/2025-26-topps-signature-class-basketball-jumbo-box,2026-09-06T20:10:33+00:00,1.0
TOPPS_2025-26_SIGNATURE_CLASS_HOBBY_JUMBO,WATCH,True,hobby,dennistheripper,watch,2025-26 Topps Signature Class Basketball Jumbo Box,,1199.99,,,1,1254.06,899.99,,,,,,,,0,https://dennistheripper.de/products/2025-26-topps-signature-class-basketball-jumbo-box,2026-09-06T20:10:33+00:00,1.0
TOPPS_2025-26_SIGNATURE_CLASS_HOBBY_JUMBO,WATCH,True,hobby,columbia,trusted,2025/26 Topps Signature Class Basketball Hobby Jumbo Box,,723.99,,,0,761.68,899.99,,,,,,,,0,https://columbiasportscard.com/products/2025-26-topps-signature-class-basketball-hobby-jumbo-box,2026-09-06T20:10:33+00:00,1.0
TOPPS_2025-26_SIGNATURE_CLASS_HOBBY_JUMBO,WATCH,True,hobby,worldchampion,watch,2025/26 Topps Signature Class Basketball Hobby Jumbo Box (Presell),,730.0,,,0,767.9,899.99,,,,,,,,0,https://www.worldchampionsportscards.org/products/2025-26-topps-signature-class-basketball-hobby-jumbo-box-presell,2026-09-06T20:10:33+00:00,1.0
TOPPS_2025-26_SIGNATURE_CLASS_HOBBY_JUMBO,WATCH,True,hobby,bleecker,watch,2025-26 Topps Signature Class Basketball Jumbo Box,,800.0,,,0,840.31,899.99,,,,,,,,0,https://bleeckertrading.com/products/2025-26-topps-signature-class-basketball-jumbo-box-presale,2026-09-06T20:10:33+00:00,1.0
TOPPS_2025-26_SIGNATURE_CLASS_HOBBY_JUMBO,WATCH,True,hobby,jakesbreaks,watch,Topps NBA Signature Class 2025-26 - Jumbo Box,,899.99,,,0,943.74,899.99,,,,,,,,0,https://jakesbreaks.co.uk/products/pre-order-topps-nba-signature-class-2025-26-jumbo-box,2026-09-06T20:10:33+00:00,1.0
TOPPS_2025-26_SIGNATURE_CLASS_HOBBY_JUMBO,WATCH,True,hobby,monmouth,watch,2025-26 Topps Signature Class Basketball Jumbo Box,,899.99,,,0,943.74,899.99,,,,,,,,0,https://monmouthcards.com/products/2025-26-topps-signature-class-basketball-jumbo-box,2026-09-06T20:10:33+00:00,1.0
TOPPS_2025-26_SIGNATURE_CLASS_HOBBY_JUMBO,WATCH,True,hobby,americansportstore,watch,Topps NBA Signature Class 2025-26 Jumbo Box,,999.99,,,0,1047.18,899.99,,,,,,,,0,https://american-sportstore.com/products/topps-nba-signature-class-2025-26-jumbo-box-pre-order,2026-09-06T20:10:33+00:00,1.0
