sku_id,sku_status,licensed,tier,shop,trust,title,variant,price_usd,boxes_per_case,unit_price_per_box,in_stock,landed_eur_est_8box_bundle,market_ask_us,market_sold_us,market_sold_source,market_sold_checked_at,buy_below,watch_below,eu_ref_eur,status,restock,url,seen_at,match_score
PANINI_2023-24_PHOENIX_BLASTER,ACTIVE,True,retail,ehcards,trusted,2023/24 Panini Phoenix Basketball 6-pack Blaster Box,,34.99,,,1,48.98,34.95,28.5,,,27.0,31.0,49.99,NO_GO,0,https://ehcards.com/products/2023-24-panini-phoenix-basketball-6-pack-blaster-box,2026-08-21T19:27:57+00:00,1.0
PANINI_2023-24_PHOENIX_BLASTER,ACTIVE,True,retail,hiddengems,trusted,2023-24 Panini Phoenix Basketball Trading Cards Blaster Box,,19.99,,,0,33.47,34.95,28.5,,,27.0,31.0,49.99,,0,https://www.hiddengemscardshop.com/products/2023-24-panini-phoenix-basketball-trading-cards-blaster-box,2026-08-21T19:27:57+00:00,1.0
PANINI_2023-24_PHOENIX_BLASTER,ACTIVE,True,retail,sportscardjunction,watch,2023-24 Panini Phoenix Basketball Blaster Box,,25.0,,,0,38.65,34.95,28.5,,,27.0,31.0,49.99,,0,https://sportscardjunction.com/products/2023-24-panini-phoenix-basketball-blaster-box,2026-08-21T19:27:57+00:00,1.0
PANINI_2023-24_PHOENIX_BLASTER,ACTIVE,True,retail,cardiacs,trusted,2023-24 Panini Phoenix Basketball Blaster Box,,29.95,,,0,43.77,34.95,28.5,,,27.0,31.0,49.99,,0,https://www.thecardiacs.com/products/2023-24-panini-phoenix-basketball-blaster-box,2026-08-21T19:27:57+00:00,1.0
PANINI_2023-24_PHOENIX_BLASTER,ACTIVE,True,retail,bleecker,watch,2023-24 Panini Phoenix Basketball Blaster Box,,30.0,,,0,43.82,34.95,28.5,,,27.0,31.0,49.99,,0,https://bleeckertrading.com/products/2023-24-phoenix-basketball-blaster-box,2026-08-21T19:27:57+00:00,1.0
PANINI_2023-24_PHOENIX_BLASTER,ACTIVE,True,retail,awesome,trusted,2023-24 Panini Phoenix Basketball Blaster Box,,35.0,,,0,48.99,34.95,28.5,,,27.0,31.0,49.99,,0,https://theawesomecardshop.com/products/2023-24-panini-phoenix-basketball-blaster-box,2026-08-21T19:27:57+00:00,1.0
PANINI_2023-24_PHOENIX_BLASTER,ACTIVE,True,retail,bleecker,watch,2023-24 Panini Phoenix Basketball Retail Blaster Box,,35.0,,,0,48.99,34.95,28.5,,,27.0,31.0,49.99,,0,https://bleeckertrading.com/products/2023-24-panini-phoenix-basketball-retail-blaster-box,2026-08-21T19:27:57+00:00,1.0
PANINI_2023-24_PHOENIX_BLASTER,ACTIVE,True,retail,boxseat,watch,2023-24 Panini Phoenix Basketball Trading Cards Blaster Box,,59.99,,,0,74.84,34.95,28.5,,,27.0,31.0,49.99,,0,https://boxseatcollectibles.com/products/2023-24-panini-phoenix-basketball-trading-cards-blaster-box,2026-08-21T19:27:57+00:00,1.0
PANINI_2023-24_PREMIUM_STOCK_BLASTER,ACTIVE,True,retail,ehcards,trusted,2023/24 Panini Premium Stock Basketball Blaster Box,,44.99,,,1,59.33,34.96,,,,30.0,35.0,,NO_GO,0,https://ehcards.com/products/2023-24-panini-premium-stock-basketball-blaster-box,2026-08-21T19:27:57+00:00,1.0
PANINI_2023-24_PREMIUM_STOCK_BLASTER,ACTIVE,True,retail,fancave,watch,2023-24 Panini NBA Hoops Premium Stock Basketball Blaster Box,,64.99,,,1,80.01,34.96,,,,30.0,35.0,,,0,https://fancave.com/products/2023-24-panini-nba-hoops-premium-stock-basketball-blaster-box,2026-08-21T19:27:57+00:00,1.0
PANINI_2023-24_PREMIUM_STOCK_BLASTER,ACTIVE,True,retail,hiddengems,trusted,2023-24 NBA Hoops Premium Stock Blaster Box,,20.0,,,0,33.48,34.96,,,,30.0,35.0,,,0,https://www.hiddengemscardshop.com/products/2023-24-nba-hoops-premium-stock-blaster-box,2026-08-21T19:27:57+00:00,1.0
PANINI_2023-24_PREMIUM_STOCK_BLASTER,ACTIVE,True,retail,cardiacs,trusted,2023-24 Panini Premium Stock Basketball Blaster Box,,29.95,,,0,43.77,34.96,,,,30.0,35.0,,,0,https://www.thecardiacs.com/products/2023-24-panini-premium-stock-basketball-blaster-box,2026-08-21T19:27:57+00:00,1.0
PANINI_2023-24_PREMIUM_STOCK_BLASTER,ACTIVE,True,retail,worldchampion,watch,2023/24 Panini Premium Stock Basketball 6-Pack Blaster Box,,35.0,,,0,48.99,34.96,,,,30.0,35.0,,,0,https://www.worldchampionsportscards.org/products/2023-24-panini-premium-stock-basketball-6-pack-blaster-box,2026-08-21T19:27:57+00:00,1.0
PANINI_2023-24_PREMIUM_STOCK_BLASTER,ACTIVE,True,retail,sportcards,watch,2023/24 Panini Premium Stock Basketball 6-Pack Blaster Box,,39.95,,,0,54.11,34.96,,,,30.0,35.0,,,0,https://sportcards.com/products/2023-24-panini-premium-stock-basketball-6-pack-blaster-box,2026-08-21T19:27:57+00:00,1.0
PANINI_2023-24_PREMIUM_STOCK_BLASTER,ACTIVE,True,retail,monmouth,watch,2023-24 Panini Premium Stock Basketball Blaster Box,,39.99,,,0,54.15,34.96,,,,30.0,35.0,,,0,https://monmouthcards.com/products/2023-24-panini-premium-stock-basketball-blaster-box,2026-08-21T19:27:57+00:00,1.0
PANINI_2023-24_PREMIUM_STOCK_BLASTER,ACTIVE,True,retail,boxseat,watch,2023-24 Panini NBA Premium Stock Basketball Trading Cards Blaster Box,,49.99,,,0,64.5,34.96,,,,30.0,35.0,,,0,https://boxseatcollectibles.com/products/2023-24-panini-nba-premium-stock-basketball-trading-cards-blaster-box,2026-08-21T19:27:57+00:00,1.0
PANINI_2023-24_PREMIUM_STOCK_BLASTER,ACTIVE,True,retail,boxseat,watch,2023-24 Panini Premium Stock Basketball Trading Cards Blaster Box,,49.99,,,0,64.5,34.96,,,,30.0,35.0,,,0,https://boxseatcollectibles.com/products/2023-24-panini-premium-stock-basketball-trading-cards-blaster-box,2026-08-21T19:27:57+00:00,1.0
PANINI_2023-24_PREMIUM_STOCK_MEGA,ACTIVE,True,retail,hiddengems,trusted,2023-24 NBA Hoops Premium Stock Mega Box,,35.0,,,0,48.99,,,,,60.0,75.0,149.0,,0,https://www.hiddengemscardshop.com/products/2023-24-nba-hoops-premium-stock-mega-box,2026-08-21T19:27:57+00:00,1.0
PANINI_2023-24_PREMIUM_STOCK_MEGA,ACTIVE,True,retail,boxseat,watch,2023-24 Panini NBA Premium Stock Basketball Trading Cards Mega Box,,49.99,,,0,64.5,,,,,60.0,75.0,149.0,,0,https://boxseatcollectibles.com/products/2023-24-panini-nba-premium-stock-basketball-trading-cards-mega-box,2026-08-21T19:27:57+00:00,1.0
PANINI_2023-24_PREMIUM_STOCK_MEGA,ACTIVE,True,retail,e5sports,watch,2023-24 NBA Hoops Premium Stock Mega Box WEMBANYAMA,,50.0,,,0,64.51,,,,,60.0,75.0,149.0,,0,https://e5sports.com/products/2023-24-nba-hoops-premium-stock-mega-box-wembanyama,2026-08-21T19:27:57+00:00,1.0
PANINI_2023-24_PREMIUM_STOCK_MEGA,ACTIVE,True,retail,monmouth,watch,2023-24 Panini Premium Stock Basketball Mega Box,,54.99,,,0,69.67,,,,,60.0,75.0,149.0,,0,https://monmouthcards.com/products/2023-24-panini-premium-stock-basketball-mega-box,2026-08-21T19:27:57+00:00,1.0
PANINI_2023-24_PREMIUM_STOCK_MEGA,ACTIVE,True,retail,sportcards,watch,2023-24 Panini Premium Stock Basketball Trading Cards Mega Box,,59.95,,,0,74.8,,,,,60.0,75.0,149.0,,0,https://sportcards.com/products/2023-24-panini-premium-stock-basketball-trading-cards-mega-box,2026-08-21T19:27:57+00:00,1.0
PANINI_2023-24_PREMIUM_STOCK_MEGA,ACTIVE,True,retail,bleecker,watch,2023-24 Panini Premium Stock Basketball NBA Mega Box,,60.0,,,0,74.85,,,,,60.0,75.0,149.0,,0,https://bleeckertrading.com/products/2023-24-panini-premium-stock-nba-mega-box,2026-08-21T19:27:57+00:00,1.0
PANINI_2023-24_PREMIUM_STOCK_MEGA,ACTIVE,True,retail,rlsports,watch,2023-24 Panini Premium Stock Basketball Mega Box,,64.99,,,0,80.01,,,,,60.0,75.0,149.0,,0,https://rlsportscards.com/products/2023-24-panini-premium-stock-basketball-mega-box,2026-08-21T19:27:57+00:00,1.0
PANINI_2023-24_PRIZM_BLASTER,ACTIVE,True,retail,awesome,trusted,2023-24 Panini Prizm  Basketball Blaster Box (Green Wave Prizm),,60.0,,,0,74.85,119.95,,,,60.0,80.0,150.0,,0,https://theawesomecardshop.com/products/2023-24-panini-prizm-basketball-blaster-green-wave-prizm,2026-08-21T19:27:57+00:00,1.0
PANINI_2023-24_PRIZM_BLASTER,ACTIVE,True,retail,awesome,trusted,2023-24 Panini Prizm Basketball Blaster Box (Ice Prizms),,62.75,,,0,77.7,119.95,,,,60.0,80.0,150.0,,0,https://theawesomecardshop.com/products/2023-24-panini-prizm-basketball-6-pack-blaster-box-ice-prizms,2026-08-21T19:27:57+00:00,1.0
PANINI_2023-24_PRIZM_BLASTER,ACTIVE,True,retail,columbia,trusted,2023-24 Panini Prizm Basketball 6-Pack Blaster Box (Ice Prizms!),,69.95,,,0,85.14,119.95,,,,60.0,80.0,150.0,,0,https://columbiasportscard.com/products/2023-24-panini-prizm-basketball-6-pack-hobby-blaster-box-green-wave-prizms,2026-08-21T19:27:57+00:00,1.0
PANINI_2023-24_PRIZM_BLASTER,ACTIVE,True,retail,rlsports,watch,2023-24 Panini Prizm Basketball Blaster Box (Ice Prizms),,69.95,,,0,85.14,119.95,,,,60.0,80.0,150.0,,0,https://rlsportscards.com/products/2023-24-panini-prizm-basketball-blaster-box-ice-prizms,2026-08-21T19:27:57+00:00,1.0
PANINI_2023-24_PRIZM_BLASTER,ACTIVE,True,retail,worldchampion,watch,2023/24 Panini Prizm Basketball 6-Pack Blaster Box (Ice Prizms),,70.0,,,0,85.2,119.95,,,,60.0,80.0,150.0,,0,https://www.worldchampionsportscards.org/products/2023-24-panini-prizm-basketball-6-pack-blaster-box-ice-prizms,2026-08-21T19:27:57+00:00,1.0
PANINI_2023-24_PRIZM_BLASTER,ACTIVE,True,retail,rlsports,watch,2023-24 Panini Prizm Basketball Blaster Box,,74.95,,,0,90.32,119.95,,,,60.0,80.0,150.0,,0,https://rlsportscards.com/products/2023-24-panini-prizm-basketball-blaster-box,2026-08-21T19:27:57+00:00,1.0
PANINI_2023-24_PRIZM_BLASTER,ACTIVE,True,retail,bleecker,watch,2023-24 Panini Prizm Basketball Blaster Box (Ice Prizms),,80.0,,,0,95.54,119.95,,,,60.0,80.0,150.0,,0,https://bleeckertrading.com/products/2023-24-prizm-nba-basketball-sealed-blaster-box,2026-08-21T19:27:57+00:00,1.0
PANINI_2023-24_OPTIC_BLASTER,ACTIVE,True,retail,ehcards,trusted,2023/24 Panini Donruss Optic Basketball 6-Pack Blaster Box,,59.99,,,1,74.84,,,,,40.0,45.0,,NO_GO,0,https://ehcards.com/products/2023-24-panini-donruss-optic-basketball-6-pack-blaster-box,2026-08-21T19:27:57+00:00,1.0
PANINI_2023-24_OPTIC_BLASTER,ACTIVE,True,retail,hiddengems,trusted,2023-24 Donruss Optic Basketball blaster,,35.0,,,0,48.99,,,,,40.0,45.0,,,0,https://www.hiddengemscardshop.com/products/2023-24-donruss-optic-basketball-blaster,2026-08-21T19:27:57+00:00,1.0
PANINI_2023-24_OPTIC_BLASTER,ACTIVE,True,retail,e5sports,watch,2023-24 Panini Donruss Optic NBA Blaster Box,,40.0,,,0,54.16,,,,,40.0,45.0,,,0,https://e5sports.com/products/2023-24-panini-donruss-optic-nba-blaster-box,2026-08-21T19:27:57+00:00,1.0
PANINI_2023-24_OPTIC_BLASTER,ACTIVE,True,retail,awesome,trusted,2023-24 Panini Donruss Optic Basketball Blaster Box (Glitter),,45.0,,,0,59.34,,,,,40.0,45.0,,,0,https://theawesomecardshop.com/products/2023-24-panini-donruss-optic-basketball-hobby-blaster-box,2026-08-21T19:27:57+00:00,1.0
PANINI_2023-24_OPTIC_BLASTER,ACTIVE,True,retail,columbia,trusted,2023-24 Panini Donruss Optic Basketball 6-Pack Blaster Box (Glitter Parallels),,49.95,,,0,64.46,,,,,40.0,45.0,,,0,https://columbiasportscard.com/products/2023-24-panini-donruss-optic-basketball-6-pack-blaster-box-glitter-parallels,2026-08-21T19:27:57+00:00,1.0
PANINI_2023-24_OPTIC_BLASTER,ACTIVE,True,retail,bleecker,watch,2023-24 Panini Donruss Optic Basketball Blaster Box,,50.0,,,0,64.51,,,,,40.0,45.0,,,0,https://bleeckertrading.com/products/2023-24-panini-donruss-optic-basketball-blaster-box,2026-08-21T19:27:57+00:00,1.0
PANINI_2023-24_OPTIC_MEGA,ACTIVE,True,retail,rbicru7,trusted,"2023-24 Donruss Optic Basketball, Mega Box (Hyper Parallels)",,110.0,,,1,126.57,63.95,60.0,,,65.0,75.0,99.0,NO_GO,0,https://rbicru7.com/products/2023-24-donruss-optic-basketball-mega-box,2026-08-21T19:27:57+00:00,1.0
PANINI_2023-24_OPTIC_MEGA,ACTIVE,True,retail,ehcards,trusted,2023/24 Panini Donruss Optic Basketball Mega Box (Hyper Pink),,59.99,,,0,74.84,63.95,60.0,,,65.0,75.0,99.0,,0,https://ehcards.com/products/2023-24-panini-donruss-optic-basketball-mega-box-hyper-pink,2026-08-21T19:27:57+00:00,1.0
PANINI_2023-24_OPTIC_MEGA,ACTIVE,True,retail,e5sports,watch,2023-24 Panini Donruss Optic NBA Mega Box,,60.0,,,0,74.85,63.95,60.0,,,65.0,75.0,99.0,,0,https://e5sports.com/products/2023-24-panini-donruss-optic-nba-mega-box,2026-08-21T19:27:57+00:00,1.0
PANINI_2023-24_OPTIC_MEGA,ACTIVE,True,retail,worldchampion,watch,2023/24 Panini Donruss Optic Basketball Mega Box (Hyper Pink Prizms),,60.0,,,0,74.85,63.95,60.0,,,65.0,75.0,99.0,,0,https://www.worldchampionsportscards.org/products/2023-24-panini-donruss-optic-basketball-mega-box-hyper-pink-prizms,2026-08-21T19:27:57+00:00,1.0
PANINI_2023-24_OPTIC_MEGA,ACTIVE,True,retail,worldchampion,watch,2023/24 Panini Donruss Optic Basketball Mega Box (Hyper Pink Prizms),,60.0,,,0,74.85,63.95,60.0,,,65.0,75.0,99.0,,0,https://www.worldchampionsportscards.org/products/2023-24-panini-donruss-optic-basketball-mega-box-hyper-pink-prizms-1,2026-08-21T19:27:57+00:00,1.0
PANINI_2023-24_OPTIC_MEGA,ACTIVE,True,retail,columbia,trusted,2023-24 Panini Donruss Optic Basketball Mega Box (Hyper Pink Prizms),,64.99,,,0,80.01,63.95,60.0,,,65.0,75.0,99.0,,0,https://columbiasportscard.com/products/2023-24-panini-donruss-optic-basketball-mega-box-hyper-pink-prizms,2026-08-21T19:27:57+00:00,1.0
PANINI_2023-24_OPTIC_MEGA,ACTIVE,True,retail,ballgame,watch,2023/24 Panini Donruss Optic Basketball Mega Box (Hyper Pink Prizms),,68.0,,,0,83.13,63.95,60.0,,,65.0,75.0,99.0,,0,https://theballgame.com/products/2023-24-panini-donruss-optic-basketball-mega-box-hyper-pink-prizms,2026-08-21T19:27:57+00:00,1.0
PANINI_2023-24_OPTIC_MEGA,ACTIVE,True,retail,awesome,trusted,2023-24 Panini Donruss Optic Basketball Mega Box (Hyper Pink Prizms),,70.0,,,0,85.2,63.95,60.0,,,65.0,75.0,99.0,,0,https://theawesomecardshop.com/products/2023-24-panini-donruss-optic-basketball-mega-box-hyper-pink-prizms,2026-08-21T19:27:57+00:00,1.0
PANINI_2023-24_OPTIC_MEGA,ACTIVE,True,retail,bleecker,watch,2023-24 Panini Donruss Optic Basketball Mega Box (Hyper Pink Prizms),,70.0,,,0,85.2,63.95,60.0,,,65.0,75.0,99.0,,0,https://bleeckertrading.com/products/2023-24-panini-donruss-optic-basketball-mega-box,2026-08-21T19:27:57+00:00,1.0
PANINI_2023-24_OPTIC_MEGA,ACTIVE,True,retail,bleecker,watch,2023-24 Panini Donruss Optic Basketball Mega Box (Purple Shock),,80.0,,,0,95.54,63.95,60.0,,,65.0,75.0,99.0,,0,https://bleeckertrading.com/products/2023-24-panini-donruss-optic-basketball-mega-box-purple-shock,2026-08-21T19:27:57+00:00,1.0
PANINI_2023-24_OPTIC_MEGA,ACTIVE,True,retail,bleecker,watch,2023-24 Panini Donruss Optic Basketball Mega Box (Hyper Green Prizms),,95.0,,,0,111.06,63.95,60.0,,,65.0,75.0,99.0,,0,https://bleeckertrading.com/products/2023-24-panini-donruss-optic-basketball-mega-box-hyper-green-prizms,2026-08-21T19:27:57+00:00,1.0
PANINI_2023-24_OPTIC_MEGA,ACTIVE,True,retail,hiddengems,trusted,2023-24 Donruss Optic Basketball Mega Box Factory Sealed,,100.0,,,0,116.23,63.95,60.0,,,65.0,75.0,99.0,,0,https://www.hiddengemscardshop.com/products/2023-24-donruss-optic-basketball-mega-box-factory-sealed,2026-08-21T19:27:57+00:00,1.0
PANINI_2023-24_SELECT_BLASTER,ACTIVE,True,retail,fancave,watch,2023-24 Panini Select Basketball Blaster Box,,89.99,,,1,105.87,,,,,45.0,55.0,,NO_GO,0,https://fancave.com/products/2023-24-panini-select-basketball-blaster-box,2026-08-21T19:27:57+00:00,1.0
PANINI_2023-24_SELECT_BLASTER,ACTIVE,True,retail,bleecker,watch,2023-24 Select Basketball Blaster Box,,45.0,,,0,59.34,,,,,45.0,55.0,,,0,https://bleeckertrading.com/products/2023-24-select-basketball-sealed-blaster-box,2026-08-21T19:27:57+00:00,1.0
PANINI_2023-24_SELECT_BLASTER,ACTIVE,True,retail,worldchampion,watch,2023-24 Panini Select Basketball 6-Pack Blaster Box,,45.0,,,0,59.34,,,,,45.0,55.0,,,0,https://www.worldchampionsportscards.org/products/2023-24-panini-select-basketball-6-pack-blaster-box,2026-08-21T19:27:57+00:00,1.0
PANINI_2023-24_SELECT_BLASTER,ACTIVE,True,retail,ballgame,watch,2023/24 Panini Select Basketball 6-Pack Blaster Box (Flash Prizms),,48.0,,,0,62.44,,,,,45.0,55.0,,,0,https://theballgame.com/products/2023-24-panini-select-basketball-6-pack-blaster-box-flash-prizms,2026-08-21T19:27:57+00:00,1.0
PANINI_2023-24_SELECT_BLASTER,ACTIVE,True,retail,awesome,trusted,2023-24 Panini Select Basketball Blaster Box (Flash Prizms),,49.75,,,0,64.25,,,,,45.0,55.0,,,0,https://theawesomecardshop.com/products/2023-24-panini-select-basketball-blaster-box-1,2026-08-21T19:27:57+00:00,1.0
PANINI_2023-24_SELECT_BLASTER,ACTIVE,True,retail,columbia,trusted,2023/24 Panini Select Basketball 6-Pack Blaster Box (Flash Prizms),,49.95,,,0,64.46,,,,,45.0,55.0,,,0,https://columbiasportscard.com/products/2023-24-panini-select-basketball-6-pack-blaster-box-flash-prizms-1,2026-08-21T19:27:57+00:00,1.0
PANINI_2023-24_SELECT_BLASTER,ACTIVE,True,retail,rlsports,watch,2023-24 Panini Select Basketball Blaster Box,,54.95,,,0,69.63,,,,,45.0,55.0,,,0,https://rlsportscards.com/products/2023-24-panini-select-basketball-blaster-box,2026-08-21T19:27:57+00:00,1.0
PANINI_2023-24_SELECT_MEGA,ACTIVE,True,retail,rbicru7,trusted,"2023-24 Panini Select Basketball, Mega Box (BLUE & PINK CRACKED ICE)",,110.0,,,1,126.57,75.0,60.0,ebay_sold,2026-08-17,55.0,65.0,134.0,NO_GO,0,https://rbicru7.com/products/2023-24-panini-select-basketball-mega-box-releases-5-17,2026-08-21T19:27:57+00:00,1.0
PANINI_2023-24_SELECT_MEGA,ACTIVE,True,retail,rlsports,watch,2023-24 Panini Select Basketball Mega Box (Blue Ice Prizms),,64.95,,,0,79.97,75.0,60.0,ebay_sold,2026-08-17,55.0,65.0,134.0,,0,https://rlsportscards.com/products/2023-24-panini-select-basketball-mega-box-blue-ice-prizms,2026-08-21T19:27:57+00:00,1.0
PANINI_2023-24_SELECT_MEGA,ACTIVE,True,retail,e5sports,watch,2023-24 Panini Select NBA Mega Box Wembanyama,,65.0,,,0,80.02,75.0,60.0,ebay_sold,2026-08-17,55.0,65.0,134.0,,0,https://e5sports.com/products/2023-24-panini-select-nba-mega-box,2026-08-21T19:27:57+00:00,1.0
PANINI_2023-24_SELECT_MEGA,ACTIVE,True,retail,sportcards,watch,2023/24 Panini Select Basketball Mega Box,,74.95,,,0,90.32,75.0,60.0,ebay_sold,2026-08-17,55.0,65.0,134.0,,0,https://sportcards.com/products/2023-24-panini-select-basketball-mega-box,2026-08-21T19:27:57+00:00,1.0
PANINI_2023-24_SELECT_MEGA,ACTIVE,True,retail,ballgame,watch,2023/24 Panini Select Basketball Mega Box (Blue Cracked Ice!),,75.0,,,0,90.37,75.0,60.0,ebay_sold,2026-08-17,55.0,65.0,134.0,,0,https://theballgame.com/products/2023-24-panini-select-basketball-mega-box-blue-cracked-ice,2026-08-21T19:27:57+00:00,1.0
PANINI_2023-24_SELECT_MEGA,ACTIVE,True,retail,worldchampion,watch,2023-24 Panini Select Basketball Mega Box,,75.0,,,0,90.37,75.0,60.0,ebay_sold,2026-08-17,55.0,65.0,134.0,,0,https://www.worldchampionsportscards.org/products/2023-24-panini-select-basketball-mega-box,2026-08-21T19:27:57+00:00,1.0
PANINI_2023-24_SELECT_MEGA,ACTIVE,True,retail,ballgame,watch,2023/24 Panini Select Basketball Mega Box (Blue/Pink Cracked Ice!),,80.0,,,0,95.54,75.0,60.0,ebay_sold,2026-08-17,55.0,65.0,134.0,,0,https://theballgame.com/products/2023-24-panini-select-basketball-mega-box-blue-pink-cracked-ice,2026-08-21T19:27:57+00:00,1.0
PANINI_2023-24_SELECT_MEGA,ACTIVE,True,retail,bleecker,watch,2023-24 Select Basketball Mega Box,,90.0,,,0,105.88,75.0,60.0,ebay_sold,2026-08-17,55.0,65.0,134.0,,0,https://bleeckertrading.com/products/2023-24-select-basketball-sealed-mega-box,2026-08-21T19:27:57+00:00,1.0
PANINI_2023-24_SELECT_MEGA,ACTIVE,True,retail,bleecker,watch,2023-24 Panini Select BasketballMega Box (Red/ Purple Cracked Ice),,100.0,,,0,116.23,75.0,60.0,ebay_sold,2026-08-17,55.0,65.0,134.0,,0,https://bleeckertrading.com/products/2023-24-panini-select-mega-box-red-purple-cracked-ice,2026-08-21T19:27:57+00:00,1.0
PANINI_2023-24_SELECT_MEGA,ACTIVE,True,retail,awesome,trusted,2023-24 Panini Select Basketball Mega Box (Green Shock Prizms ),,109.75,,,0,126.31,75.0,60.0,ebay_sold,2026-08-17,55.0,65.0,134.0,,0,https://theawesomecardshop.com/products/2023-24-panini-select-basketball-mega-box-green-shock-prizm,2026-08-21T19:27:57+00:00,1.0
PANINI_2023-24_MOSAIC_BLASTER,ACTIVE,True,retail,rbicru7,trusted,"2023-24 Panini Mosaic Basketball Blaster, Box",,50.0,,,1,64.51,,,,,40.0,50.0,,WATCH,0,https://rbicru7.com/products/2023-24-panini-mosaic-basketball-blaster-box,2026-08-21T19:27:57+00:00,1.0
PANINI_2023-24_MOSAIC_BLASTER,ACTIVE,True,retail,superior,watch,2023-24 Panini Mosaic Basketball 6-Pack Blaster Box,,105.0,,,1,121.4,,,,,40.0,50.0,,,0,https://superiorsportsinvestments.com/products/2023-24-panini-mosaic-basketball-6-pack-blaster-box,2026-08-21T19:27:57+00:00,1.0
PANINI_2023-24_MOSAIC_BLASTER,ACTIVE,True,retail,hiddengems,trusted,2023-24 Panini NBA Mosaic Blaster Box,,19.99,,,0,33.47,,,,,40.0,50.0,,,0,https://www.hiddengemscardshop.com/products/2023-24-panini-nba-mosaic-blaster-box,2026-08-21T19:27:57+00:00,1.0
PANINI_2023-24_MOSAIC_BLASTER,ACTIVE,True,retail,awesome,trusted,2023-24 Panini Mosaic Basketball Blaster Box,,34.0,,,0,47.96,,,,,40.0,50.0,,,0,https://theawesomecardshop.com/products/2023-24-panini-mosaic-basketball-blaster-box,2026-08-21T19:27:57+00:00,1.0
PANINI_2023-24_MOSAIC_BLASTER,ACTIVE,True,retail,rlsports,watch,2023-24 Panini Mosaic Basketball Blaster Box,,34.99,,,0,48.98,,,,,40.0,50.0,,,0,https://rlsportscards.com/products/2023-24-panini-mosaic-basketball-blaster-box,2026-08-21T19:27:57+00:00,1.0
PANINI_2023-24_MOSAIC_BLASTER,ACTIVE,True,retail,columbia,trusted,2023/24 Panini Mosaic Basketball 6-Pack Blaster Box,,39.95,,,0,54.11,,,,,40.0,50.0,,,0,https://columbiasportscard.com/products/2023-24-panini-mosaic-basketball-6-pack-blaster-box,2026-08-21T19:27:57+00:00,1.0
PANINI_2023-24_MOSAIC_BLASTER,ACTIVE,True,retail,monmouth,watch,2023-24 Panini Mosaic Basketball Blaster Box,,39.99,,,0,54.15,,,,,40.0,50.0,,,0,https://monmouthcards.com/products/2024-panini-mosaic-basketball-blaster,2026-08-21T19:27:57+00:00,1.0
PANINI_2023-24_MOSAIC_BLASTER,ACTIVE,True,retail,e5sports,watch,2023-24 Panini Mosaic NBA Blaster Box WEMBY,,40.0,,,0,54.16,,,,,40.0,50.0,,,0,https://e5sports.com/products/2023-24-panini-mosaic-nba-blaster-box-wemby,2026-08-21T19:27:57+00:00,1.0
PANINI_2023-24_MOSAIC_BLASTER,ACTIVE,True,retail,ehcards,trusted,2023/24 Panini Mosaic Basketball 6-pack Blaster Box,,49.99,,,0,64.5,,,,,40.0,50.0,,,0,https://ehcards.com/products/2023-24-panini-nba-mosaic-basketball-6-pack-blaster-box,2026-08-21T19:27:57+00:00,1.0
PANINI_2023-24_MOSAIC_MEGA,ACTIVE,True,retail,rbicru7,trusted,"2023-24 Panini Mosaic Basketball Mega, Box (Reactive Blue & Pink Fluorescent Mosaics)",,100.0,,,1,116.23,,,,,70.0,80.0,,NO_GO,0,https://rbicru7.com/products/2023-24-panini-mosaic-basketball-mega-box,2026-08-21T19:27:57+00:00,1.0
PANINI_2023-24_MOSAIC_MEGA,ACTIVE,True,retail,rlsports,watch,2023-24 Panini Mosaic Basketball Mega Box,,65.99,,,0,81.05,,,,,70.0,80.0,,,0,https://rlsportscards.com/products/2023-24-panini-mosaic-basketball-mega-box,2026-08-21T19:27:57+00:00,1.0
PANINI_2023-24_MOSAIC_MEGA,ACTIVE,True,retail,bleecker,watch,2023-24 Mosaic Basketball NBA Mega Box,,80.0,,,0,95.54,,,,,70.0,80.0,,,0,https://bleeckertrading.com/products/2023-24-mosaic-basketball-nba-sealed-mega-box,2026-08-21T19:27:57+00:00,1.0
PANINI_2023-24_MOSAIC_MEGA,ACTIVE,True,retail,sportcards,watch,2023/24 Panini Mosaic Basketball Mega Box,,94.95,,,0,111.0,,,,,70.0,80.0,,,0,https://sportcards.com/products/2023-24-panini-mosaic-basketball-mega-box,2026-08-21T19:27:57+00:00,1.0
PANINI_2023-24_PRIZM_HANGER,ACTIVE,True,retail,collectorstore,trusted,2023-24 Panini Prizm Basketball Hanger Box (Orange Ice Prizm),,99.99,,,1,116.22,,,,,25.0,40.0,,NO_GO,0,https://collectorstore.com/products/2023-24-panini-prizm-basketball-hanger-box-orange-ice-prizm,2026-08-21T19:27:57+00:00,1.0
PANINI_2023-24_PRIZM_HANGER,ACTIVE,True,retail,superior,watch,2023-24 Panini Prizm Basketball Hanger Box,,110.0,,,1,126.57,,,,,25.0,40.0,,,0,https://superiorsportsinvestments.com/products/2023-24-panini-prizm-basketball-hanger-box,2026-08-21T19:27:57+00:00,1.0
PANINI_2023-24_PRIZM_HANGER,ACTIVE,True,retail,bleecker,watch,2023-24 Panini Prizm Basketball Hanger Box (Ice Prizm),,50.0,,,0,64.51,,,,,25.0,40.0,,,0,https://bleeckertrading.com/products/2023-24-panini-prizm-basketball-sealed-hanger-box-ice-prizm,2026-08-21T19:27:57+00:00,1.0
PANINI_2023-24_PHOENIX_MEGA,ACTIVE,True,retail,boxseat,watch,2023-24 Panini Phoenix Basketball Trading Cards Mega Box,,79.99,,,1,95.53,29.99,,,,25.0,35.0,,NO_GO,0,https://boxseatcollectibles.com/products/2023-24-panini-phoenix-basketball-trading-cards-mega-box,2026-08-21T19:27:57+00:00,1.0
PANINI_2023-24_PHOENIX_MEGA,ACTIVE,True,retail,hiddengems,trusted,2023-24 Panini Phoenix Basketball Mega Box,,29.99,,,0,43.81,29.99,,,,25.0,35.0,,,0,https://www.hiddengemscardshop.com/products/2023-24-panini-phoenix-mega-box,2026-08-21T19:27:57+00:00,1.0
PANINI_2023-24_PHOENIX_MEGA,ACTIVE,True,retail,awesome,trusted,2023/24 Panini Phoenix Basketball Mega Box,,49.75,,,0,64.25,29.99,,,,25.0,35.0,,,0,https://theawesomecardshop.com/products/2023-24-panini-phoenix-basketball-mega-box,2026-08-21T19:27:57+00:00,1.0
PANINI_2023-24_PHOENIX_MEGA,ACTIVE,True,retail,monmouth,watch,2023-24 Panini Phoenix Basketball Mega Box,,59.99,,,0,74.84,29.99,,,,25.0,35.0,,,0,https://monmouthcards.com/products/2023-24-panini-phoenix-basketball-mega-box,2026-08-21T19:27:57+00:00,1.0
PANINI_2023-24_PHOENIX_MEGA,ACTIVE,True,retail,sportscardjunction,watch,2023-24 Panini Phoenix Basketball Mega Box,,60.0,,,0,74.85,29.99,,,,25.0,35.0,,,0,https://sportscardjunction.com/products/2023-24-panini-phoenix-basketball-mega-box,2026-08-21T19:27:57+00:00,1.0
PANINI_2023-24_PHOENIX_MEGA,ACTIVE,True,retail,bleecker,watch,2023-24 Panini Phoenix Basketball Mega Box,,65.0,,,0,80.02,29.99,,,,25.0,35.0,,,0,https://bleeckertrading.com/products/2023-24-phoenix-basketball-mega-box,2026-08-21T19:27:57+00:00,1.0
PANINI_2023-24_OPTIC_HOBBY_BLASTER,ACTIVE,True,retail,sportscardjunction,watch,2023-24 Panini Donruss Optic Basketball Hobby Blaster Box,,40.0,,,0,54.16,54.99,,,,40,50,,,0,https://sportscardjunction.com/products/2023-24-panini-donruss-optic-basketball-hobby-blaster-box,2026-08-21T19:27:57+00:00,1.0
PANINI_2023-24_OPTIC_HOBBY_BLASTER,ACTIVE,True,retail,awesome,trusted,2023-24 Panini Donruss Optic Basketball Hobby Blaster Box (Green Shock),,49.0,,,0,63.47,54.99,,,,40,50,,,0,https://theawesomecardshop.com/products/2023-24-panini-donruss-optic-basketball-hobby-blaster-box-green-shock,2026-08-21T19:27:57+00:00,1.0
PANINI_2023-24_OPTIC_HOBBY_BLASTER,ACTIVE,True,retail,rlsports,watch,2023-24 Panini Donruss Optic Basketball Hobby Blaster Box,,54.95,,,0,69.63,54.99,,,,40,50,,,0,https://rlsportscards.com/products/2023-24-panini-donruss-optic-basketball-hobby-blaster-box,2026-08-21T19:27:57+00:00,1.0
PANINI_2023-24_OPTIC_HOBBY_BLASTER,ACTIVE,True,retail,ehcards,trusted,2023/24 Panini Donruss Optic Basketball 6-Pack Hobby Blaster Box,,54.99,,,0,69.67,54.99,,,,40,50,,,0,https://ehcards.com/products/2023-24-donruss-optic-basketball-6-pack-hobby-blaster-box,2026-08-21T19:27:57+00:00,1.0
PANINI_2023-24_OPTIC_HOBBY_BLASTER,ACTIVE,True,retail,ballgame,watch,2023-24 Panini Donruss Optic NBA Trading Card Box (Hobby Blaster),,55.0,,,0,69.68,54.99,,,,40,50,,,0,https://theballgame.com/products/2023-24-panini-donruss-optic-nba-trading-card-box-hobby-blaster,2026-08-21T19:27:57+00:00,1.0
PANINI_2023-24_OPTIC_HOBBY_BLASTER,ACTIVE,True,retail,columbia,trusted,2023/24 Panini Donruss Optic Basketball 6-Pack Hobby Blaster Box,,59.95,,,0,74.8,54.99,,,,40,50,,,0,https://columbiasportscard.com/products/2023-24-panini-donruss-optic-basketball-6-pack-hobby-blaster-box,2026-08-21T19:27:57+00:00,1.0
PANINI_2023-24_OPTIC_HANGER,ACTIVE,True,retail,superior,watch,2023-24 Panini Donruss Optic Basketball Hanger Box (Velocity Parallels),,75.0,,,1,90.37,75.0,,,,25,40,,NO_GO,0,https://superiorsportsinvestments.com/products/2023-24-panini-donruss-optic-basketball-hanger-box-velocity-parallels,2026-08-21T19:27:57+00:00,1.0
PANINI_2023-24_SELECT_HANGER,ACTIVE,True,retail,rbicru7,trusted,"2023-24 Panini Select Basketball, Hanger Box",,55.0,,,1,69.68,55.0,,,,25,40,,NO_GO,0,https://rbicru7.com/products/2023-24-panini-select-basketball-hanger-box,2026-08-21T19:27:57+00:00,1.0
PANINI_2023-24_SELECT_HANGER,ACTIVE,True,retail,ehcards,trusted,2023/24 Panini Select NBA Basketball Hanger Box - 20 Cards,,29.99,,,0,43.81,55.0,,,,25,40,,,0,https://ehcards.com/products/2023-24-panini-select-nba-basketball-hanger-box-20-cards,2026-08-21T19:27:57+00:00,1.0
PANINI_2023-24_SELECT_HANGER,ACTIVE,True,retail,hiddengems,trusted,2023-24 Panini Select Basketball Hanger Box,,29.99,,,0,43.81,55.0,,,,25,40,,,0,https://www.hiddengemscardshop.com/products/2023-24-panini-select-basketball-hanger-box,2026-08-21T19:27:57+00:00,1.0
PANINI_2023-24_SELECT_HANGER,ACTIVE,True,retail,bleecker,watch,2023-24 Select Basketball Hanger Box,,40.0,,,0,54.16,55.0,,,,25,40,,,0,https://bleeckertrading.com/products/2023-24-select-basketball-sealed-hanger-box,2026-08-21T19:27:57+00:00,1.0
PANINI_2023-24_SELECT_HANGER,ACTIVE,True,retail,hiddengems,trusted,2023-24 Panini NBA Select Basketball Hanger Box,,45.0,,,0,59.34,55.0,,,,25,40,,,0,https://www.hiddengemscardshop.com/products/2023-24-panini-nba-select-basketball-hanger-box,2026-08-21T19:27:57+00:00,1.0
PANINI_2023-24_SELECT_HOBBY_MEGA,ACTIVE,True,retail,sportscardjunction,watch,2023-24 Panini Select Basketball Hobby Mega Box,,80.0,,,0,95.54,80.0,,,,60,75,,,0,https://sportscardjunction.com/products/2023-24-panini-select-basketball-hobby-mega-box,2026-08-21T19:27:57+00:00,1.0
PANINI_2023-24_SELECT_HOBBY_MEGA,ACTIVE,True,retail,rlsports,watch,2023-24 Panini Select Basketball Hobby Mega Box,,94.95,,,0,111.0,80.0,,,,60,75,,,0,https://rlsportscards.com/products/2023-24-panini-select-basketball-mega-box,2026-08-21T19:27:57+00:00,1.0
PANINI_2023-24_SELECT_HOBBY_MEGA,ACTIVE,True,retail,bleecker,watch,2023-24 Select Basketball Hobby Mega Box,,95.0,,,0,111.06,80.0,,,,60,75,,,0,https://bleeckertrading.com/products/2023-24-select-basketball-sealed-mega-box-1,2026-08-21T19:27:57+00:00,1.0
PANINI_2023-24_PRIZM_MEGA,ACTIVE,True,retail,worldchampion,watch,2023-24 Panini Prizm Basketball Mega Box (Pink Ice Prizms!),,100.0,,,0,116.23,134.0,,,,90,110,,,0,https://www.worldchampionsportscards.org/products/2023-24-panini-prizm-basketball-mega-box-pink-ice-prizms,2026-08-21T19:27:57+00:00,1.0
PANINI_2023-24_PRIZM_MEGA,ACTIVE,True,retail,e5sports,watch,2023-24 Panini Prizm NBA Mega Box,,125.0,,,0,142.09,134.0,,,,90,110,,,0,https://e5sports.com/products/2023-24-panini-prizm-nba-mega-box,2026-08-21T19:27:57+00:00,1.0
PANINI_2023-24_PRIZM_MEGA,ACTIVE,True,retail,awesome,trusted,2023/24 Panini Prizm Basketball 6-Pack Mega Box (Red Ice Prizms),,130.0,,,0,147.26,134.0,,,,90,110,,,0,https://theawesomecardshop.com/products/2023-24-panini-prizm-basketball-6-pack-mega-box-red-ice-prizms,2026-08-21T19:27:57+00:00,1.0
PANINI_2023-24_PRIZM_MEGA,ACTIVE,True,retail,awesome,trusted,2023/24 Panini Prizm Basketball Mega Box (Pink Ice Prizms!),,134.0,,,0,151.4,134.0,,,,90,110,,,0,https://theawesomecardshop.com/products/2023-24-panini-prizm-basketball-mega-box-pink-ice-prizms,2026-08-21T19:27:57+00:00,1.0
PANINI_2023-24_CONTENDERS_BLASTER,ACTIVE,True,retail,collectorstore,trusted,2023-24 Panini Contenders Basketball Blaster Box,,49.99,,,1,64.5,39.99,,,,30,40,,NO_GO,0,https://collectorstore.com/products/2023-24-panini-contenders-basketball-blaster-box,2026-08-21T19:27:57+00:00,1.0
PANINI_2023-24_CONTENDERS_BLASTER,ACTIVE,True,retail,hiddengems,trusted,2023-24 Panini  Contenders Basketball Blaster box,,30.0,,,0,43.82,39.99,,,,30,40,,,0,https://www.hiddengemscardshop.com/products/2023-24-panini-contenders-basketball-blaster-box,2026-08-21T19:27:57+00:00,1.0
PANINI_2023-24_CONTENDERS_BLASTER,ACTIVE,True,retail,awesome,trusted,2023/24 Panini Contenders Basketball 5-Pack Blaster Box,,33.0,,,0,46.92,39.99,,,,30,40,,,0,https://theawesomecardshop.com/products/2023-24-panini-contenders-basketball-5-pack-blaster-box,2026-08-21T19:27:57+00:00,1.0
PANINI_2023-24_CONTENDERS_BLASTER,ACTIVE,True,retail,ehcards,trusted,2023/24 Panini Contenders Basketball Blaster Box,,39.99,,,0,54.15,39.99,,,,30,40,,,0,https://ehcards.com/products/2023-24-panini-contenders-basketball-blaster-box,2026-08-21T19:27:57+00:00,1.0
PANINI_2023-24_CONTENDERS_BLASTER,ACTIVE,True,retail,bleecker,watch,2023-24 Contenders Basketball Blaster Box,,40.0,,,0,54.16,39.99,,,,30,40,,,0,https://bleeckertrading.com/products/2023-24-contenders-basketball-5-pack-sealed-blaster-box,2026-08-21T19:27:57+00:00,1.0
PANINI_2023-24_PRIZM_RETAIL_BOX,ACTIVE,True,retail,awesome,trusted,2023/24 Panini Prizm Basketball 24-Pack Retail Box,,149.94,,,0,167.89,149.94,,,,110,140,,,0,https://theawesomecardshop.com/products/2023-24-panini-prizm-basketball-24-pack-retail-box,2026-08-21T19:27:57+00:00,1.0
PANINI_2023-24_PRIZM_RETAIL_BOX,ACTIVE,True,retail,columbia,trusted,2023-24 Panini Prizm Basketball 24-Pack Retail Box,,154.95,,,0,173.07,149.94,,,,110,140,,,0,https://columbiasportscard.com/products/2023-24-panini-prizm-basketball-24-pack-retail-box,2026-08-21T19:27:57+00:00,1.0
PANINI_2023-24_PRIZM_RETAIL_BOX,ACTIVE,True,retail,monmouth,watch,2023-24 Panini Prizm Basketball Retail Box,,179.99,,,0,198.97,149.94,,,,110,140,,,0,https://monmouthcards.com/products/2023-24-panini-prizm-basketball-retail-box,2026-08-21T19:27:57+00:00,1.0
PANINI_2023-24_PRIZM_RETAIL_BOX,ACTIVE,True,retail,bleecker,watch,2023-24 Panini Prizm Basketball Retail Box,,240.0,,,0,261.04,149.94,,,,110,140,,,0,https://bleeckertrading.com/products/2023-24-panini-prizm-basketball-sealed-retail-box,2026-08-21T19:27:57+00:00,1.0
PANINI_2023-24_HOOPS_BLASTER,ACTIVE,True,retail,superior,watch,2023-24 Panini NBA Hoops Basketball 6-Pack Blaster Box,,60.0,,,1,74.85,60.0,,,,25.0,35.0,,NO_GO,0,https://superiorsportsinvestments.com/products/2023-24-panini-nba-hoops-basketball-6-pack-blaster-box,2026-08-21T19:27:57+00:00,1.0
PANINI_2023-24_HOOPS_BLASTER,ACTIVE,True,retail,superior,watch,2023-24 Panini NBA Hoops Holiday Basketball 6-Pack Blaster Box,,80.0,,,1,95.54,60.0,,,,25.0,35.0,,,0,https://superiorsportsinvestments.com/products/2023-24-panini-nba-hoops-holiday-basketball-6-pack-blaster-box,2026-08-21T19:27:57+00:00,1.0
PANINI_2023-24_HOOPS_BLASTER,ACTIVE,True,retail,e5sports,watch,2023-24 Panini NBA Hoops Basketball Blaster Box,,25.0,,,0,38.65,60.0,,,,25.0,35.0,,,0,https://e5sports.com/products/2023-24-panini-nba-hoops-basketball-blaster-box,2026-08-21T19:27:57+00:00,1.0
PANINI_2023-24_HOOPS_BLASTER,ACTIVE,True,retail,sportscardjunction,watch,2023-24 Panini Hoops Basketball Blaster Box,,25.0,,,0,38.65,60.0,,,,25.0,35.0,,,0,https://sportscardjunction.com/products/2023-24-panini-hoops-basketball-blaster-box,2026-08-21T19:27:57+00:00,1.0
PANINI_2023-24_HOOPS_BLASTER,ACTIVE,True,retail,awesome,trusted,2023/24 Panini NBA Hoops Basketball 6-Pack Blaster Box,,33.75,,,0,47.7,60.0,,,,25.0,35.0,,,0,https://theawesomecardshop.com/products/2023-24-panini-nba-hoops-basketball-6-pack-blaster-box,2026-08-21T19:27:57+00:00,1.0
PANINI_2023-24_HOOPS_BLASTER,ACTIVE,True,retail,bleecker,watch,2023-2024 Panini NBA Hoops Basketball Blaster Box,,40.0,,,0,54.16,60.0,,,,25.0,35.0,,,0,https://bleeckertrading.com/products/2023-2024-panini-hoops-basketball-blaster-box,2026-08-21T19:27:57+00:00,1.0
PANINI_2023-24_MOSAIC_MEGA_TARGET,ACTIVE,True,retail,rbicru7,trusted,"2023-24 Panini Mosaic Basketball Target Mega, Box (Reactive Yellow & Green Fluorescent)",,100.0,,,1,116.23,,,,,70,80,,NO_GO,0,https://rbicru7.com/products/2023-24-panini-mosaic-basketball-target-mega-box-reactive-yellow-green-fluorescent,2026-08-21T19:27:57+00:00,1.0
PANINI_2023-24_OPTIC_HOBBY_MEGA,WATCH,True,retail,superior,watch,2023-24 Panini Donruss Optic Basketball Mega Hobby Box (Hyper Green Prizms),,250.0,,,1,271.39,250.0,,,,,,,SUIVI,0,https://superiorsportsinvestments.com/products/2023-24-panini-donruss-optic-basketball-mega-hobby-box-hyper-green-prizms,2026-08-21T19:27:57+00:00,1.0
PANINI_2023-24_OPTIC_HOBBY_MEGA,WATCH,True,retail,ballgame,watch,2023-24 Panini Donruss Optic Basketball Hobby Mega Box,,75.0,,,0,90.37,250.0,,,,,,,,0,https://theballgame.com/products/2023-24-panini-donruss-optic-basketball-hobby-mega-box,2026-08-21T19:27:57+00:00,1.0
PANINI_2023-24_OPTIC_HOBBY_MEGA,WATCH,True,retail,awesome,trusted,2023-24 Panini Donruss Optic Basketball Hobby Mega Box (Hyper Green),,80.0,,,0,95.54,250.0,,,,,,,,0,https://theawesomecardshop.com/products/2023-24-panini-donruss-optic-basketball-hobby-mega-box-green-shock,2026-08-21T19:27:57+00:00,1.0
PANINI_2023-24_OPTIC_HOBBY_MEGA,WATCH,True,retail,sportscardjunction,watch,2023-24 Panini Donruss Optic Basketball Hobby Mega Box,,80.0,,,0,95.54,250.0,,,,,,,,0,https://sportscardjunction.com/products/2023-24-panini-donruss-optic-basketball-hobby-mega-box,2026-08-21T19:27:57+00:00,1.0
PANINI_2023-24_OPTIC_HOBBY_MEGA,WATCH,True,retail,columbia,trusted,2023/24 Panini Donruss Optic Basketball Hobby Mega Box (Hyper Green Prizms),,89.95,,,0,105.83,250.0,,,,,,,,0,https://columbiasportscard.com/products/2023-24-panini-donruss-optic-basketball-hobby-mega-box-hyper-green-prizms,2026-08-21T19:27:57+00:00,1.0
PANINI_2023-24_REVOLUTION_CNY,WATCH,True,retail,sportscardjunction,watch,2023-24 Panini Revolution Basketball Chinese New Year Box,,95.0,,,0,111.06,109.75,,,,,,,,0,https://sportscardjunction.com/products/2023-24-panini-revolution-basketball-chinese-new-year-box,2026-08-21T19:27:57+00:00,1.0
PANINI_2023-24_REVOLUTION_CNY,WATCH,True,retail,worldchampion,watch,2023-24 Panini Revolution Chinese New Year Basketball Box,,100.0,,,0,116.23,109.75,,,,,,,,0,https://www.worldchampionsportscards.org/products/2023-24-panini-revolution-chinese-new-year-basketball-box,2026-08-21T19:27:57+00:00,1.0
PANINI_2023-24_REVOLUTION_CNY,WATCH,True,retail,awesome,trusted,2023/24 Panini Revolution Chinese New Year Basketball Box,,109.75,,,0,126.31,109.75,,,,,,,,0,https://theawesomecardshop.com/products/2023-24-panini-revolution-chinese-new-year-basketball-box,2026-08-21T19:27:57+00:00,1.0
PANINI_2023-24_REVOLUTION_CNY,WATCH,True,retail,columbia,trusted,2023-24 Panini Revolution Chinese New Year Basketball Box,,109.99,,,0,126.56,109.75,,,,,,,,0,https://columbiasportscard.com/products/2023-24-panini-revolution-chinese-new-year-basketball-box,2026-08-21T19:27:57+00:00,1.0
PANINI_2023-24_REVOLUTION_CNY,WATCH,True,retail,ballgame,watch,2023/24 Panini Revolution Chinese New Year Basketball Box,,115.0,,,0,131.74,109.75,,,,,,,,0,https://theballgame.com/products/2023-24-panini-revolution-chinese-new-year-basketball-box,2026-08-21T19:27:57+00:00,1.0
PANINI_2023-24_REVOLUTION_CNY,WATCH,True,retail,worldchampion,watch,2023/24 Panini Revolution Chinese New Year Basketball Box,,120.0,,,0,136.92,109.75,,,,,,,,0,https://www.worldchampionsportscards.org/products/2023-24-panini-revolution-chinese-new-year-basketball-box-1,2026-08-21T19:27:57+00:00,1.0
PANINI_2023-24_REVOLUTION_CNY,WATCH,True,retail,bleecker,watch,2023-24 Panini Revolution Chinese New Year Basketball Box,,140.0,,,0,157.6,109.75,,,,,,,,0,https://bleeckertrading.com/products/2023-24-panini-revolution-chinese-new-year-basketball-box,2026-08-21T19:27:57+00:00,1.0
PANINI_2023-24_SELECT_MEGA_CASE,ACTIVE,True,retail,ballgame,watch,SEALED CASE -  2023-24 Panini Select Basketball Hobby Exclusive MEGA BOX (GREEN SHOCK) Rare,,1300.0,20,65.0,0,80.02,1400.0,,,,1120,1300,,,0,https://theballgame.com/products/sealed-case-2023-24-panini-select-basketball-hobby-exclusive-mega-box-green-shock-rare-2,2026-08-21T19:27:57+00:00,1.0
PANINI_2023-24_SELECT_MEGA_CASE,ACTIVE,True,retail,awesome,trusted,2023-24 Panini Select Basketball Mega 20-Box Case (Green Shock Prizm),,1400.0,20,70.0,0,85.2,1400.0,,,,1120,1300,,,0,https://theawesomecardshop.com/products/2023-24-panini-select-basketball-mega-20-box-case-green-shock-prizm,2026-08-21T19:27:57+00:00,1.0
PANINI_2023-24_OPTIC_MEGA_CASE,CANDIDATE,True,retail,ballgame,watch,Sealed Case 2023-24 Panini Donruss Optic Basketball Hobby Mega Box (20 Boxes),,1400.0,,,0,1460.95,,,,,,,,,0,https://theballgame.com/products/sealed-case-2023-24-panini-donruss-optic-basketball-hobby-mega-box-20-boxes-1,2026-08-21T19:27:57+00:00,1.0
PANINI_2023-24_OPTIC_MEGA_CASE,CANDIDATE,True,retail,rbicru7,trusted,"2023-24 Donruss Optic Basketball, 20 Mega Box Case (Hyper Parallels)",,2197.0,,,0,2285.36,,,,,,,,,0,https://rbicru7.com/products/2023-24-donruss-optic-basketball-retail-20-mega-box-case,2026-08-21T19:27:57+00:00,1.0
PANINI_2023-24_PRIZM_EUROLEAGUE_BLASTER,ACTIVE,euroleague,retail,cardiacs,trusted,2023-24 Panini Prizm Euroleague Basketball Blaster Box,,9.95,,,1,23.08,25.0,,,,20.0,25.0,,PRICE ANOMALY — NO SOLD DATA,0,https://www.thecardiacs.com/products/2023-24-panini-prizm-euroleague-basketball-blaster-box,2026-08-21T19:27:57+00:00,1.0
PANINI_2023-24_PRIZM_EUROLEAGUE_BLASTER,ACTIVE,euroleague,retail,awesome,trusted,2023-24 Panini Prizm Turkish Airlines EuroLeague Basketball Blaster Box,,14.75,,,1,28.05,25.0,,,,20.0,25.0,,,0,https://theawesomecardshop.com/products/2023-24-panini-prizm-turkish-airlines-euroleague-basketball-blaster-box,2026-08-21T19:27:57+00:00,1.0
PANINI_2023-24_PRIZM_EUROLEAGUE_BLASTER,ACTIVE,euroleague,retail,rbicru7,trusted,"2023-24 Panini Prizm Turkish Airlines Euroleague Basketball, Blaster Box",,15.0,,,1,28.3,25.0,,,,20.0,25.0,,,0,https://rbicru7.com/products/2023-24-panini-prizm-turkish-airlines-euroleague-basketball-blaster-box,2026-08-21T19:27:57+00:00,1.0
PANINI_2023-24_PRIZM_EUROLEAGUE_BLASTER,ACTIVE,euroleague,retail,cbhobby,watch,2023-24 Panini Prizm Euroleague Basketball Blaster Box Box,Box,20.0,,,1,33.48,25.0,,,,20.0,25.0,,,0,https://cbhobby.com/products/2023-24-panini-prizm-euroleague-basketball-blaster,2026-08-21T19:27:57+00:00,1.0
PANINI_2023-24_PRIZM_EUROLEAGUE_BLASTER,ACTIVE,euroleague,retail,superior,watch,2023-24 Panini Prizm Turkish Airlines EuroLeague Basketball Blaster Box,,45.0,,,1,59.34,25.0,,,,20.0,25.0,,,0,https://superiorsportsinvestments.com/products/2023-24-panini-prizm-turkish-airlines-euroleague-basketball-blaster-box,2026-08-21T19:27:57+00:00,1.0
PANINI_2023-24_PRIZM_EUROLEAGUE_BLASTER,ACTIVE,euroleague,retail,sportscardjunction,watch,2023-24 Panini Prizm Euroleague Basketball Blaster Box,,15.0,,,0,28.3,25.0,,,,20.0,25.0,,,0,https://sportscardjunction.com/products/2023-24-panini-prizm-euroleague-basketball-blaster-box,2026-08-21T19:27:57+00:00,1.0
PANINI_2023-24_PRIZM_EUROLEAGUE_BLASTER,ACTIVE,euroleague,retail,worldchampion,watch,2023/24 Panini Prizm Turkish Airlines EuroLeague Basketball 6-Pack Blaster Box,,25.0,,,0,38.65,25.0,,,,20.0,25.0,,,0,https://www.worldchampionsportscards.org/products/2023-24-panini-prizm-turkish-airlines-euroleague-basketball-6-pack-blaster-box,2026-08-21T19:27:57+00:00,1.0
PANINI_2024-25_PRIZM_BLASTER,WATCH,True,retail,ehcards,trusted,2024/25 Panini Prizm NBA Basketball 6-Pack Blaster Box,,29.99,,,1,43.81,15.0,,,,,,,SUIVI,0,https://ehcards.com/products/2024-25-panini-prizm-nba-basketball-6-pack-blaster-box,2026-08-21T19:27:57+00:00,1.0
PANINI_2024-25_PRIZM_BLASTER,WATCH,True,retail,sportscardjunction,watch,2024-25 Panini Prizm UCONN Basketball Blaster Box,,10.0,,,0,23.13,15.0,,,,,,,,0,https://sportscardjunction.com/products/2024-25-panini-prizm-uconn-basketball-blaster-box,2026-08-21T19:27:57+00:00,1.0
PANINI_2024-25_PRIZM_BLASTER,WATCH,True,retail,cardiacs,trusted,2024-25 Panini Prizm Basketball Retail Blaster,,19.95,,,0,33.42,15.0,,,,,,,,0,https://www.thecardiacs.com/products/2024-25-panini-prizm-basketball-retail-blaster,2026-08-21T19:27:57+00:00,1.0
PANINI_2024-25_PRIZM_BLASTER,WATCH,True,retail,awesome,trusted,2024-25 Panini Prizm Basketball 6-Pack Blaster Box (Ice Prizms!),,23.75,,,0,37.35,15.0,,,,,,,,0,https://theawesomecardshop.com/products/2024-25-panini-prizm-basketball-6-pack-blaster-box,2026-08-21T19:27:57+00:00,1.0
PANINI_2024-25_PRIZM_BLASTER,WATCH,True,retail,bleecker,watch,2024-25 Panini Prizm Basketball Blaster Box (Ice Prizm),,30.0,,,0,43.82,15.0,,,,,,,,0,https://bleeckertrading.com/products/2024-25-panini-prizm-basketball-blaster-box,2026-08-21T19:27:57+00:00,1.0
PANINI_2024-25_PRIZM_BLASTER,WATCH,True,retail,bleecker,watch,2024-25 Panini Prizm Basketball Blaster Box (Green Wave),,35.0,,,0,48.99,15.0,,,,,,,,0,https://bleeckertrading.com/products/2024-24-panini-prizm-basketball-hobby-blaster,2026-08-21T19:27:57+00:00,1.0
PANINI_2024-25_PRIZM_BLASTER,WATCH,True,retail,boxseat,watch,2024-25 Prizm Basketball BLASTER BOX,,39.99,,,0,54.15,15.0,,,,,,,,0,https://boxseatcollectibles.com/products/2024-25-panini-prizm-basketball-trading-cards-blaster-box,2026-08-21T19:27:57+00:00,1.0
PANINI_2024-25_PRIZM_MEGA,WATCH,True,retail,superior,watch,2024-25 Panini Prizm Basketball Mega Box (Pink Ice Prizm),,88.0,,,1,103.81,59.99,,,,,,,SUIVI,0,https://superiorsportsinvestments.com/products/2024-25-panini-prizm-basketball-mega-box-pink-ice-prizm,2026-08-21T19:27:57+00:00,1.0
PANINI_2024-25_PRIZM_MEGA,WATCH,True,retail,cardiacs,trusted,2024-25 Panini Prizm Basketball Mega Box,,39.95,,,0,54.11,59.99,,,,,,,,0,https://www.thecardiacs.com/products/2024-25-panini-prizm-basketball-mega-box,2026-08-21T19:27:57+00:00,1.0
PANINI_2024-25_PRIZM_MEGA,WATCH,True,retail,columbia,trusted,2024/25 Panini Prizm Basketball Mega Box (Pink Ice Prizms!),,39.99,,,0,54.15,59.99,,,,,,,,0,https://columbiasportscard.com/products/2024-25-panini-prizm-basketball-mega-box-pink-ice-prizms,2026-08-21T19:27:57+00:00,1.0
PANINI_2024-25_PRIZM_MEGA,WATCH,True,retail,hiddengems,trusted,2024-25 Panini Prizm NBA Mega Box - SEALED,,40.0,,,0,54.16,59.99,,,,,,,,0,https://www.hiddengemscardshop.com/products/2024-25-panini-prizm-nba-mega-box-sealed,2026-08-21T19:27:57+00:00,1.0
PANINI_2024-25_PRIZM_MEGA,WATCH,True,retail,awesome,trusted,2024-25 Panini Prizm Basketball Mega Box (Red Ice Prizms!),,49.75,,,0,64.25,59.99,,,,,,,,0,https://theawesomecardshop.com/products/2024-25-panini-prizm-basketball-mega-box-red-ice-prizms,2026-08-21T19:27:57+00:00,1.0
PANINI_2024-25_PRIZM_MEGA,WATCH,True,retail,bleecker,watch,2024-25 Panini Prizm Basketball Mega Box (Green Ice),,80.0,,,0,95.54,59.99,,,,,,,,0,https://bleeckertrading.com/products/2024-25-panini-prizm-nba-hobby-mega-green-ice,2026-08-21T19:27:57+00:00,1.0
PANINI_2024-25_SELECT_BLASTER,WATCH,True,retail,collectorstore,trusted,2024-25 Panini Select Basketball Blaster Box,,21.99,,,1,35.53,4.0,,,,,,,SUIVI,0,https://collectorstore.com/products/2024-25-panini-select-basketball-blaster-box,2026-08-21T19:27:57+00:00,1.0
PANINI_2024-25_SELECT_BLASTER,WATCH,True,retail,cardiacs,trusted,2024-25 Panini Select Basketball Blaster Box (Flash Prizms),,22.95,,,1,36.53,4.0,,,,,,,,0,https://www.thecardiacs.com/products/2024-25-panini-select-basketball-blaster-box-flash-prizms,2026-08-21T19:27:57+00:00,1.0
PANINI_2024-25_SELECT_BLASTER,WATCH,True,retail,rbicru7,trusted,"2024-25 Panini Select Basketball, Blaster Box (Flash Prizms)",,28.0,,,1,41.75,4.0,,,,,,,,0,https://rbicru7.com/products/2024-25-panini-select-basketball-blaster-box-flash-prizms,2026-08-21T19:27:57+00:00,1.0
PANINI_2024-25_SELECT_BLASTER,WATCH,True,retail,ehcards,trusted,2024/25 Panini Select Basketball 6-Pack Blaster Box,,29.99,,,1,43.81,4.0,,,,,,,,0,https://ehcards.com/products/2024-25-panini-select-basketball-6-pack-blaster-box,2026-08-21T19:27:57+00:00,1.0
PANINI_2024-25_SELECT_BLASTER,WATCH,True,retail,monmouth,watch,2024-25 Panini Select Basketball Blaster Box,,34.99,,,1,48.98,4.0,,,,,,,,0,https://monmouthcards.com/products/2024-25-panini-select-basketball-blaster-box,2026-08-21T19:27:57+00:00,1.0
PANINI_2024-25_SELECT_BLASTER,WATCH,True,retail,superior,watch,2024-25 Panini Select Basketball 6-Pack Blaster Box,,45.0,,,1,59.34,4.0,,,,,,,,0,https://superiorsportsinvestments.com/products/2024-25-panini-select-basketball-6-pack-blaster-box,2026-08-21T19:27:57+00:00,1.0
PANINI_2024-25_SELECT_BLASTER,WATCH,True,retail,sjay2k,watch,2024-25 Panini Select Basketball Blaster Box,,55.0,,,1,69.68,4.0,,,,,,,,0,https://www.sjay2k.com/products/2024-25-panini-select-basketball-h2-hybrid-box-copy-copy,2026-08-21T19:27:57+00:00,1.0
PANINI_2024-25_SELECT_BLASTER,WATCH,True,retail,hiddengems,trusted,2024-25 Panini NBA Select Basketball Trading Card Blaster Box,,27.0,,,0,40.72,4.0,,,,,,,,0,https://www.hiddengemscardshop.com/products/2024-25-panini-nba-select-basketball-trading-card-blaster-box,2026-08-21T19:27:57+00:00,1.0
PANINI_2024-25_SELECT_BLASTER,WATCH,True,retail,columbia,trusted,2024/25 Panini Select Basketball 6-Pack Blaster Box | Columbia Sports Cards,,29.99,,,0,43.81,4.0,,,,,,,,0,https://columbiasportscard.com/products/2024-25-panini-select-basketball-6-pack-blaster-box-flash-prizms,2026-08-21T19:27:57+00:00,1.0
PANINI_2024-25_SELECT_BLASTER,WATCH,True,retail,bleecker,watch,2024-25 Panini Select Basketball Blaster Box,,30.0,,,0,43.82,4.0,,,,,,,,0,https://bleeckertrading.com/products/2024-25-panini-select-basketball-blaster-box,2026-08-21T19:27:57+00:00,1.0
PANINI_2024-25_SELECT_BLASTER,WATCH,True,retail,bleecker,watch,2024-25 Panini Select Basketball Blaster Box,,40.0,,,0,54.16,4.0,,,,,,,,0,https://bleeckertrading.com/products/2024-25-select-basketball-sealed-blaster-box,2026-08-21T19:27:57+00:00,1.0
PANINI_2024-25_SELECT_MEGA,WATCH,True,retail,cardiacs,trusted,2024-25 Panini Select Basketball Mega Box (Cracked Ice Mix),,39.95,,,1,54.11,39.95,,,,,,,SUIVI,0,https://www.thecardiacs.com/products/2024-25-panini-select-basketball-mega-box-cracked-ice,2026-08-21T19:27:57+00:00,1.0
PANINI_2024-25_SELECT_MEGA,WATCH,True,retail,ballgame,watch,"2024/25 Panini Select Basketball Mega Box (Blue,Pink,Orange Cracked Ice!)",,40.0,,,1,54.16,39.95,,,,,,,,0,https://theballgame.com/products/2024-25-panini-select-basketball-mega-box-blue-pink-orange-cracked-ice,2026-08-21T19:27:57+00:00,1.0
PANINI_2024-25_SELECT_MEGA,WATCH,True,retail,sportscardjunction,watch,2024-25 Panini Select Basketball Mega Box,,40.0,,,1,54.16,39.95,,,,,,,,0,https://sportscardjunction.com/products/2024-25-panini-select-basketball-mega-box,2026-08-21T19:27:57+00:00,1.0
PANINI_2024-25_SELECT_MEGA,WATCH,True,retail,rbicru7,trusted,"2024-25 Panini Select Basketball, Retail Mega Box (Cracked Ice)",,45.0,,,1,59.34,39.95,,,,,,,,0,https://rbicru7.com/products/2024-25-panini-select-basketball-retail-mega-box,2026-08-21T19:27:57+00:00,1.0
PANINI_2024-25_SELECT_MEGA,WATCH,True,retail,awesome,trusted,2024-25 Panini Select Basketball Mega Box (Cracked Ice),,54.75,,,1,69.42,39.95,,,,,,,,0,https://theawesomecardshop.com/products/2024-25-panini-select-basketball-mega-box-cracked-ice,2026-08-21T19:27:57+00:00,1.0
PANINI_2024-25_SELECT_MEGA,WATCH,True,retail,superior,watch,2024-25 Panini Select Basketball Mega Box,,72.0,,,1,87.26,39.95,,,,,,,,0,https://superiorsportsinvestments.com/products/2024-25-panini-select-basketball-mega-box,2026-08-21T19:27:57+00:00,1.0
PANINI_2024-25_SELECT_MEGA,WATCH,True,retail,superior,watch,2024-25 Panini Select Basketball Mega Box (Red and Purple Cracked Ice Prizms),,75.0,,,1,90.37,39.95,,,,,,,,0,https://superiorsportsinvestments.com/products/2024-25-panini-select-basketball-mega-box-red-and-purple-cracked-ice-prizms,2026-08-21T19:27:57+00:00,1.0
PANINI_2024-25_SELECT_MEGA,WATCH,True,retail,sjay2k,watch,2024-25 Panini Select Basketball Mega Box,,90.0,,,1,105.88,39.95,,,,,,,,0,https://www.sjay2k.com/products/2024-25-panini-select-basketball-h2-hybrid-box-copy,2026-08-21T19:27:57+00:00,1.0
PANINI_2024-25_SELECT_MEGA,WATCH,True,retail,hiddengems,trusted,2024-25 Panini Select Basketball Mega Box,,29.99,,,0,43.81,39.95,,,,,,,,0,https://www.hiddengemscardshop.com/products/2024-25-panini-select-basketball-mega-box,2026-08-21T19:27:57+00:00,1.0
PANINI_2024-25_SELECT_MEGA,WATCH,True,retail,rlsports,watch,2024-25 Panini Select Basketball Mega Box,,36.99,,,0,51.05,39.95,,,,,,,,0,https://rlsportscards.com/products/2024-25-panini-select-basketball-mega-box,2026-08-21T19:27:57+00:00,1.0
PANINI_2024-25_SELECT_MEGA,WATCH,True,retail,columbia,trusted,2024-25 Panini Select Basketball Mega Box (Cracked Ice Parallels) | Columbia Sports Cards,,37.99,,,0,52.08,39.95,,,,,,,,0,https://columbiasportscard.com/products/2024-25-panini-select-basketball-mega-box-cracked-ice,2026-08-21T19:27:57+00:00,1.0
PANINI_2024-25_SELECT_MEGA,WATCH,True,retail,monmouth,watch,2024-25 Panini Select Basketball Mega Box,,39.99,,,0,54.15,39.95,,,,,,,,0,https://monmouthcards.com/products/2024-25-panini-select-basketball-mega-box,2026-08-21T19:27:57+00:00,1.0
PANINI_2024-25_SELECT_MEGA,WATCH,True,retail,worldchampion,watch,2024/25 Panini Select Basketball Mega Box (Red & Purple Cracked Ice!),,40.0,,,0,54.16,39.95,,,,,,,,0,https://www.worldchampionsportscards.org/products/2024-25-panini-select-basketball-mega-box-red-purple-cracked-ice,2026-08-21T19:27:57+00:00,1.0
PANINI_2024-25_SELECT_MEGA,WATCH,True,retail,bleecker,watch,"2024-25 Panini Select Basketball Mega Box (Blue,Pink,Orange Cracked Ice)",,45.0,,,0,59.34,39.95,,,,,,,,0,https://bleeckertrading.com/products/2024-25-panini-select-basketball-retail-mega-box,2026-08-21T19:27:57+00:00,1.0
PANINI_2024-25_SELECT_MEGA,WATCH,True,retail,bleecker,watch,2024-25 Panini Select Basketball Mega Box (Red & Purple Cracked Ice),,50.0,,,0,64.51,39.95,,,,,,,,0,https://bleeckertrading.com/products/2024-25-panini-select-basketball-mega-box-red-purple-cracked-ice,2026-08-21T19:27:57+00:00,1.0
PANINI_2024-25_SELECT_MEGA,WATCH,True,retail,bleecker,watch,2024-25 Panini Select Basketball Mega Box (Green & Blue Prizms),,60.0,,,0,74.85,39.95,,,,,,,,0,https://bleeckertrading.com/products/2024-25-panini-select-basketball-mega-box,2026-08-21T19:27:57+00:00,1.0
PANINI_2024-25_OPTIC_BLASTER,WATCH,True,retail,ehcards,trusted,2024/25 Panini Donruss Optic NBA Basketball 6-Pack Blaster Box,,39.99,,,1,54.15,34.97,,,,,,,SUIVI,0,https://ehcards.com/products/2024-25-panini-donruss-optic-nba-basketball-6-pack-blaster-box,2026-08-21T19:27:57+00:00,1.0
PANINI_2024-25_OPTIC_BLASTER,WATCH,True,retail,superior,watch,2024-25 Panini Donruss Optic Basketball 6-Pack Blaster Box,,48.0,,,1,62.44,34.97,,,,,,,,0,https://superiorsportsinvestments.com/products/2024-25-panini-donruss-optic-basketball-6-pack-blaster-box,2026-08-21T19:27:57+00:00,1.0
PANINI_2024-25_OPTIC_BLASTER,WATCH,True,retail,cardiacs,trusted,2024-25 Panini Donruss Optic Basketball Blaster Box - Glitter Parallel,,29.95,,,0,43.77,34.97,,,,,,,,0,https://www.thecardiacs.com/products/2024-25-donruss-optic-basketball-blaster-box-glitter-parallel,2026-08-21T19:27:57+00:00,1.0
PANINI_2024-25_OPTIC_BLASTER,WATCH,True,retail,collectorstore,trusted,2024-25 Panini Donruss Optic Basketball Blaster Box (Glitter Parallels),,29.99,,,0,43.81,34.97,,,,,,,,0,https://collectorstore.com/products/2024-25-donruss-optic-basketball-blaster-box,2026-08-21T19:27:57+00:00,1.0
PANINI_2024-25_OPTIC_BLASTER,WATCH,True,retail,hiddengems,trusted,2024-25 Panini Donruss Optic NBA Trading Card Blaster Box,,30.0,,,0,43.82,34.97,,,,,,,,0,https://www.hiddengemscardshop.com/products/2024-25-panini-donruss-optic-nba-trading-card-blaster-box,2026-08-21T19:27:57+00:00,1.0
PANINI_2024-25_OPTIC_BLASTER,WATCH,True,retail,boxseat,watch,2024-25 Panini NBA Optic Donruss Basketball Trading Card Blaster Box,,34.99,,,0,48.98,34.97,,,,,,,,0,https://boxseatcollectibles.com/products/2024-25-panini-nba-optic-donruss-basketball-trading-card-blaster-box,2026-08-21T19:27:57+00:00,1.0
PANINI_2024-25_OPTIC_BLASTER,WATCH,True,retail,columbia,trusted,2024/25 Panini Donruss Optic Basketball 6-Pack Blaster Box | Columbia Sports Cards,,34.99,,,0,48.98,34.97,,,,,,,,0,https://columbiasportscard.com/products/2024-25-panini-donruss-optic-basketball-6-pack-blaster-box-columbia-sports-cards,2026-08-21T19:27:57+00:00,1.0
PANINI_2024-25_OPTIC_BLASTER,WATCH,True,retail,rlsports,watch,2024-25 Panini Donruss Optic Basketball Blaster Box,,34.99,,,0,48.98,34.97,,,,,,,,0,https://rlsportscards.com/products/2024-25-panini-donruss-optic-basketball-blaster-box,2026-08-21T19:27:57+00:00,1.0
PANINI_2024-25_OPTIC_BLASTER,WATCH,True,retail,awesome,trusted,2024-25 Panini Donruss Optic Basketball Blaster Box (Glitter Parallels!),,39.75,,,0,53.91,34.97,,,,,,,,0,https://theawesomecardshop.com/products/2024-25-panini-donruss-optic-basketball-blaster-box-glitter-parallels,2026-08-21T19:27:57+00:00,1.0
PANINI_2024-25_OPTIC_BLASTER,WATCH,True,retail,ballgame,watch,2024/25 Panini Donruss Optic Basketball 6-Pack Blaster Box,,40.0,,,0,54.16,34.97,,,,,,,,0,https://theballgame.com/products/2024-25-panini-donruss-optic-basketball-6-pack-blaster-box,2026-08-21T19:27:57+00:00,1.0
PANINI_2024-25_OPTIC_BLASTER,WATCH,True,retail,bleecker,watch,2024-25 Panini Donruss Optic Basketball Blaster Box,,40.0,,,0,54.16,34.97,,,,,,,,0,https://bleeckertrading.com/products/2024-25-panini-donruss-optic-basketball-blaster-box,2026-08-21T19:27:57+00:00,1.0
PANINI_2024-25_OPTIC_BLASTER,WATCH,True,retail,worldchampion,watch,2024/25 Panini Donruss Optic Basketball 6-Pack Blaster Box,,55.0,,,0,69.68,34.97,,,,,,,,0,https://www.worldchampionsportscards.org/products/2024-25-panini-donruss-optic-basketball-6-pack-blaster-box,2026-08-21T19:27:57+00:00,1.0
PANINI_2024-25_OPTIC_MEGA,WATCH,True,retail,superior,watch,2024-25 Panini Donruss Optic Basketball Mega Box ( Hyper Parallels!),,88.0,,,1,103.81,88.0,,,,,,,SUIVI,0,https://superiorsportsinvestments.com/products/2024-25-panini-donruss-optic-basketball-mega-box-hyper-parallels,2026-08-21T19:27:57+00:00,1.0
PANINI_2024-25_OPTIC_MEGA,WATCH,True,retail,sjay2k,watch,2024-25 Panini Donruss Optic Basketball Mega Box,,125.0,,,1,142.09,88.0,,,,,,,,0,https://www.sjay2k.com/products/2024-25-panini-donruss-optic-basketball-mega-box-pre-order-tba-copy,2026-08-21T19:27:57+00:00,1.0
PANINI_2024-25_OPTIC_MEGA,WATCH,True,retail,hiddengems,trusted,2024-25 Panini Donruss Optic NBA Trading Card Mega Box,,59.99,,,0,74.84,88.0,,,,,,,,0,https://www.hiddengemscardshop.com/products/2024-25-panini-donruss-optic-nba-trading-card-mega-box,2026-08-21T19:27:57+00:00,1.0
PANINI_2024-25_OPTIC_MEGA,WATCH,True,retail,bleecker,watch,2024-25 Panini Donruss Optic Basketball Mega Box (Hyper Parallels),,60.0,,,0,74.85,88.0,,,,,,,,0,https://bleeckertrading.com/products/2024-25-panini-donruss-optic-basketball-retail-mega-box,2026-08-21T19:27:57+00:00,1.0
PANINI_2024-25_OPTIC_MEGA,WATCH,True,retail,monmouth,watch,2024-25 Panini Donruss Optic Basketball Mega Box,,69.99,,,0,85.19,88.0,,,,,,,,0,https://monmouthcards.com/products/2024-25-panini-donruss-optic-basketball-mega-box,2026-08-21T19:27:57+00:00,1.0
PANINI_2024-25_MOSAIC_BLASTER,WATCH,True,retail,rbicru7,trusted,"2024-25 Panini Mosaic Basketball Blaster, Box (Capacity Insert)",,33.0,,,1,46.92,33.0,,,,,,,SUIVI,0,https://rbicru7.com/products/2024-25-panini-mosaic-basketball-retail-blaster-box-capacity-insert,2026-08-21T19:27:57+00:00,1.0
PANINI_2024-25_MOSAIC_BLASTER,WATCH,True,retail,ehcards,trusted,2024/25 Panini Mosaic Basketball 6-Pack Blaster Box,,34.99,,,1,48.98,33.0,,,,,,,,0,https://ehcards.com/products/2024-25-panini-mosaic-basketball-6-pack-blaster-box,2026-08-21T19:27:57+00:00,1.0
PANINI_2024-25_MOSAIC_BLASTER,WATCH,True,retail,collectorstore,trusted,2024-25 Panini Mosaic Basketball Blaster Box,,37.99,,,1,52.08,33.0,,,,,,,,0,https://collectorstore.com/products/2025-panini-mosaic-basketball-blaster-box,2026-08-21T19:27:57+00:00,1.0
PANINI_2024-25_MOSAIC_BLASTER,WATCH,True,retail,monmouth,watch,2024-25 Panini Mosaic Basketball Blaster Box,,39.99,,,1,54.15,33.0,,,,,,,,0,https://monmouthcards.com/products/2024-25-panini-mosaic-basketball-blaster-box,2026-08-21T19:27:57+00:00,1.0
PANINI_2024-25_MOSAIC_BLASTER,WATCH,True,retail,superior,watch,2024-25 Panini Mosaic Basketball 6-Pack Blaster Box,,50.0,,,1,64.51,33.0,,,,,,,,0,https://superiorsportsinvestments.com/products/2024-25-panini-mosaic-basketball-6-pack-blaster-box,2026-08-21T19:27:57+00:00,1.0
PANINI_2024-25_MOSAIC_BLASTER,WATCH,True,retail,hiddengems,trusted,2024-25 Panini Mosaic NBA Basketball Trading Card Blaster Box,,25.0,,,0,38.65,33.0,,,,,,,,0,https://www.hiddengemscardshop.com/products/2024-25-panini-mosaic-nba-basketball-trading-card-blaster-box,2026-08-21T19:27:57+00:00,1.0
PANINI_2024-25_MOSAIC_BLASTER,WATCH,True,retail,cardiacs,trusted,2024–25 Panini Mosaic Basketball Retail Blaster – Look for Ultra-Rare Genesis & Full Capacity Inserts,,34.95,,,0,48.94,33.0,,,,,,,,0,https://www.thecardiacs.com/products/2024-25-panini-mosaic-basketball-retail-blaster-box,2026-08-21T19:27:57+00:00,1.0
PANINI_2024-25_MOSAIC_BLASTER,WATCH,True,retail,bleecker,watch,2024-25 Panini Mosaic Basketball Blaster Box,,40.0,,,0,54.16,33.0,,,,,,,,0,https://bleeckertrading.com/products/2024-25-panini-mosaic-basketball-blaster-box,2026-08-21T19:27:57+00:00,1.0
PANINI_2024-25_MOSAIC_BLASTER,WATCH,True,retail,bleecker,watch,2024-25 Panini Mosaic Basketball Blaster Box,,45.0,,,0,59.34,33.0,,,,,,,,0,https://bleeckertrading.com/products/2024-25-panini-mosaic-basketball-hobby-box,2026-08-21T19:27:57+00:00,1.0
PANINI_2024-25_MOSAIC_MEGA,WATCH,True,retail,ehcards,trusted,2024/25 Panini Mosaic Basketball 60-Card Mega Box,,59.99,,,1,74.84,59.99,,,,,,,SUIVI,0,https://ehcards.com/products/2024-25-panini-mosaic-basketball-60-card-mega-box,2026-08-21T19:27:57+00:00,1.0
PANINI_2024-25_MOSAIC_MEGA,WATCH,True,retail,superior,watch,2024-25 Panini Mosaic Basketball Mega Box,,88.0,,,1,103.81,59.99,,,,,,,,0,https://superiorsportsinvestments.com/products/2024-25-panini-mosaic-basketball-mega-box,2026-08-21T19:27:57+00:00,1.0
PANINI_2024-25_MOSAIC_MEGA,WATCH,True,retail,hiddengems,trusted,2024-25 PANINI MOSAIC BASKETBALL MEGA BOX Factory Sealed,,35.0,,,0,48.99,59.99,,,,,,,,0,https://www.hiddengemscardshop.com/products/2024-25-panini-mosaic-basketball-mega-box-factory-sealed,2026-08-21T19:27:57+00:00,1.0
PANINI_2024-25_MOSAIC_MEGA,WATCH,True,retail,cardiacs,trusted,2024-25 Panini Mosaic Basketball Retail Mega Box – Exclusive Reactive Blue & Fluorescent Parallels,,44.95,,,0,59.28,59.99,,,,,,,,0,https://www.thecardiacs.com/products/2025-panini-mosaic-basketball-mega-box,2026-08-21T19:27:57+00:00,1.0
PANINI_2024-25_MOSAIC_MEGA,WATCH,True,retail,monmouth,watch,2024-25 Panini Mosaic Basketball Mega Box,,59.99,,,0,74.84,59.99,,,,,,,,0,https://monmouthcards.com/products/2024-25-panini-mosaic-basketball-mega-box,2026-08-21T19:27:57+00:00,1.0
PANINI_2024-25_MOSAIC_MEGA,WATCH,True,retail,sportscardjunction,watch,2024-25 Panini Mosaic Basketball Mega Box,,60.0,,,0,74.85,59.99,,,,,,,,0,https://sportscardjunction.com/products/2024-25-panini-mosaic-basketball-mega-box,2026-08-21T19:27:57+00:00,1.0
PANINI_2024-25_DONRUSS_BLASTER,WATCH,True,retail,ehcards,trusted,2024/25 Panini Donruss NBA Basketball 6-Pack Blaster Box (Holo Orange Laser),,24.99,,,1,38.64,24.99,,,,,,,SUIVI,0,https://ehcards.com/products/2024-25-panini-donruss-nba-basketball-6-pack-blaster-box-holo-orange-laser-inserts,2026-08-21T19:27:57+00:00,1.0
PANINI_2024-25_DONRUSS_BLASTER,WATCH,True,retail,hiddengems,trusted,2024-25 Panini Donruss Basketball NBA blaster Box,,24.99,,,1,38.64,24.99,,,,,,,,0,https://www.hiddengemscardshop.com/products/2024-25-panini-donruss-basketball-nba-blaster-box,2026-08-21T19:27:57+00:00,1.0
PANINI_2024-25_DONRUSS_BLASTER,WATCH,True,retail,cardiacs,trusted,2024-25 Donruss Basketball Retail Blaster Box,,17.95,,,0,31.36,24.99,,,,,,,,0,https://www.thecardiacs.com/products/2024-25-donruss-basketball-retail-blaster-box,2026-08-21T19:27:57+00:00,1.0
PANINI_2024-25_DONRUSS_BLASTER,WATCH,True,retail,awesome,trusted,2024-25 Panini Donruss Basketball Blaster Box,,24.75,,,0,38.39,24.99,,,,,,,,0,https://theawesomecardshop.com/products/2024-25-panini-donruss-basketball-blaster-box,2026-08-21T19:27:57+00:00,1.0
PANINI_2024-25_DONRUSS_BLASTER,WATCH,True,retail,bleecker,watch,2024-25 Donruss Basketball Blaster Box,,30.0,,,0,43.82,24.99,,,,,,,,0,https://bleeckertrading.com/products/2024-25-donruss-basketball-blaster-box-1,2026-08-21T19:27:57+00:00,1.0
PANINI_2024-25_DONRUSS_BLASTER,WATCH,True,retail,bleecker,watch,2024-25 Panini Donruss Basketball Blaster Box (Red),,30.0,,,0,43.82,24.99,,,,,,,,0,https://bleeckertrading.com/products/2024-25-panini-donruss-basketball-blaster-box,2026-08-21T19:27:57+00:00,1.0
PANINI_2024-25_DONRUSS_BLASTER,WATCH,True,retail,bleecker,watch,2024-25 Panini Donruss Basketball Retail Blaster Box,,40.0,,,0,54.16,24.99,,,,,,,,0,https://bleeckertrading.com/products/2024-25-donruss-basketball-blaster-box,2026-08-21T19:27:57+00:00,1.0
PANINI_2024-25_DONRUSS_BLASTER,WATCH,True,retail,bleecker,watch,2024-25 Panini Donruss Basketball Blaster Box (Yellow),,40.0,,,0,54.16,24.99,,,,,,,,0,https://bleeckertrading.com/products/2024-25-panini-donruss-basketball-blaster-box-red-copy,2026-08-21T19:27:57+00:00,1.0
PANINI_2024-25_DONRUSS_BLASTER,WATCH,True,retail,awesome,trusted,2024-25 Panini NBA Donruss Basketball Blaster Box (Winter Blaster),,52.75,,,0,67.35,24.99,,,,,,,,0,https://theawesomecardshop.com/products/2024-25-panini-nba-donruss-basketball-blaster-box-winter-blaster,2026-08-21T19:27:57+00:00,1.0
PANINI_2024-25_DONRUSS_MEGA,WATCH,True,retail,ehcards,trusted,2024/25 Panini Donruss NBA Basketball 10-Pack Mega Box (Teal Laser),,44.99,,,1,59.33,44.99,,,,,,,SUIVI,0,https://ehcards.com/products/2024-25-panini-donruss-nba-basketball-10-pack-mega-box-teal-laser-copy,2026-08-21T19:27:57+00:00,1.0
PANINI_2024-25_DONRUSS_MEGA,WATCH,True,retail,monmouth,watch,2024-25 Panini Donruss Basketball Mega Box,,49.99,,,1,64.5,44.99,,,,,,,,0,https://monmouthcards.com/products/2024-25-panini-donruss-basketball-mega-box,2026-08-21T19:27:57+00:00,1.0
PANINI_2024-25_DONRUSS_MEGA,WATCH,True,retail,sjay2k,watch,2024-25 Panini Donruss Basketball Mega Box,,85.0,,,1,100.71,44.99,,,,,,,,0,https://www.sjay2k.com/products/2024-25-panini-donruss-basketball-hobby-blaster-copy,2026-08-21T19:27:57+00:00,1.0
PANINI_2024-25_DONRUSS_MEGA,WATCH,True,retail,hiddengems,trusted,2024-25 Panini Donruss Basketball NBA Mega Box,,25.0,,,0,38.65,44.99,,,,,,,,0,https://www.hiddengemscardshop.com/products/2024-25-panini-donruss-basketball-nba-mega-box,2026-08-21T19:27:57+00:00,1.0
PANINI_2024-25_DONRUSS_MEGA,WATCH,True,retail,cardiacs,trusted,2024-25 Donruss Basketball Retail Mega Box,,34.95,,,0,48.94,44.99,,,,,,,,0,https://www.thecardiacs.com/products/2024-25-donruss-basketball-retail-mega-box,2026-08-21T19:27:57+00:00,1.0
PANINI_2024-25_DONRUSS_MEGA,WATCH,True,retail,boxseat,watch,2024-25 Panini Donruss Basketball Trading Cards Mega Box,,34.99,,,0,48.98,44.99,,,,,,,,0,https://boxseatcollectibles.com/products/2024-25-panini-donruss-basketball-trading-cards-mega-box,2026-08-21T19:27:57+00:00,1.0
PANINI_2024-25_DONRUSS_MEGA,WATCH,True,retail,awesome,trusted,2024-25 Panini Donruss Basketball Mega Box,,39.75,,,0,53.91,44.99,,,,,,,,0,https://theawesomecardshop.com/products/2024-25-panini-donruss-basketball-mega-box,2026-08-21T19:27:57+00:00,1.0
PANINI_2024-25_DONRUSS_MEGA,WATCH,True,retail,ehcards,trusted,2024/25 Panini Donruss NBA Basketball 10-Pack Mega Box (Green Laser),,39.99,,,0,54.15,44.99,,,,,,,,0,https://ehcards.com/products/2024-25-panini-donruss-nba-basketball-10-pack-mega-box-green-laser,2026-08-21T19:27:57+00:00,1.0
PANINI_2024-25_DONRUSS_MEGA,WATCH,True,retail,bleecker,watch,2024-25 Panini Donruss Basketball Mega Box,,50.0,,,0,64.51,44.99,,,,,,,,0,https://bleeckertrading.com/products/2024-25-donruss-basketball-mega-box,2026-08-21T19:27:57+00:00,1.0
PANINI_2024-25_HOOPS_BLASTER,WATCH,True,retail,hiddengems,trusted,2024-25 NBA Hoops Blaster Box,,20.0,,,1,33.48,20.0,,,,,,,SUIVI,0,https://www.hiddengemscardshop.com/products/2024-25-nba-hoops-blaster-box,2026-08-21T19:27:57+00:00,1.0
PANINI_2024-25_HOOPS_BLASTER,WATCH,True,retail,ehcards,trusted,2024/25 Panini Hoops NBA Basketball 6-pack Blaster Box,,24.99,,,1,38.64,20.0,,,,,,,,0,https://ehcards.com/products/2024-25-panini-hoops-nba-basketball-6-pack-blaster-box,2026-08-21T19:27:57+00:00,1.0
PANINI_2024-25_HOOPS_BLASTER,WATCH,True,retail,cardiacs,trusted,2024-25 Panini Hoops Basketball Retail Blaster,,19.95,,,0,33.42,20.0,,,,,,,,0,https://www.thecardiacs.com/products/2024-25-panini-hoops-basketball-retail-blaster,2026-08-21T19:27:57+00:00,1.0
PANINI_2024-25_HOOPS_BLASTER,WATCH,True,retail,hiddengems,trusted,2024-25 Panini Hoops Holiday Basketball Blaster Box,,24.99,,,0,38.64,20.0,,,,,,,,0,https://www.hiddengemscardshop.com/products/2024-25-panini-hoops-holiday-basketball-blaster-box,2026-08-21T19:27:57+00:00,1.0
PANINI_2024-25_HOOPS_BLASTER,WATCH,True,retail,awesome,trusted,2024-25 Panini NBA Hoops Basketball Blaster Box,,29.75,,,0,43.56,20.0,,,,,,,,0,https://theawesomecardshop.com/products/2024-25-panini-nba-hoops-basketball-blaster-box,2026-08-21T19:27:57+00:00,1.0
PANINI_2024-25_HOOPS_BLASTER,WATCH,True,retail,monmouth,watch,2024-25 Panini Hoops Basketball Blaster Box,,34.99,,,0,48.98,20.0,,,,,,,,0,https://monmouthcards.com/products/2024-25-panini-hoops-basketball-blaster-box,2026-08-21T19:27:57+00:00,1.0
PANINI_2024-25_HOOPS_BLASTER,WATCH,True,retail,bleecker,watch,2024-25 Panini NBA Hoops Basketball Blaster Box,,40.0,,,0,54.16,20.0,,,,,,,,0,https://bleeckertrading.com/products/2024-25-panini-hoops-nba-blaster-box,2026-08-21T19:27:57+00:00,1.0
PANINI_2024-25_TOTALLY_CERTIFIED_BLASTER,WATCH,True,retail,superior,watch,2024-25 Panini Totally Certified Basketball Blaster Box,,52.0,,,1,66.58,52.0,,,,,,,SUIVI,0,https://superiorsportsinvestments.com/products/2024-25-panini-totally-certified-basketball-blaster-box,2026-08-21T19:27:57+00:00,1.0
PANINI_2024-25_TOTALLY_CERTIFIED_BLASTER,WATCH,True,retail,awesome,trusted,2024-25 Panini Totally Certified Basketball Blaster Box,,24.75,,,0,38.39,52.0,,,,,,,,0,https://theawesomecardshop.com/products/2024-25-panini-totally-certified-basketball-blaster-box,2026-08-21T19:27:57+00:00,1.0
PANINI_2024-25_TOTALLY_CERTIFIED_BLASTER,WATCH,True,retail,collectorstore,trusted,2024-25 Panini Totally Certified Basketball Blaster Box,,24.99,,,0,38.64,52.0,,,,,,,,0,https://collectorstore.com/products/2024-25-panini-totally-certified-basketball-blaster-box,2026-08-21T19:27:57+00:00,1.0
PANINI_2024-25_TOTALLY_CERTIFIED_MEGA,WATCH,True,retail,hiddengems,trusted,2024-25 Panini Totally Certified Basketball Mega Box Retail Debut,,50.0,,,0,64.51,50.0,,,,,,,,0,https://www.hiddengemscardshop.com/products/2024-25-panini-totally-certified-basketball-mega-box-retail-debut,2026-08-21T19:27:57+00:00,1.0
PANINI_2024-25_TOTALLY_CERTIFIED_MEGA,WATCH,True,retail,awesome,trusted,2024-25 Panini Totally Certified Basketball Mega Box,,99.75,,,0,115.97,50.0,,,,,,,,0,https://theawesomecardshop.com/products/2024-25-panini-totally-certified-basketball-mega-box,2026-08-21T19:27:57+00:00,1.0
PANINI_2024-25_COURT_KINGS_BLASTER,WATCH,True,retail,bleecker,watch,2024-25 Panini Court Kings Basketball Blaster Box,,250.0,,,0,271.39,250.0,,,,,,,,0,https://bleeckertrading.com/products/2024-25-court-kings-basketball-blaster-box,2026-08-21T19:27:57+00:00,1.0
PANINI_2024-25_REVOLUTION_BLASTER,WATCH,True,retail,fancave,watch,2024-25 Panini Revolution Basketball Blaster Box,,39.99,,,1,54.15,55.0,,,,,,,SUIVI,0,https://fancave.com/products/2024-25-panini-revolution-basketball-blaster-box,2026-08-21T19:27:57+00:00,1.0
PANINI_2024-25_REVOLUTION_BLASTER,WATCH,True,retail,superior,watch,2024-25 Panini Revolution Basketball 6-Pack Blaster Box,,55.0,,,1,69.68,55.0,,,,,,,,0,https://superiorsportsinvestments.com/products/2024-25-panini-revolution-basketball-6-pack-blaster-box,2026-08-21T19:27:57+00:00,1.0
PANINI_2024-25_REVOLUTION_BLASTER,WATCH,True,retail,columbia,trusted,2024-25 Panini Revolution Basketball 6-Pack Blaster Box,,21.99,,,0,35.53,55.0,,,,,,,,0,https://columbiasportscard.com/products/2024-25-panini-revolution-basketball-6-pack-blaster-box,2026-08-21T19:27:57+00:00,1.0
PANINI_2024-25_REVOLUTION_BLASTER,WATCH,True,retail,cardiacs,trusted,2024-25 Panini Revolution Basketball Blaster Box,,24.95,,,0,38.6,55.0,,,,,,,,0,https://www.thecardiacs.com/products/2024-25-panini-revolution-basketball-blaster-box,2026-08-21T19:27:57+00:00,1.0
PANINI_2024-25_REVOLUTION_BLASTER,WATCH,True,retail,ehcards,trusted,2024/25 Panini Revolution NBA Basketball 6-pack Blaster Box,,25.0,,,0,38.65,55.0,,,,,,,,0,https://ehcards.com/products/2024-25-panini-revolution-nba-basketball-6-pack-blaster-box,2026-08-21T19:27:57+00:00,1.0
PANINI_2024-25_REVOLUTION_BLASTER,WATCH,True,retail,sportscardjunction,watch,2024-25 Panini Revolution Basketball Blaster Box,,25.0,,,0,38.65,55.0,,,,,,,,0,https://sportscardjunction.com/products/2024-25-panini-revolution-basketball-blaster-box,2026-08-21T19:27:57+00:00,1.0
PANINI_2024-25_REVOLUTION_BLASTER,WATCH,True,retail,rlsports,watch,2024-25 Panini Revolution Basketball Blaster Box,,28.99,,,0,42.78,55.0,,,,,,,,0,https://rlsportscards.com/products/2024-25-panini-revolution-basketball-blaster-box,2026-08-21T19:27:57+00:00,1.0
PANINI_2024-25_REVOLUTION_BLASTER,WATCH,True,retail,hiddengems,trusted,2024-25 Panini NBA Revolution Basketball Trading Card Blaster Box,,29.99,,,0,43.81,55.0,,,,,,,,0,https://www.hiddengemscardshop.com/products/2024-25-panini-nba-revolution-basketball-trading-card-blaster-box,2026-08-21T19:27:57+00:00,1.0
PANINI_2024-25_REVOLUTION_BLASTER,WATCH,True,retail,awesome,trusted,2024-25 Panini Revolution Basketball Blaster Box,,34.75,,,0,48.73,55.0,,,,,,,,0,https://theawesomecardshop.com/products/2024-25-panini-revolution-basketball-blaster-box,2026-08-21T19:27:57+00:00,1.0
PANINI_2024-25_REVOLUTION_BLASTER,WATCH,True,retail,monmouth,watch,2024-25 Panini Revolution Basketball Blaster Box,,34.99,,,0,48.98,55.0,,,,,,,,0,https://monmouthcards.com/products/2024-25-panini-revolution-basketball-blaster-box,2026-08-21T19:27:57+00:00,1.0
PANINI_2024-25_REVOLUTION_BLASTER,WATCH,True,retail,bleecker,watch,2024-25 Panini NBA Revolution Basketball Blaster Box,,35.0,,,0,48.99,55.0,,,,,,,,0,https://bleeckertrading.com/products/2024-25-panini-nba-revolution-basketball-retail-blaster-box,2026-08-21T19:27:57+00:00,1.0
PANINI_2024-25_REVOLUTION_MEGA,WATCH,True,retail,superior,watch,2024-25 Panini Revolution Basketball Mega Box (Scope Parallels!),,90.0,,,1,105.88,90.0,,,,,,,SUIVI,0,https://superiorsportsinvestments.com/products/2024-25-panini-revolution-basketball-mega-box-scope-parallels,2026-08-21T19:27:57+00:00,1.0
PANINI_2024-25_REVOLUTION_MEGA,WATCH,True,retail,hiddengems,trusted,2024-25 Panini NBA Revolution Basketball Trading Cards Mega Box,,34.99,,,0,48.98,90.0,,,,,,,,0,https://www.hiddengemscardshop.com/products/2024-25-panini-nba-revolution-basketball-trading-cards-mega-box,2026-08-21T19:27:57+00:00,1.0
PANINI_2024-25_REVOLUTION_MEGA,WATCH,True,retail,columbia,trusted,2024-25 Panini Revolution Basketball Mega Box | Columbia Sports Cards,,44.99,,,0,59.33,90.0,,,,,,,,0,https://columbiasportscard.com/products/2024-25-panini-revolution-basketball-mega-box,2026-08-21T19:27:57+00:00,1.0
PANINI_2024-25_REVOLUTION_MEGA,WATCH,True,retail,awesome,trusted,2024-25 Panini Revolution Basketball Mega Box,,49.75,,,0,64.25,90.0,,,,,,,,0,https://theawesomecardshop.com/products/2024-25-panini-revolution-basketball-mega-box,2026-08-21T19:27:57+00:00,1.0
PANINI_2024-25_REVOLUTION_MEGA,WATCH,True,retail,boxseat,watch,2024-25 Panini NBA Revolution Basketball Trading Card Mega Box,,49.99,,,0,64.5,90.0,,,,,,,,0,https://boxseatcollectibles.com/products/2024-25-panini-nba-revolution-basketball-trading-card-mega-box,2026-08-21T19:27:57+00:00,1.0
PANINI_2024-25_REVOLUTION_MEGA,WATCH,True,retail,boxseat,watch,"2024–25 Panini Revolution NBA Basketball Mega Box – Official NBA Trading Cards – Mega Box Exclusive Parallels, Inserts & Rookie Cards – Panini Retail Set",,49.99,,,0,64.5,90.0,,,,,,,,0,https://boxseatcollectibles.com/products/2024-25-panini-revolution-nba-basketball-mega-box-official-nba-trading-cards-mega-box-exclusive-parallels-inserts-rookie-cards-panini-retail-set,2026-08-21T19:27:57+00:00,1.0
PANINI_2024-25_REVOLUTION_MEGA,WATCH,True,retail,bleecker,watch,2024-25 Panini Revolution Basketball Mega Box,,50.0,,,0,64.51,90.0,,,,,,,,0,https://bleeckertrading.com/products/2024-25-panini-revolution-basketball-mega-box,2026-08-21T19:27:57+00:00,1.0
PANINI_2024-25_REVOLUTION_MEGA,WATCH,True,retail,worldchampion,watch,2024/25 Panini Revolution Basketball Mega Box (Cosmo & Storm Parallels!),,50.0,,,0,64.51,90.0,,,,,,,,0,https://www.worldchampionsportscards.org/products/2024-25-panini-revolution-basketball-mega-box-cosmo-storm-parallels,2026-08-21T19:27:57+00:00,1.0
PANINI_2024-25_REVOLUTION_MEGA,WATCH,True,retail,cardiacs,trusted,2024-25 Panini Revolution Basketball Mega Box,,54.95,,,0,69.63,90.0,,,,,,,,0,https://www.thecardiacs.com/products/2024-25-panini-revolution-basketball-mega-box,2026-08-21T19:27:57+00:00,1.0
PANINI_2024-25_REVOLUTION_MEGA,WATCH,True,retail,monmouth,watch,2024-25 Panini Revolution Basketball Mega Box,,59.99,,,0,74.84,90.0,,,,,,,,0,https://monmouthcards.com/products/2024-25-panini-revolution-basketball-mega-box,2026-08-21T19:27:57+00:00,1.0
PANINI_2024-25_REVOLUTION_MEGA,WATCH,True,retail,bleecker,watch,2024-25 Panini Revolution Basketball Mega Box (Cosmo & Storm Parallels!),,60.0,,,0,74.85,90.0,,,,,,,,0,https://bleeckertrading.com/products/2024-25-panini-revolution-basketball-mega-box-cosmo-storm-parallels,2026-08-21T19:27:57+00:00,1.0
PANINI_2024-25_REVOLUTION_MEGA,WATCH,True,retail,sportscardjunction,watch,2024-25 Panini Revolution Basketball Mega Box,,60.0,,,0,74.85,90.0,,,,,,,,0,https://sportscardjunction.com/products/2024-25-panini-revolution-basketball-mega-box,2026-08-21T19:27:57+00:00,1.0
TOPPS_2023-24_CHROME_VALUE_BLASTER,ACTIVE,nbpa,retail,superior,watch,2023-24 Topps Chrome Basketball Blaster Box,,125.0,,,1,142.09,120.0,,,,35.0,45.0,,NO_GO,0,https://superiorsportsinvestments.com/products/2023-24-topps-chrome-basketball-blaster-box,2026-08-21T19:27:57+00:00,1.0
TOPPS_2023-24_CHROME_VALUE_BLASTER,ACTIVE,nbpa,retail,sportscardjunction,watch,2023-24 Topps Chrome Basketball Blaster Box,,25.0,,,0,38.65,120.0,,,,35.0,45.0,,,0,https://sportscardjunction.com/products/2023-24-topps-chrome-basketball-blaster-box,2026-08-21T19:27:57+00:00,1.0
TOPPS_2023-24_CHROME_VALUE_BLASTER,ACTIVE,nbpa,retail,columbia,trusted,2023-24 Topps Chrome Basketball Blaster Box,,33.99,,,0,47.95,120.0,,,,35.0,45.0,,,0,https://columbiasportscard.com/products/2023-24-topps-chrome-basketball-blaster-box-presell,2026-08-21T19:27:57+00:00,1.0
TOPPS_2023-24_CHROME_VALUE_BLASTER,ACTIVE,nbpa,retail,worldchampion,watch,2023/24 Topps Chrome Basketball Blaster Box,,40.0,,,0,54.16,120.0,,,,35.0,45.0,,,0,https://www.worldchampionsportscards.org/products/2023-24-topps-chrome-basketball-blaster-box-presell,2026-08-21T19:27:57+00:00,1.0
TOPPS_2023-24_CHROME_VALUE_BLASTER,ACTIVE,nbpa,retail,bleecker,watch,2023-24 Topps Chrome Basketball Blaster Box,,45.0,,,0,59.34,120.0,,,,35.0,45.0,,,0,https://bleeckertrading.com/products/2023-24-topps-chrome-basketball-blaster-box,2026-08-21T19:27:57+00:00,1.0
TOPPS_2023-24_CHROME_VALUE_BLASTER,ACTIVE,nbpa,retail,bleecker,watch,2023-24 Topps Chrome Basketball Blaster Box,,50.0,,,0,64.51,120.0,,,,35.0,45.0,,,0,https://bleeckertrading.com/products/2023-24-topps-chrome-basketball-blaster-box-1,2026-08-21T19:27:57+00:00,1.0
TOPPS_2023-24_CHROME_VALUE_BLASTER,ACTIVE,nbpa,retail,awesome,trusted,2023-24 Topps Chrome Basketball Blaster Box,,65.0,,,0,80.02,120.0,,,,35.0,45.0,,,0,https://theawesomecardshop.com/products/2023-24-topps-chrome-basketball-blaster-box,2026-08-21T19:27:57+00:00,1.0
TOPPS_2023-24_CHROME_VALUE_BLASTER,ACTIVE,nbpa,retail,e5sports,watch,2023-24 Topps Chrome NBA Blaster Box,,75.0,,,0,90.37,120.0,,,,35.0,45.0,,,0,https://e5sports.com/products/2023-24-topps-chrome-nba-blaster-box,2026-08-21T19:27:57+00:00,1.0
TOPPS_2023-24_CHROME_MEGA,WATCH,nbpa,retail,e5sports,watch,2023-24 Topps Chrome NBA Mega Box,,60.0,,,0,74.85,60.0,,,,,,,,0,https://e5sports.com/products/2023-24-topps-chrome-nba-mega-box,2026-08-21T19:27:57+00:00,1.0
TOPPS_2023-24_CHROME_MEGA,WATCH,nbpa,retail,awesome,trusted,2023-24 Topps Chrome Basketball Mega Box,,65.0,,,0,80.02,60.0,,,,,,,,0,https://theawesomecardshop.com/products/2023-24-topps-chrome-basketball-mega-box,2026-08-21T19:27:57+00:00,1.0
TOPPS_2023-24_CHROME_MEGA,WATCH,nbpa,retail,monmouth,watch,2023-24 Topps Chrome Basketball Mega Box,,79.99,,,0,95.53,60.0,,,,,,,,0,https://monmouthcards.com/products/2023-24-topps-chrome-basketball-mega-box,2026-08-21T19:27:57+00:00,1.0
TOPPS_2023-24_CHROME_MEGA,WATCH,nbpa,retail,worldchampion,watch,2023/24 Topps Chrome Basketball MEGA Box,,80.0,,,0,95.54,60.0,,,,,,,,0,https://www.worldchampionsportscards.org/products/2023-24-topps-chrome-basketball-mega-box-presell,2026-08-21T19:27:57+00:00,1.0
TOPPS_2023-24_CHROME_HANGER,WATCH,nbpa,retail,superior,watch,2023-24 Topps Chrome Basketball Hanger Box,,85.0,,,1,100.71,85.0,,,,,,,SUIVI,0,https://superiorsportsinvestments.com/products/2023-24-topps-chrome-basketball-hanger-box,2026-08-21T19:27:57+00:00,1.0
TOPPS_2023-24_CHROME_HANGER,WATCH,nbpa,retail,columbia,trusted,2023-24 Topps Chrome Basketball Hanger Box,,23.95,,,0,37.56,85.0,,,,,,,,0,https://columbiasportscard.com/products/2023-24-topps-chrome-basketball-hanger-box,2026-08-21T19:27:57+00:00,1.0
TOPPS_2023-24_CHROME_HANGER,WATCH,nbpa,retail,awesome,trusted,2023-24 Topps Chrome Basketball Hanger Box,,24.0,,,0,37.61,85.0,,,,,,,,0,https://theawesomecardshop.com/products/2023-24-topps-chrome-basketball-trading-card-hanger-pack,2026-08-21T19:27:57+00:00,1.0
TOPPS_2023-24_CHROME_HANGER,WATCH,nbpa,retail,sportscardjunction,watch,2023-24 Topps Chrome Basketball Hanger Box,,25.0,,,0,38.65,85.0,,,,,,,,0,https://sportscardjunction.com/products/2023-24-topps-chrome-basketball-hanger-box,2026-08-21T19:27:57+00:00,1.0
TOPPS_2023-24_CHROME_HANGER,WATCH,nbpa,retail,worldchampion,watch,2023/24 Topps Chrome Basketball Hanger Box,,30.0,,,0,43.82,85.0,,,,,,,,0,https://www.worldchampionsportscards.org/products/2023-24-topps-chrome-basketball-hanger-box,2026-08-21T19:27:57+00:00,1.0
TOPPS_2025-26_BOWMAN_MEGA,WATCH,True,retail,ehcards,trusted,2025/26 Bowman Basketball 6-pack Mega Box,,79.99,,,1,95.53,59.99,,,,,,,SUIVI,0,https://ehcards.com/products/2025-26-bowman-basketball-6-pack-mega-box,2026-08-21T19:27:57+00:00,1.0
TOPPS_2025-26_BOWMAN_MEGA,WATCH,True,retail,sportscardjunction,watch,2025-26 Topps Bowman Basketball Mega Box,,85.0,,,1,100.71,59.99,,,,,,,,0,https://sportscardjunction.com/products/2025-26-topps-bowmans-basketball-mega-box,2026-08-21T19:27:57+00:00,1.0
TOPPS_2025-26_BOWMAN_MEGA,WATCH,True,retail,fancave,watch,2025-26 Bowman Basketball Mega Box,,99.99,,,1,116.22,59.99,,,,,,,,0,https://fancave.com/products/2025-26-bowman-basketball-mega-box,2026-08-21T19:27:57+00:00,1.0
TOPPS_2025-26_BOWMAN_MEGA,WATCH,True,retail,superior,watch,2025-26 Bowman Basketball Mega Box,,140.0,,,1,157.6,59.99,,,,,,,,0,https://superiorsportsinvestments.com/products/2025-26-bowman-basketball-mega-box,2026-08-21T19:27:57+00:00,1.0
TOPPS_2025-26_BOWMAN_MEGA,WATCH,True,retail,columbia,trusted,2025-26 Bowman Basketball Mega Box | Columbia Sports Cards,,69.99,,,0,85.19,59.99,,,,,,,,0,https://columbiasportscard.com/products/2025-26-bowman-basketball-mega-box,2026-08-21T19:27:57+00:00,1.0
TOPPS_2025-26_BOWMAN_MEGA,WATCH,True,retail,rlsports,watch,2025-26 Bowman Basketball Mega Box,,69.99,,,0,85.19,59.99,,,,,,,,0,https://rlsportscards.com/products/2025-26-bowman-basketball-mega-box,2026-08-21T19:27:57+00:00,1.0
TOPPS_2025-26_BOWMAN_MEGA,WATCH,True,retail,hiddengems,trusted,2025-26 Bowman Basketball - Mega Box,,79.99,,,0,95.53,59.99,,,,,,,,0,https://www.hiddengemscardshop.com/products/2025-26-bowman-basketball-mega-box-presell,2026-08-21T19:27:57+00:00,1.0
TOPPS_2025-26_BOWMAN_MEGA,WATCH,True,retail,bleecker,watch,2025-26 Bowman Basketball Mega Box,,80.0,,,0,95.54,59.99,,,,,,,,0,https://bleeckertrading.com/products/2025-26-bowman-basketball-mega-box-presale,2026-08-21T19:27:57+00:00,1.0
TOPPS_2025-26_BOWMAN_MEGA,WATCH,True,retail,awesome,trusted,2025-26 Bowman Basketball Mega Box,,85.75,,,0,101.49,59.99,,,,,,,,0,https://theawesomecardshop.com/products/2025-26-bowman-basketball-mega-box,2026-08-21T19:27:57+00:00,1.0
TOPPS_2025-26_BOWMAN_MEGA,WATCH,True,retail,boxseat,watch,2025-26 Bowman Basketball - Factory Sealed - Mega Box,,99.99,,,0,116.22,59.99,,,,,,,,0,https://boxseatcollectibles.com/products/2025-26-bowman-basketball-factory-sealed-mega-box,2026-08-21T19:27:57+00:00,1.0
TOPPS_2025-26_BOWMAN_MEGA,WATCH,True,retail,worldchampion,watch,2025/26 Bowman Basketball Mega Box (Presell),,110.0,,,0,126.57,59.99,,,,,,,,0,https://www.worldchampionsportscards.org/products/2025-26-bowman-basketball-mega-box-presell,2026-08-21T19:27:57+00:00,1.0
TOPPS_2025-26_BOWMAN_VALUE_BLASTER,WATCH,True,retail,sportscardjunction,watch,2025-26 Bowman Basketball Blaster Box,,40.0,,,1,54.16,29.99,,,,,,,SUIVI,0,https://sportscardjunction.com/products/pre-order-2025-26-bowman-basketball-blaster-box-releases-4-22-26,2026-08-21T19:27:57+00:00,1.0
TOPPS_2025-26_BOWMAN_VALUE_BLASTER,WATCH,True,retail,rbicru7,trusted,"2025-26 Bowman Basketball Blaster, Box",,45.0,,,1,59.34,29.99,,,,,,,,0,https://rbicru7.com/products/2025-26-bowman-basketball-blaster-box,2026-08-21T19:27:57+00:00,1.0
TOPPS_2025-26_BOWMAN_VALUE_BLASTER,WATCH,True,retail,fancave,watch,2025-26 Bowman Basketball Blaster Box,,49.99,,,1,64.5,29.99,,,,,,,,0,https://fancave.com/products/2025-26-bowman-basketball-blaster-box,2026-08-21T19:27:57+00:00,1.0
TOPPS_2025-26_BOWMAN_VALUE_BLASTER,WATCH,True,retail,superior,watch,2025-26 Bowman Basketball Blaster Box,,55.0,,,1,69.68,29.99,,,,,,,,0,https://superiorsportsinvestments.com/products/2025-26-bowman-basketball-blaster-box,2026-08-21T19:27:57+00:00,1.0
TOPPS_2025-26_BOWMAN_VALUE_BLASTER,WATCH,True,retail,columbia,trusted,2025-26 Bowman Basketball Blaster Box | Columbia Sports Cards,,32.79,,,0,46.71,29.99,,,,,,,,0,https://columbiasportscard.com/products/2025-26-bowman-basketball-blaster-box,2026-08-21T19:27:57+00:00,1.0
TOPPS_2025-26_BOWMAN_VALUE_BLASTER,WATCH,True,retail,awesome,trusted,2025-26 Bowman Basketball Blaster Box,,39.75,,,0,53.91,29.99,,,,,,,,0,https://theawesomecardshop.com/products/2025-26-bowman-basketball-blaster-box,2026-08-21T19:27:57+00:00,1.0
TOPPS_2025-26_BOWMAN_VALUE_BLASTER,WATCH,True,retail,cardiacs,trusted,2025-26 Bowman Basketball Blaster Box,,39.95,,,0,54.11,29.99,,,,,,,,0,https://www.thecardiacs.com/products/2025-26-bowman-basketball-blaster-box,2026-08-21T19:27:57+00:00,1.0
TOPPS_2025-26_BOWMAN_VALUE_BLASTER,WATCH,True,retail,collectorstore,trusted,2025-26 Bowman Basketball Blaster Box,,39.99,,,0,54.15,29.99,,,,,,,,0,https://collectorstore.com/products/202526-bowman-basketball-blaster-fgc006692,2026-08-21T19:27:57+00:00,1.0
TOPPS_2025-26_BOWMAN_VALUE_BLASTER,WATCH,True,retail,bleecker,watch,2025-26 Bowman Basketball Blaster Box,,45.0,,,0,59.34,29.99,,,,,,,,0,https://bleeckertrading.com/products/2025-26-bowman-basketball-blaster-box-presale,2026-08-21T19:27:57+00:00,1.0
TOPPS_2025-26_BOWMAN_VALUE_BLASTER,WATCH,True,retail,monmouth,watch,2025-26 Bowman Basketball Blaster Box,,49.99,,,0,64.5,29.99,,,,,,,,0,https://monmouthcards.com/products/2025-26-bowman-basketball-blaster-box,2026-08-21T19:27:57+00:00,1.0
TOPPS_2025-26_BOWMAN_VALUE_BLASTER,WATCH,True,retail,ballgame,watch,2025/26 Bowman Basketball Blaster Box,,50.0,,,0,64.51,29.99,,,,,,,,0,https://theballgame.com/products/2025-26-bowman-basketball-blaster-box-sd-4-22-26,2026-08-21T19:27:57+00:00,1.0
TOPPS_2025-26_BOWMAN_VALUE_BLASTER,WATCH,True,retail,worldchampion,watch,2025/26 Bowman Basketball Blaster Box (Presell),,55.0,,,0,69.68,29.99,,,,,,,,0,https://www.worldchampionsportscards.org/products/2025-26-bowman-basketball-blaster-box-presell,2026-08-21T19:27:57+00:00,1.0
TOPPS_2025-26_CHROME_MEGA,WATCH,True,retail,awesome,trusted,2025-26 Topps Chrome Basketball Mega Box,,199.75,,,1,219.41,199.75,,,,,,,SUIVI,0,https://theawesomecardshop.com/products/2025-26-topps-chrome-basketball-mega-box,2026-08-21T19:27:57+00:00,1.0
TOPPS_2025-26_CHROME_MEGA,WATCH,True,retail,superior,watch,2025-26 Topps Chrome Basketball Mega Box,,290.0,,,1,312.76,199.75,,,,,,,,0,https://superiorsportsinvestments.com/products/2025-26-topps-chrome-basketball-mega-box,2026-08-21T19:27:57+00:00,1.0
TOPPS_2025-26_CHROME_MEGA,WATCH,True,retail,bleecker,watch,2025-26 Topps Chrome McDonald's All-American Basketball Mega Box,,75.0,,,0,90.37,199.75,,,,,,,,0,https://bleeckertrading.com/products/2025-26-topps-chrome-mcdonalds-all-american-basketball-mega-box-presale,2026-08-21T19:27:57+00:00,1.0
TOPPS_2025-26_CHROME_MEGA,WATCH,True,retail,columbia,trusted,2025/26 Topps Chrome Basketball Mega Box | Columbia Sports Cards,,82.99,,,0,98.63,199.75,,,,,,,,0,https://columbiasportscard.com/products/2025-26-topps-chrome-basketball-mega-box-columbia-sports-cards,2026-08-21T19:27:57+00:00,1.0
TOPPS_2025-26_CHROME_MEGA,WATCH,True,retail,worldchampion,watch,2025/26 Topps Chrome Basketball Mega Box,,125.0,,,0,142.09,199.75,,,,,,,,0,https://www.worldchampionsportscards.org/products/2025-topps-chrome-basketball-value-box-presell-copy,2026-08-21T19:27:57+00:00,1.0
TOPPS_2025-26_CHROME_MEGA,WATCH,True,retail,rlsports,watch,2025-26 Topps Chrome Basketball Mega Box,,129.99,,,0,147.25,199.75,,,,,,,,0,https://rlsportscards.com/products/2025-26-topps-chrome-basketball-mega-box,2026-08-21T19:27:57+00:00,1.0
TOPPS_2025-26_CHROME_MEGA,WATCH,True,retail,sportscardjunction,watch,2025-26 Topps Chrome Basketball Mega Box,,180.0,,,0,198.98,199.75,,,,,,,,0,https://sportscardjunction.com/products/pre-order-2025-26-topps-chrome-basketball-mega-box-releases-12-18-25,2026-08-21T19:27:57+00:00,1.0
TOPPS_2025-26_CHROME_MEGA,WATCH,True,retail,boxseat,watch,2025-26 Topps Chrome Basketball MEGA BOX,,189.99,,,0,209.31,199.75,,,,,,,,0,https://boxseatcollectibles.com/products/2025-26-topps-chrome-basketball-mega-box,2026-08-21T19:27:57+00:00,1.0
TOPPS_2025-26_CHROME_MEGA,WATCH,True,retail,ehcards,trusted,2025/26 Topps Chrome Basketball Mega Box,,199.99,,,0,219.66,199.75,,,,,,,,0,https://ehcards.com/products/2025-26-topps-chrome-basketball-mega-box,2026-08-21T19:27:57+00:00,1.0
TOPPS_2025-26_CHROME_MEGA,WATCH,True,retail,bleecker,watch,2025-26 Topps Chrome Basketball Mega Box,,200.0,,,0,219.67,199.75,,,,,,,,0,https://bleeckertrading.com/products/2025-26-topps-chrome-basketball-mega-box-presale,2026-08-21T19:27:57+00:00,1.0
TOPPS_2025-26_CHROME_MEGA,WATCH,True,retail,hiddengems,trusted,2025-26 Topps Chrome Basketball - Mega Box,,230.0,,,0,250.7,199.75,,,,,,,,0,https://www.hiddengemscardshop.com/products/2025-26-topps-chrome®-basketball-mega-box,2026-08-21T19:27:57+00:00,1.0
TOPPS_2025-26_CHROME_BLASTER,WATCH,True,retail,ehcards,trusted,2025/26 Topps Chrome Basketball Blaster Box,,79.99,,,1,95.53,79.99,,,,,,,SUIVI,0,https://ehcards.com/products/2025-26-topps-chrome-basketball-blaster-box,2026-08-21T19:27:57+00:00,1.0
TOPPS_2025-26_CHROME_BLASTER,WATCH,True,retail,rbicru7,trusted,"2025-26 Topps Chrome Basketball Blaster, Box",,85.0,,,1,100.71,79.99,,,,,,,,0,https://rbicru7.com/products/2025-26-topps-chrome-basketball-blaster-box,2026-08-21T19:27:57+00:00,1.0
TOPPS_2025-26_CHROME_BLASTER,WATCH,True,retail,superior,watch,2025-26 Topps Chrome Basketball Blaster Box,,115.0,,,1,131.74,79.99,,,,,,,,0,https://superiorsportsinvestments.com/products/2025-26-topps-chrome-basketball-blaster-box,2026-08-21T19:27:57+00:00,1.0
TOPPS_2025-26_CHROME_BLASTER,WATCH,True,retail,columbia,trusted,2025/26 Topps Chrome Basketball 7-Pack Blaster Box | Columbia Sports Cards,,44.99,,,0,59.33,79.99,,,,,,,,0,https://columbiasportscard.com/products/2025-26-topps-chrome-basketball-blaster-box,2026-08-21T19:27:57+00:00,1.0
TOPPS_2025-26_CHROME_BLASTER,WATCH,True,retail,cardiacs,trusted,2025-26 Topps Chrome Basketball Blaster Box,,54.95,,,0,69.63,79.99,,,,,,,,0,https://www.thecardiacs.com/products/2025-26-topps-chrome-basketball-blaster-box,2026-08-21T19:27:57+00:00,1.0
TOPPS_2025-26_CHROME_BLASTER,WATCH,True,retail,awesome,trusted,2025-26 Topps Chrome Basketball Blaster Box,,55.75,,,0,70.46,79.99,,,,,,,,0,https://theawesomecardshop.com/products/2025-26-topps-chrome-basketball-blaster-box,2026-08-21T19:27:57+00:00,1.0
TOPPS_2025-26_CHROME_BLASTER,WATCH,True,retail,sportscardjunction,watch,2025-26 Topps Chrome Basketball Value Blaster Box,,80.0,,,0,95.54,79.99,,,,,,,,0,https://sportscardjunction.com/products/pre-order-2025-26-topps-chrome-basketball-value-blaster-box-releases-12-18-25,2026-08-21T19:27:57+00:00,1.0
TOPPS_2025-26_CHROME_BLASTER,WATCH,True,retail,bleecker,watch,2025-26 Topps Chrome Basketball Blaster Box,,85.0,,,0,100.71,79.99,,,,,,,,0,https://bleeckertrading.com/products/2025-26-topps-chrome-basketball-blaster-box-presale,2026-08-21T19:27:57+00:00,1.0
TOPPS_2025-26_CHROME_BLASTER,WATCH,True,retail,bleecker,watch,2025-26 Topps Chrome Basketball Blaster Box,,90.0,,,0,105.88,79.99,,,,,,,,0,https://bleeckertrading.com/products/2025-26-topps-chrome-basketball-blaster-box,2026-08-21T19:27:57+00:00,1.0
TOPPS_2025-26_CHROME_HANGER,WATCH,True,retail,hiddengems,trusted,2025-26 Topps Chrome Basketball Hanger Box,,69.99,,,1,85.19,69.99,,,,,,,SUIVI,0,https://www.hiddengemscardshop.com/products/2025-26-topps-chrome-basketball-hanger-box,2026-08-21T19:27:57+00:00,1.0
TOPPS_2025-26_CHROME_HANGER,WATCH,True,retail,rbicru7,trusted,"2025-26 Topps Chrome Basketball Hanger, Box",,75.0,,,1,90.37,69.99,,,,,,,,0,https://rbicru7.com/products/2025-26-topps-chrome-basketball-hanger-box,2026-08-21T19:27:57+00:00,1.0
TOPPS_2025-26_CHROME_HANGER,WATCH,True,retail,superior,watch,2025-26 Topps Chrome Basketball Hanger Box,,98.0,,,1,114.16,69.99,,,,,,,,0,https://superiorsportsinvestments.com/products/2025-26-topps-chrome-basketball-hanger-box,2026-08-21T19:27:57+00:00,1.0
TOPPS_2025-26_CHROME_HANGER,WATCH,True,retail,bleecker,watch,2025-26 Topps Chrome Basketball Hanger Box,,50.0,,,0,64.51,69.99,,,,,,,,0,https://bleeckertrading.com/products/2025-26-topps-chrome-basketball-hanger-box,2026-08-21T19:27:57+00:00,1.0
TOPPS_2025-26_CHROME_UPDATE_MEGA,WATCH,True,retail,hiddengems,trusted,2025-26 Topps Chrome Update Series Basketball Mega Box,,180.0,,,1,198.98,180.0,,,,,,,SUIVI,0,https://www.hiddengemscardshop.com/products/2025-26-topps-chrome-update-series-basketball-mega-box,2026-08-21T19:27:57+00:00,1.0
TOPPS_2025-26_CHROME_UPDATE_MEGA,WATCH,True,retail,collectorstore,trusted,2025-26 Topps Chrome Update Series Basketball Mega Box,,189.99,,,1,209.31,180.0,,,,,,,,0,https://collectorstore.com/products/2025-26-topps-chrome-update-series-basketball-mega-box,2026-08-21T19:27:57+00:00,1.0
TOPPS_2025-26_CHROME_UPDATE_MEGA,WATCH,True,retail,superior,watch,2025-26 Topps Chrome Update Series Basketball Mega Box,,220.0,,,1,240.36,180.0,,,,,,,,0,https://superiorsportsinvestments.com/products/2025-26-topps-chrome-update-series-basketball-mega-box,2026-08-21T19:27:57+00:00,1.0
TOPPS_2025-26_CHROME_UPDATE_MEGA,WATCH,True,retail,rlsports,watch,2025-26 Topps Chrome Update Basketball Mega Box,,85.0,,,0,100.71,180.0,,,,,,,,0,https://rlsportscards.com/products/2025-26-topps-chrome-update-basketball-mega-box,2026-08-21T19:27:57+00:00,1.0
TOPPS_2025-26_CHROME_UPDATE_MEGA,WATCH,True,retail,columbia,trusted,2025/26 Topps Chrome Update Series Basketball Mega Box | Columbia Sports Cards,,174.99,,,0,193.8,180.0,,,,,,,,0,https://columbiasportscard.com/products/2025-26-topps-chrome-update-series-basketball-mega-box,2026-08-21T19:27:57+00:00,1.0
TOPPS_2025-26_CHROME_UPDATE_MEGA,WATCH,True,retail,awesome,trusted,2025-26 Topps Chrome Update Series Basketball Mega Box,,199.75,,,0,219.41,180.0,,,,,,,,0,https://theawesomecardshop.com/products/2025-26-topps-chrome-update-series-basketball-mega-box,2026-08-21T19:27:57+00:00,1.0
TOPPS_2025-26_CHROME_UPDATE_MEGA,WATCH,True,retail,bleecker,watch,2025-26 Topps Chrome Update Series Basketball Mega Box,,200.0,,,0,219.67,180.0,,,,,,,,0,https://bleeckertrading.com/products/2025-26-topps-chrome-update-series-basketball-mega-box,2026-08-21T19:27:57+00:00,1.0
TOPPS_2025-26_CHROME_UPDATE_MEGA,WATCH,True,retail,sjay2k,watch,2025-26 Topps Chrome Update Basketball Mega Box,,200.0,,,0,219.67,180.0,,,,,,,,0,https://www.sjay2k.com/products/2025-26-topps-chrome-update-basketball-mega-box-pre-order-august-6,2026-08-21T19:27:57+00:00,1.0
TOPPS_2025-26_CHROME_UPDATE_MEGA,WATCH,True,retail,worldchampion,watch,2025/26 Topps Chrome Update Series Basketball Mega Box (Presell),,225.0,,,0,245.53,180.0,,,,,,,,0,https://www.worldchampionsportscards.org/products/2025-26-topps-chrome-update-series-basketball-mega-box-presell,2026-08-21T19:27:57+00:00,1.0
TOPPS_2025-26_CHROME_UPDATE_BLASTER,WATCH,True,retail,superior,watch,2025-26 Topps Chrome Update Series Basketball Blaster Box,,120.0,,,1,136.92,120.0,,,,,,,SUIVI,0,https://superiorsportsinvestments.com/products/2025-26-topps-chrome-update-series-basketball-blaster-box,2026-08-21T19:27:57+00:00,1.0
TOPPS_2025-26_CHROME_UPDATE_BLASTER,WATCH,True,retail,bleecker,watch,2025-26 Topps Chrome Update Series Basketball Blaster Box,,45.0,,,0,59.34,120.0,,,,,,,,0,https://bleeckertrading.com/products/2025-26-topps-chrome-update-series-basketball-blaster-box,2026-08-21T19:27:57+00:00,1.0
TOPPS_2025-26_CHROME_UPDATE_BLASTER,WATCH,True,retail,sportscardjunction,watch,2025-26 Topps Chrome Update Basketball Blaster Box,,45.0,,,0,59.34,120.0,,,,,,,,0,https://sportscardjunction.com/products/2025-26-topps-chrome-update-basketball-blaster-box,2026-08-21T19:27:57+00:00,1.0
TOPPS_2025-26_CHROME_UPDATE_BLASTER,WATCH,True,retail,awesome,trusted,2025-26 Topps Chrome Update Series Basketball Blaster Box,,79.75,,,0,95.28,120.0,,,,,,,,0,https://theawesomecardshop.com/products/2025-26-topps-chrome-update-series-basketball-blaster-box,2026-08-21T19:27:57+00:00,1.0
TOPPS_2025-26_CHROME_UPDATE_BLASTER,WATCH,True,retail,columbia,trusted,2025/26 Topps Chrome Update Series Basketball Blaster Box | Columbia Sports Cards,,87.95,,,0,103.76,120.0,,,,,,,,0,https://columbiasportscard.com/products/2025-26-topps-chrome-update-series-basketball-blaster-box,2026-08-21T19:27:57+00:00,1.0
TOPPS_2025-26_CHROME_UPDATE_BLASTER,WATCH,True,retail,worldchampion,watch,2025/26 Topps Chrome Update Series Basketball Blaster Box (Presell),,100.0,,,0,116.23,120.0,,,,,,,,0,https://www.worldchampionsportscards.org/products/2025-26-topps-chrome-update-series-basketball-blaster-box-presell,2026-08-21T19:27:57+00:00,1.0
TOPPS_2025-26_CHROME_UPDATE_BLASTER,WATCH,True,retail,sjay2k,watch,2025-26 Topps Chrome Update Basketball Value Blaster Box,,110.0,,,0,126.57,120.0,,,,,,,,0,https://www.sjay2k.com/products/2025-26-topps-chrome-update-basketball-value-blaster-box-pre-order-august-6,2026-08-21T19:27:57+00:00,1.0
TOPPS_2025-26_HOOPS_BLASTER,WATCH,True,retail,cardiacs,trusted,2025-26 Topps NBA Hoops Basketball Blaster Box,,29.95,,,1,43.77,29.95,,,,,,,SUIVI,0,https://www.thecardiacs.com/products/2025-26-topps-nba-hoops-basketball-blaster-box,2026-08-21T19:27:57+00:00,1.0
TOPPS_2025-26_HOOPS_BLASTER,WATCH,True,retail,rbicru7,trusted,"2025-26 Topps NBA Hoops Basketball Blaster, Box",,30.0,,,1,43.82,29.95,,,,,,,,0,https://rbicru7.com/products/2025-26-topps-nba-hoops-basketball-blaster-box,2026-08-21T19:27:57+00:00,1.0
TOPPS_2025-26_HOOPS_BLASTER,WATCH,True,retail,sportscardjunction,watch,2025-26 Topps Hoops Basketball Blaster Box,,30.0,,,1,43.82,29.95,,,,,,,,0,https://sportscardjunction.com/products/2025-26-topps-hoops-basketball-blaster-box,2026-08-21T19:27:57+00:00,1.0
TOPPS_2025-26_HOOPS_BLASTER,WATCH,True,retail,ehcards,trusted,2025/26 Topps NBA Hoops Basketball Blaster Box,,39.99,,,1,54.15,29.95,,,,,,,,0,https://ehcards.com/products/2025-26-topps-nba-hoops-basketball-blaster-box,2026-08-21T19:27:57+00:00,1.0
TOPPS_2025-26_HOOPS_BLASTER,WATCH,True,retail,monmouth,watch,2025-26 Topps NBA Hoops Basketball Blaster Box,,39.99,,,1,54.15,29.95,,,,,,,,0,https://monmouthcards.com/products/2025-26-topps-nba-hoops-basketball-value-blaster-box,2026-08-21T19:27:57+00:00,1.0
TOPPS_2025-26_HOOPS_BLASTER,WATCH,True,retail,ballgame,watch,2025/26 Topps Hoops Basketball Blaster Box,,40.0,,,1,54.16,29.95,,,,,,,,0,https://theballgame.com/products/2025-26-topps-hoops-basketball-blaster-box,2026-08-21T19:27:57+00:00,1.0
TOPPS_2025-26_HOOPS_BLASTER,WATCH,True,retail,worldchampion,watch,2025/26 Topps Hoops Basketball Blaster Box (Presell),,40.0,,,1,54.16,29.95,,,,,,,,0,https://www.worldchampionsportscards.org/products/2025-26-topps-hoops-basketball-blaster-box-presell,2026-08-21T19:27:57+00:00,1.0
TOPPS_2025-26_HOOPS_BLASTER,WATCH,True,retail,superior,watch,2025-26 Topps Hoops Basketball Blaster Box,,60.0,,,1,74.85,29.95,,,,,,,,0,https://superiorsportsinvestments.com/products/2025-26-topps-hoops-basketball-blaster-box,2026-08-21T19:27:57+00:00,1.0
TOPPS_2025-26_HOOPS_BLASTER,WATCH,True,retail,columbia,trusted,2025/26 Topps NBA Hoops Basketball Blaster Box | Columbia Sports Cards,,24.95,,,0,38.6,29.95,,,,,,,,0,https://columbiasportscard.com/products/2025-26-topps-nba-hoops-basketball-blaster-box,2026-08-21T19:27:57+00:00,1.0
TOPPS_2025-26_HOOPS_BLASTER,WATCH,True,retail,collectorstore,trusted,2025-26 Topps NBA Hoops Basketball Blaster Box,,24.99,,,0,38.64,29.95,,,,,,,,0,https://collectorstore.com/products/2025-26-topps-nba-hoops-basketball-blaster-box,2026-08-21T19:27:57+00:00,1.0
TOPPS_2025-26_HOOPS_BLASTER,WATCH,True,retail,awesome,trusted,2025-26 Topps NBA Hoops Basketball Blaster Box,,29.75,,,0,43.56,29.95,,,,,,,,0,https://theawesomecardshop.com/products/2025-26-topps-nba-hoops-basketball-blaster-box,2026-08-21T19:27:57+00:00,1.0
TOPPS_2025-26_HOOPS_BLASTER,WATCH,True,retail,bleecker,watch,2025-26 Topps NBA Hoops Basketball Blaster Box,,40.0,,,0,54.16,29.95,,,,,,,,0,https://bleeckertrading.com/products/2025-26-topps-nba-hoops-basketball-blaster-box-presale,2026-08-21T19:27:57+00:00,1.0
PANINI_2023-24_COURT_KINGS_HOBBY,ACTIVE,True,hobby,sportscardjunction,watch,2023-24 Panini Court Kings Basketball Hobby Box,,200.0,,,0,219.67,,,,,250.0,300.0,,,0,https://sportscardjunction.com/products/2023-24-panini-court-kings-basketball-hobby-box,2026-08-21T19:27:57+00:00,1.0
PANINI_2023-24_COURT_KINGS_HOBBY,ACTIVE,True,hobby,columbia,trusted,2023-24 Panini Court Kings Basketball Hobby Box,,209.99,,,0,230.0,,,,,250.0,300.0,,,0,https://columbiasportscard.com/products/2023-24-panini-court-kings-basketball-hobby-box,2026-08-21T19:27:57+00:00,1.0
PANINI_2023-24_COURT_KINGS_HOBBY,ACTIVE,True,hobby,rlsports,watch,2023-24 Panini Court Kings Basketball Hobby Box,,219.95,,,0,240.3,,,,,250.0,300.0,,,0,https://rlsportscards.com/products/2023-24-panini-court-kings-basketball-hobby-box,2026-08-21T19:27:57+00:00,1.0
PANINI_2023-24_COURT_KINGS_HOBBY,ACTIVE,True,hobby,bleecker,watch,2023-24 Panini Court Kings Basketball Hobby Box,,235.0,,,0,255.87,,,,,250.0,300.0,,,0,https://bleeckertrading.com/products/2023-2024-panini-court-kings-basketball-hobby-box,2026-08-21T19:27:57+00:00,1.0
PANINI_2023-24_COURT_KINGS_HOBBY,ACTIVE,True,hobby,worldchampion,watch,2023-24 Panini Court Kings Basketball Hobby Box,,250.0,,,0,271.39,,,,,250.0,300.0,,,0,https://www.worldchampionsportscards.org/products/2023-24-panini-court-kings-basketball-hobby-box,2026-08-21T19:27:57+00:00,1.0
PANINI_2023-24_COURT_KINGS_HOBBY,ACTIVE,True,hobby,awesome,trusted,2023-24 Panini Court Kings Basketball Hobby Box,,680.75,,,0,716.96,,,,,250.0,300.0,,,0,https://theawesomecardshop.com/products/2023panini-court-kings-basketball-hobby-boxsportscards,2026-08-21T19:27:57+00:00,1.0
PANINI_2023-24_REVOLUTION_HOBBY,ACTIVE,True,hobby,sportscardjunction,watch,2023-24 Panini Revolution Basketball Hobby Box,,140.0,,,0,157.6,399.95,,,,275.0,320.0,,,0,https://sportscardjunction.com/products/2023-24-panini-revolution-basketball-hobby-box,2026-08-21T19:27:57+00:00,1.0
PANINI_2023-24_REVOLUTION_HOBBY,ACTIVE,True,hobby,rlsports,watch,2023-24 Panini Revolution Basketball Hobby Box,,149.95,,,0,167.9,399.95,,,,275.0,320.0,,,0,https://rlsportscards.com/products/2023-24-panini-revolution-basketball-hobby-box,2026-08-21T19:27:57+00:00,1.0
PANINI_2023-24_REVOLUTION_HOBBY,ACTIVE,True,hobby,awesome,trusted,2023-24 Panini Revolution Basketball Hobby Box,,159.75,,,0,178.03,399.95,,,,275.0,320.0,,,0,https://theawesomecardshop.com/products/2023-24-panini-revolution-basketball-hobby-box-2,2026-08-21T19:27:57+00:00,1.0
PANINI_2023-24_REVOLUTION_HOBBY,ACTIVE,True,hobby,worldchampion,watch,2023-24 Panini Revolution Basketball Hobby Box,,175.0,,,0,193.81,399.95,,,,275.0,320.0,,,0,https://www.worldchampionsportscards.org/products/2023-24-panini-revolution-basketball-hobby-box,2026-08-21T19:27:57+00:00,1.0
PANINI_2023-24_REVOLUTION_HOBBY,ACTIVE,True,hobby,ballgame,watch,2023-24 Panini Revolution NBA Trading Card Hobby Box,,190.0,,,0,209.32,399.95,,,,275.0,320.0,,,0,https://theballgame.com/products/2023-24-panini-revolution-nba-trading-card-hobby-box,2026-08-21T19:27:57+00:00,1.0
PANINI_2023-24_REVOLUTION_HOBBY,ACTIVE,True,hobby,monmouth,watch,2023-24 Panini Revolution Basketball Hobby Box,,199.99,,,0,219.66,399.95,,,,275.0,320.0,,,0,https://monmouthcards.com/products/2023-24-panini-revolutions-basketball-hobby-box,2026-08-21T19:27:57+00:00,1.0
PANINI_2023-24_OPTIC_HOBBY,ACTIVE,True,hobby,rlsports,watch,2023-24 Panini Donruss Optic Basketball Hobby Box,,459.99,,,0,488.6,,,,,250.0,300.0,,,0,https://rlsportscards.com/products/2023-24-panini-donruss-optic-basketball-hobby-box,2026-08-21T19:27:57+00:00,1.0
PANINI_2023-24_OPTIC_HOBBY,ACTIVE,True,hobby,awesome,trusted,2023-24 Panini Donruss Optic Basketball Hobby Box,,464.75,,,0,493.53,,,,,250.0,300.0,,,0,https://theawesomecardshop.com/products/2023-24-panini-donruss-optic-basketball-hobby-box,2026-08-21T19:27:57+00:00,1.0
PANINI_2023-24_OPTIC_HOBBY,ACTIVE,True,hobby,monmouth,watch,2023-24 Panini Donruss Optic Basketball Hobby Box,,499.99,,,0,529.98,,,,,250.0,300.0,,,0,https://monmouthcards.com/products/2023-24-panini-donruss-optic-basketball-hobby-box,2026-08-21T19:27:57+00:00,1.0
PANINI_2023-24_OPTIC_HOBBY,ACTIVE,True,hobby,sportscardjunction,watch,2023-24 Panini Donruss Optic Basketball Hobby Box,,500.0,,,0,529.99,,,,,250.0,300.0,,,0,https://sportscardjunction.com/products/2023-24-panini-donruss-optic-basketball-hobby-box,2026-08-21T19:27:57+00:00,1.0
PANINI_2023-24_OPTIC_HOBBY,ACTIVE,True,hobby,columbia,trusted,2023-24 Panini Donruss Optic Basketball Hobby Box,,519.99,,,0,550.67,,,,,250.0,300.0,,,0,https://columbiasportscard.com/products/2023-24-panini-donruss-optic-nba-basketball-hobby-box-new-free-shipping-🔥🔥🔥,2026-08-21T19:27:57+00:00,1.0
PANINI_2023-24_OPTIC_HOBBY,ACTIVE,True,hobby,ballgame,watch,2023/24 Panini Donruss Optic Basketball Hobby Box,,540.0,,,0,571.36,,,,,250.0,300.0,,,0,https://theballgame.com/products/2023-24-panini-donruss-optic-basketball-hobby-box,2026-08-21T19:27:57+00:00,1.0
PANINI_2023-24_OPTIC_HOBBY,ACTIVE,True,hobby,worldchampion,watch,2023-24 Panini Donruss Optic Basketball Hobby Box,,550.0,,,0,581.71,,,,,250.0,300.0,,,0,https://www.worldchampionsportscards.org/products/2023-24-panini-donruss-optic-basketball-hobby-box,2026-08-21T19:27:57+00:00,1.0
PANINI_2023-24_OPTIC_HOBBY,ACTIVE,True,hobby,bleecker,watch,2023-24 Panini Donruss Optic Basketball Hobby Box,,700.0,,,0,736.87,,,,,250.0,300.0,,,0,https://bleeckertrading.com/products/2023-24-panini-donruss-optic-basketball-hobby-sealed-box,2026-08-21T19:27:57+00:00,1.0
PANINI_2023-24_SELECT_HOBBY,ACTIVE,True,hobby,ballgame,watch,2023/24 Panini Select Basketball Hobby Exclusive Blaster Box,,50.0,,,0,64.51,,,,,300.0,350.0,,,0,https://theballgame.com/products/2023-24-panini-select-basketball-hobby-exclusive-blaster-box,2026-08-21T19:27:57+00:00,1.0
PANINI_2023-24_SELECT_HOBBY,ACTIVE,True,hobby,ballgame,watch,2023-24 Panini Select Basketball Hobby Exclusive MEGA BOX (GREEN SHOCK) Rare,,75.0,,,0,90.37,,,,,300.0,350.0,,,0,https://theballgame.com/products/2023-24-panini-select-basketball-hobby-exclusive-mega-box-green-shock-rare,2026-08-21T19:27:57+00:00,1.0
PANINI_2023-24_SELECT_HOBBY,ACTIVE,True,hobby,awesome,trusted,2023-24 Panini Select Basketball Hobby Box,,534.0,,,0,565.16,,,,,300.0,350.0,,,0,https://theawesomecardshop.com/products/2023-24-panini-select-basketball-hobby-box,2026-08-21T19:27:57+00:00,1.0
PANINI_2023-24_SELECT_HOBBY,ACTIVE,True,hobby,columbia,trusted,2023-24 Panini Select Basketball Hobby Box,,544.99,,,0,576.53,,,,,300.0,350.0,,,0,https://columbiasportscard.com/products/2023-24-panini-select-basketball-hobby-box,2026-08-21T19:27:57+00:00,1.0
PANINI_2023-24_SELECT_HOBBY,ACTIVE,True,hobby,rlsports,watch,2023-24 Panini Select Basketball Hobby Box,,564.99,,,0,597.21,,,,,300.0,350.0,,,0,https://rlsportscards.com/products/2023-24-panini-select-basketball-hobby-box,2026-08-21T19:27:57+00:00,1.0
PANINI_2023-24_SELECT_HOBBY,ACTIVE,True,hobby,sportscardjunction,watch,2023-24 Panini Select Basketball Hobby Box,,565.0,,,0,597.22,,,,,300.0,350.0,,,0,https://sportscardjunction.com/products/pre-order-2023-24-panini-select-basketball-hobby-box,2026-08-21T19:27:57+00:00,1.0
PANINI_2023-24_SELECT_HOBBY,ACTIVE,True,hobby,ballgame,watch,2023/24 Panini Select Basketball Hobby Box,,675.0,,,0,711.01,,,,,300.0,350.0,,,0,https://theballgame.com/products/2023-24-panini-select-basketball-hobby-box,2026-08-21T19:27:57+00:00,1.0
PANINI_2023-24_SELECT_HOBBY,ACTIVE,True,hobby,worldchampion,watch,2023-24 Panini Select Basketball Hobby Box,,675.0,,,0,711.01,,,,,300.0,350.0,,,0,https://www.worldchampionsportscards.org/products/2023-24-panini-select-basketball-hobby-box,2026-08-21T19:27:57+00:00,1.0
PANINI_2023-24_SELECT_HOBBY,ACTIVE,True,hobby,bleecker,watch,2023-24 Panini Select Basketball Hobby Box,,850.0,,,0,892.03,,,,,300.0,350.0,,,0,https://bleeckertrading.com/products/2023-24-select-basketball-hobby-box,2026-08-21T19:27:57+00:00,1.0
PANINI_2023-24_PRIZM_HOBBY,ACTIVE,True,hobby,sportscardjunction,watch,2023-24 Panini Prizm NBA Basketball Hobby Box,,950.0,,,0,995.47,,,,,900.0,1000.0,,,0,https://sportscardjunction.com/products/pre-order-2023-24-panini-prizm-nba-basketball-hobby-box-releases-2-21-24,2026-08-21T19:27:57+00:00,1.0
PANINI_2023-24_PRIZM_HOBBY,ACTIVE,True,hobby,columbia,trusted,2023-24 Panini Prizm Basketball Hobby Box,,1149.0,,,0,1201.31,,,,,900.0,1000.0,,,0,https://columbiasportscard.com/products/2023-24-panini-prizm-basketball-hobby-box,2026-08-21T19:27:57+00:00,1.0
PANINI_2023-24_PRIZM_HOBBY,ACTIVE,True,hobby,ballgame,watch,2023/24 Panini Prizm Basketball Hobby Box,,1175.0,,,0,1228.21,,,,,900.0,1000.0,,,0,https://theballgame.com/products/2023-24-panini-prizm-basketball-hobby-box,2026-08-21T19:27:57+00:00,1.0
PANINI_2023-24_PRIZM_HOBBY,ACTIVE,True,hobby,awesome,trusted,2023-24 Panini Prizm Basketball Hobby Box,,1275.0,,,0,1331.65,,,,,900.0,1000.0,,,0,https://theawesomecardshop.com/products/2023-24-panini-prizm-basketball-hobby-box-2,2026-08-21T19:27:57+00:00,1.0
PANINI_2023-24_PRIZM_HOBBY,ACTIVE,True,hobby,worldchampion,watch,2023-24 Panini Prizm Basketball Hobby Box,,1400.0,,,0,1460.95,,,,,900.0,1000.0,,,0,https://www.worldchampionsportscards.org/products/2023-24-panini-prizm-basketball-hobby-box,2026-08-21T19:27:57+00:00,1.0
PANINI_2023-24_PRIZM_HOBBY,ACTIVE,True,hobby,rlsports,watch,2023-24 Panini Prizm Basketball Hobby Box,,1449.99,,,0,1512.66,,,,,900.0,1000.0,,,0,https://rlsportscards.com/products/2023-24-panini-prizm-basketball-hobby-box,2026-08-21T19:27:57+00:00,1.0
PANINI_2023-24_PRIZM_HOBBY,ACTIVE,True,hobby,bleecker,watch,2023-24 Panini Prizm Basketball Hobby Box,,1500.0,,,0,1564.39,,,,,900.0,1000.0,,,0,https://bleeckertrading.com/products/2023-24-prizm-basketball-sealed-hobby-box,2026-08-21T19:27:57+00:00,1.0
PANINI_2023-24_CONTENDERS_HOBBY,ACTIVE,True,hobby,collectorstore,trusted,2023-24 Panini Contenders Basketball Hobby Box,,439.95,,,1,467.87,439.95,,,,350.0,400.0,,NO_GO,0,https://collectorstore.com/products/2023-24-panini-contenders-basketball-hobby-box,2026-08-21T19:27:57+00:00,1.0
PANINI_2023-24_CONTENDERS_HOBBY,ACTIVE,True,hobby,rbicru7,trusted,"2023-24 Panini Contenders Basketball Hobby, Box",,550.0,,,1,581.71,439.95,,,,350.0,400.0,,,0,https://rbicru7.com/products/2023-24-panini-contenders-basketball-hobby-box-releases-6-19,2026-08-21T19:27:57+00:00,1.0
PANINI_2023-24_CONTENDERS_HOBBY,ACTIVE,True,hobby,columbia,trusted,2023-24 Panini Contenders Basketball Hobby Box,,324.99,,,0,348.96,439.95,,,,350.0,400.0,,,0,https://columbiasportscard.com/products/2023-24-panini-contenders-basketball-hobby-box,2026-08-21T19:27:57+00:00,1.0
PANINI_2023-24_CONTENDERS_HOBBY,ACTIVE,True,hobby,sportscardjunction,watch,2023-24 Panini Contenders Basketball Hobby Box,,340.0,,,0,364.48,439.95,,,,350.0,400.0,,,0,https://sportscardjunction.com/products/2023-24-panini-contenders-basketball-hobby-box,2026-08-21T19:27:57+00:00,1.0
PANINI_2023-24_CONTENDERS_HOBBY,ACTIVE,True,hobby,rlsports,watch,2023-24 Panini Contenders Basketball Hobby Box,,379.95,,,0,405.81,439.95,,,,350.0,400.0,,,0,https://rlsportscards.com/products/2023-24-panini-contenders-basketball-hobby-box,2026-08-21T19:27:57+00:00,1.0
PANINI_2023-24_CONTENDERS_HOBBY,ACTIVE,True,hobby,awesome,trusted,2023-24 Panini Contenders Basketball Hobby Box,,399.75,,,0,426.29,439.95,,,,350.0,400.0,,,0,https://theawesomecardshop.com/products/2023-24-panini-contenders-basketball-hobby-box,2026-08-21T19:27:57+00:00,1.0
PANINI_2023-24_CONTENDERS_HOBBY,ACTIVE,True,hobby,worldchampion,watch,2023-24 Panini Contenders Basketball Hobby Box,,425.0,,,0,452.41,439.95,,,,350.0,400.0,,,0,https://www.worldchampionsportscards.org/products/2023-24-panini-contenders-basketball-hobby-box,2026-08-21T19:27:57+00:00,1.0
PANINI_2023-24_CONTENDERS_HOBBY,ACTIVE,True,hobby,monmouth,watch,2023-24 Panini Contenders Basketball Hobby Box,,449.99,,,0,478.26,439.95,,,,350.0,400.0,,,0,https://monmouthcards.com/products/2023-24-panini-contenders-basketball-hobby-box,2026-08-21T19:27:57+00:00,1.0
PANINI_2023-24_CONTENDERS_HOBBY,ACTIVE,True,hobby,bleecker,watch,2023-24 Panini Contenders Basketball Hobby Box,,500.0,,,0,529.99,439.95,,,,350.0,400.0,,,0,https://bleeckertrading.com/products/2023-24-panini-contenders-basketball-sealed-hobby-box,2026-08-21T19:27:57+00:00,1.0
PANINI_2023-24_OPTIC_FOTL,WATCH,True,hobby,boxseat,watch,2023-24 Panini Donruss Optic Basketball 1st Off the Line Hobby Box,,899.99,,,0,943.74,949.98,,,,,,,,0,https://boxseatcollectibles.com/products/2023-24-panini-donruss-optic-basketball-1st-off-the-line-hobby-box,2026-08-21T19:27:57+00:00,1.0
PANINI_2023-24_OPTIC_FOTL,WATCH,True,hobby,columbia,trusted,2023-24 Panini Donruss Optic Basketball 1st Off The Line FOTL Hobby Box,,949.98,,,0,995.45,949.98,,,,,,,,0,https://columbiasportscard.com/products/2023-24-panini-donruss-optic-fotl-nba-basketball-hobby-box-new-free-ship-🔥🔥🔥,2026-08-21T19:27:57+00:00,1.0
PANINI_2023-24_OPTIC_CHOICE,WATCH,True,hobby,sjay2k,watch,2023-24 Panini Donruss Optic Basketball Choice Box,,600.0,,,1,633.43,244.75,,,,,,,SUIVI,0,https://www.sjay2k.com/products/2023-24-panini-donruss-optic-basketball-choice-box,2026-08-21T19:27:57+00:00,1.0
PANINI_2023-24_OPTIC_CHOICE,WATCH,True,hobby,awesome,trusted,2023-24 Panini Donruss Optic Basketball Choice Box,,244.75,,,0,265.96,244.75,,,,,,,,0,https://theawesomecardshop.com/products/2023-24-panini-donruss-optic-basketball-choice-box,2026-08-21T19:27:57+00:00,1.0
PANINI_2023-24_OPTIC_CHOICE,WATCH,True,hobby,worldchampion,watch,2023/24 Panini Donruss Optic Basketball Choice Box,,250.0,,,0,271.39,244.75,,,,,,,,0,https://www.worldchampionsportscards.org/products/2023-24-panini-donruss-optic-basketball-choice-box,2026-08-21T19:27:57+00:00,1.0
PANINI_2023-24_OPTIC_CHOICE,WATCH,True,hobby,bleecker,watch,2023-24 Donruss Optic Choice Basketball Box,,350.0,,,0,374.83,244.75,,,,,,,,0,https://bleeckertrading.com/products/2023-24-donruss-optic-choice-sealed-box,2026-08-21T19:27:57+00:00,1.0
PANINI_2023-24_OPTIC_FAST_BREAK,WATCH,True,hobby,columbia,trusted,2023-24 Panini Donruss Optic Basketball Fast Break Box,,179.99,,,0,198.97,254.75,,,,,,,,0,https://columbiasportscard.com/products/2023-24-panini-donruss-optic-basketball-fast-break-box,2026-08-21T19:27:57+00:00,1.0
PANINI_2023-24_OPTIC_FAST_BREAK,WATCH,True,hobby,awesome,trusted,2023-24 Panini Donruss Optic Basketball Fast Break Box,,254.75,,,0,276.3,254.75,,,,,,,,0,https://theawesomecardshop.com/products/2023-24-panini-donruss-optic-basketball-fast-break-box,2026-08-21T19:27:57+00:00,1.0
PANINI_2023-24_OPTIC_FAST_BREAK,WATCH,True,hobby,worldchampion,watch,2023/24 Panini Donruss Optic Basketball Fast Break Box,,300.0,,,0,323.11,254.75,,,,,,,,0,https://www.worldchampionsportscards.org/products/2023-24-panini-donruss-optic-basketball-fast-break-box,2026-08-21T19:27:57+00:00,1.0
PANINI_2023-24_OPTIC_FAST_BREAK,WATCH,True,hobby,bleecker,watch,2023-24 Donruss Optic Basketball Fast Break Box,,315.0,,,0,338.62,254.75,,,,,,,,0,https://bleeckertrading.com/products/2023-24-panini-donruss-optic-basketball-fast-break-sealed-box,2026-08-21T19:27:57+00:00,1.0
PANINI_2023-24_OPTIC_FAST_BREAK,WATCH,True,hobby,sportscardjunction,watch,2023-24 Panini Donruss Optic Basketball Fast BRK Box,,325.0,,,0,348.97,254.75,,,,,,,,0,https://sportscardjunction.com/products/2023-24-panini-donruss-optic-basketball-fast-brk-box,2026-08-21T19:27:57+00:00,1.0
PANINI_2023-24_PRIZM_FAST_BREAK,WATCH,True,hobby,sportscardjunction,watch,2023-24 Panini Prizm NBA Basketball Fast BRK Box,,495.0,,,0,524.82,520.0,,,,,,,,0,https://sportscardjunction.com/products/2023-24-panini-prizm-nba-basketball-fast-brk-box,2026-08-21T19:27:57+00:00,1.0
PANINI_2023-24_PRIZM_FAST_BREAK,WATCH,True,hobby,e5sports,watch,2023-24 Panini Prizm NBA Fast Break Hobby Box,,500.0,,,0,529.99,520.0,,,,,,,,0,https://e5sports.com/products/2023-24-panini-prizm-nba-fast-break-hobby-box,2026-08-21T19:27:57+00:00,1.0
PANINI_2023-24_PRIZM_FAST_BREAK,WATCH,True,hobby,columbia,trusted,2023-24 Panini Prizm Basketball Fast Break Box,,518.95,,,0,549.59,520.0,,,,,,,,0,https://columbiasportscard.com/products/2023-24-panini-prizm-basketball-fast-break-box,2026-08-21T19:27:57+00:00,1.0
PANINI_2023-24_PRIZM_FAST_BREAK,WATCH,True,hobby,awesome,trusted,2023-24 Panini Prizm Basketball Fast Break Box,,520.0,,,0,550.68,520.0,,,,,,,,0,https://theawesomecardshop.com/products/2023-24-panini-prizm-basketball-fast-break-box,2026-08-21T19:27:57+00:00,1.0
PANINI_2023-24_PRIZM_FAST_BREAK,WATCH,True,hobby,rlsports,watch,2023-24 Panini Prizm Basketball Fast Break Box,,609.99,,,0,643.76,520.0,,,,,,,,0,https://rlsportscards.com/products/2023-24-panini-prizm-basketball-fast-break-box,2026-08-21T19:27:57+00:00,1.0
PANINI_2023-24_PRIZM_CHOICE,WATCH,True,hobby,awesome,trusted,2023-24 Panini Prizm Basketball Choice Hobby Box,,529.75,,,0,560.76,529.75,,,,,,,,0,https://theawesomecardshop.com/products/2023-24-panini-prizm-basketball-choice-hobby-box,2026-08-21T19:27:57+00:00,1.0
PANINI_2023-24_PRIZM_CHOICE,WATCH,True,hobby,rlsports,watch,2023-24 Panini Prizm Basketball Choice Box,,599.95,,,0,633.38,529.75,,,,,,,,0,https://rlsportscards.com/products/2023-24-panini-prizm-basketball-choice-box,2026-08-21T19:27:57+00:00,1.0
PANINI_2023-24_PRIZM_CHOICE,WATCH,True,hobby,columbia,trusted,2023-24 Panini Prizm Basketball Choice Box,,623.99,,,0,658.24,529.75,,,,,,,,0,https://columbiasportscard.com/products/2023-24-panini-prizm-basketball-choice-box,2026-08-21T19:27:57+00:00,1.0
PANINI_2023-24_PRIZM_CHOICE,WATCH,True,hobby,bleecker,watch,2023-24 Panini Prizm Basketball Choice Hobby Box,,650.0,,,0,685.15,529.75,,,,,,,,0,https://bleeckertrading.com/products/2023-24-panini-prizm-basketball-choice-box,2026-08-21T19:27:57+00:00,1.0
PANINI_2023-24_PRIZM_INTERNATIONAL,WATCH,True,hobby,awesome,trusted,2023-24 Panini Prizm Basketball International Hobby Box,,274.75,,,0,296.99,274.75,,,,,,,,0,https://theawesomecardshop.com/products/2023-24-panini-prizm-basketball-international-hobby-box,2026-08-21T19:27:57+00:00,1.0
PANINI_2023-24_PRIZM_INTERNATIONAL,WATCH,True,hobby,columbia,trusted,2023-24 Panini Prizm Basketball International Hobby Box,,289.99,,,0,312.75,274.75,,,,,,,,0,https://columbiasportscard.com/products/2023-24-panini-prizm-basketball-international-hobby-box,2026-08-21T19:27:57+00:00,1.0
PANINI_2023-24_PRIZM_INTERNATIONAL,WATCH,True,hobby,rlsports,watch,2023-24 Panini Prizm Basketball Hobby International Box,,299.99,,,0,323.1,274.75,,,,,,,,0,https://rlsportscards.com/products/2023-24-panini-prizm-basketball-international-box,2026-08-21T19:27:57+00:00,1.0
PANINI_2023-24_PRIZM_INTERNATIONAL,WATCH,True,hobby,ballgame,watch,2023/24 Panini Prizm Basketball International Hobby Box,,300.0,,,0,323.11,274.75,,,,,,,,0,https://theballgame.com/products/2023-24-panini-prizm-basketball-international-hobby-box,2026-08-21T19:27:57+00:00,1.0
PANINI_2023-24_PRIZM_INTERNATIONAL,WATCH,True,hobby,bleecker,watch,2023-24 Prizm Basketball International Hobby Box,,325.0,,,0,348.97,274.75,,,,,,,,0,https://bleeckertrading.com/products/2023-24-panini-prizm-basketball-international-sealed-hobby-box,2026-08-21T19:27:57+00:00,1.0
PANINI_2023-24_SELECT_H2,WATCH,True,hobby,sjay2k,watch,2023-24 Panini Select Basketball H2 Hobby Hybrid Box,,620.0,,,1,654.12,620.0,,,,,,,SUIVI,0,https://www.sjay2k.com/products/2019-20-panini-select-basketball-h2-hobby-hybrid-box-copy,2026-08-21T19:27:57+00:00,1.0
PANINI_2023-24_SELECT_H2,WATCH,True,hobby,sportscardjunction,watch,2023-24 Panini Select Basketball H2 Box,,285.0,,,0,307.59,620.0,,,,,,,,0,https://sportscardjunction.com/products/pre-order-2023-24-panini-select-basketball-h2-box-releases-5-22,2026-08-21T19:27:57+00:00,1.0
PANINI_2023-24_SELECT_H2,WATCH,True,hobby,columbia,trusted,2023-24 Panini Select Basketball H2 Box,,299.99,,,0,323.1,620.0,,,,,,,,0,https://columbiasportscard.com/products/2023-24-panini-select-nba-basketball-h2-box-brand-new-free-shipping-🔥🔥🔥,2026-08-21T19:27:57+00:00,1.0
PANINI_2023-24_SELECT_H2,WATCH,True,hobby,ballgame,watch,2023/24 Panini Select Basketball H2 Box,,300.0,,,0,323.11,620.0,,,,,,,,0,https://theballgame.com/products/2023-24-panini-select-basketball-h2-box,2026-08-21T19:27:57+00:00,1.0
PANINI_2023-24_SELECT_H2,WATCH,True,hobby,bleecker,watch,2023-24 Select H2 Basketball Hobby Box,,370.0,,,0,395.52,620.0,,,,,,,,0,https://bleeckertrading.com/products/2023-24-select-h2-basketball-hobby-box,2026-08-21T19:27:57+00:00,1.0
PANINI_2023-24_SELECT_H2,WATCH,True,hobby,rlsports,watch,2023-24 Panini Select Basketball Hybrid H2 Box,,389.95,,,0,416.15,620.0,,,,,,,,0,https://rlsportscards.com/products/2023-24-panini-select-basketball-hybrid-h2-box,2026-08-21T19:27:57+00:00,1.0
PANINI_2023-24_SELECT_INTERNATIONAL,WATCH,True,hobby,sportscardjunction,watch,2023-24 Panini select basketball Hobby international box,,200.0,,,0,219.67,209.75,,,,,,,,0,https://sportscardjunction.com/products/2023-24-panini-select-basketball-hobby-international-box,2026-08-21T19:27:57+00:00,1.0
PANINI_2023-24_SELECT_INTERNATIONAL,WATCH,True,hobby,awesome,trusted,2023-24 Panini Select Basketball International Hobby Box,,209.75,,,0,229.75,209.75,,,,,,,,0,https://theawesomecardshop.com/products/2023-24-panini-select-basketball-international-hobby-box,2026-08-21T19:27:57+00:00,1.0
PANINI_2023-24_SELECT_INTERNATIONAL,WATCH,True,hobby,sportcards,watch,2023/24 Panini Select Basketball International Hobby Box,,229.95,,,0,250.65,209.75,,,,,,,,0,https://sportcards.com/products/2023-24-panini-select-basketball-international-hobby-box,2026-08-21T19:27:57+00:00,1.0
PANINI_2023-24_SELECT_INTERNATIONAL,WATCH,True,hobby,columbia,trusted,2023-24 Panini Select Basketball International Hobby Box,,229.99,,,0,250.69,209.75,,,,,,,,0,https://columbiasportscard.com/products/2023-24-panini-select-basketball-international-hobby-box,2026-08-21T19:27:57+00:00,1.0
PANINI_2023-24_SELECT_INTERNATIONAL,WATCH,True,hobby,bleecker,watch,2023-24 Panini Select Basketball International Hobby Box,,300.0,,,0,323.11,209.75,,,,,,,,0,https://bleeckertrading.com/products/2023-24-panini-select-basketball-hobby-international-box,2026-08-21T19:27:57+00:00,1.0
PANINI_2023-24_MOSAIC_HOBBY,WATCH,True,hobby,awesome,trusted,2023-24 Panini Mosaic Basketball Hobby Box,,334.75,,,0,359.05,334.75,,,,,,,,0,https://theawesomecardshop.com/products/product2023-24-panini-mosaic-basketball-hobby-box5489,2026-08-21T19:27:57+00:00,1.0
PANINI_2023-24_MOSAIC_HOBBY,WATCH,True,hobby,sportscardjunction,watch,2023-24 Panini Mosaic Basketball Hobby Box,,335.0,,,0,359.31,334.75,,,,,,,,0,https://sportscardjunction.com/products/2023-24-panini-mosaic-basketball-hobby-box,2026-08-21T19:27:57+00:00,1.0
PANINI_2023-24_MOSAIC_HOBBY,WATCH,True,hobby,monmouth,watch,2023-24 Panini Mosaic Basketball Hobby Box,,399.99,,,0,426.54,334.75,,,,,,,,0,https://monmouthcards.com/products/2023-24-panini-mosaic-basketball-hobby-box,2026-08-21T19:27:57+00:00,1.0
PANINI_2023-24_MOSAIC_HOBBY,WATCH,True,hobby,ballgame,watch,2023/24 Panini Mosaic Basketball Hobby Box,,405.0,,,0,431.72,334.75,,,,,,,,0,https://theballgame.com/products/2023-24-panini-mosaic-basketball-hobby-box,2026-08-21T19:27:57+00:00,1.0
PANINI_2023-24_MOSAIC_HOBBY,WATCH,True,hobby,columbia,trusted,2023-24 Panini Mosaic Basketball Hobby Box,,424.99,,,0,452.4,334.75,,,,,,,,0,https://columbiasportscard.com/products/2023-24-panini-mosaic-basketball-hobby-box,2026-08-21T19:27:57+00:00,1.0
PANINI_2023-24_MOSAIC_HOBBY,WATCH,True,hobby,bleecker,watch,2023-24 Mosaic Basketball Hobby Box,,465.0,,,0,493.78,334.75,,,,,,,,0,https://bleeckertrading.com/products/2023-24-mosaic-basketball-sealed-hobby-box,2026-08-21T19:27:57+00:00,1.0
PANINI_2023-24_MOSAIC_HOBBY,WATCH,True,hobby,worldchampion,watch,2023/24 Panini Mosaic Basketball Hobby Box,,500.0,,,0,529.99,334.75,,,,,,,,0,https://www.worldchampionsportscards.org/products/2023-24-panini-mosaic-basketball-hobby-box,2026-08-21T19:27:57+00:00,1.0
PANINI_2023-24_MOSAIC_FOTL,WATCH,True,hobby,awesome,trusted,2023/24 Panini Mosaic Basketball 1st Off The Line FOTL Hobby Box,,509.75,,,0,540.07,509.75,,,,,,,,0,https://theawesomecardshop.com/products/2023-24-panini-mosaic-basketball-1st-off-the-line-fotl-hobby-box,2026-08-21T19:27:57+00:00,1.0
PANINI_2023-24_MOSAIC_CHOICE,WATCH,True,hobby,rlsports,watch,2023-24 Panini Mosaic Basketball Choice Box,,269.99,,,0,292.07,309.75,,,,,,,,0,https://rlsportscards.com/products/2023-24-panini-mosaic-basketball-choice-box,2026-08-21T19:27:57+00:00,1.0
PANINI_2023-24_MOSAIC_CHOICE,WATCH,True,hobby,awesome,trusted,2023-24 Panini Mosaic Basketball Choice Box,,309.75,,,0,333.19,309.75,,,,,,,,0,https://theawesomecardshop.com/products/2023-24-panini-mosaic-basketball-choice-box,2026-08-21T19:27:57+00:00,1.0
PANINI_2023-24_MOSAIC_CHOICE,WATCH,True,hobby,worldchampion,watch,2023/24 Panini Mosaic Basketball Choice Box,,330.0,,,0,354.14,309.75,,,,,,,,0,https://www.worldchampionsportscards.org/products/2023-24-panini-mosaic-basketball-choice-box,2026-08-21T19:27:57+00:00,1.0
PANINI_2023-24_MOSAIC_CHOICE,WATCH,True,hobby,bleecker,watch,2023-24 Mosaic Basketball Choice Box,,350.0,,,0,374.83,309.75,,,,,,,,0,https://bleeckertrading.com/products/2023-24-mosaic-basketball-choice-box,2026-08-21T19:27:57+00:00,1.0
PANINI_2023-24_MOSAIC_FAST_BREAK,WATCH,True,hobby,awesome,trusted,2023-24 Panini Mosaic Fast Break Basketball Hobby Box,,188.0,,,0,207.25,188.0,,,,,,,,0,https://theawesomecardshop.com/products/2023-24-panini-mosaic-fast-break-basketball-hobby-box,2026-08-21T19:27:57+00:00,1.0
PANINI_2023-24_MOSAIC_FAST_BREAK,WATCH,True,hobby,sportscardjunction,watch,2023-24 Panini Mosaic Basketball Fast Brk Box,,210.0,,,0,230.01,188.0,,,,,,,,0,https://sportscardjunction.com/products/2023-24-panini-mosaic-basketball-fast-break-box,2026-08-21T19:27:57+00:00,1.0
PANINI_2023-24_MOSAIC_FAST_BREAK,WATCH,True,hobby,rlsports,watch,2023-24 Panini Mosaic Basketball Fast Break Box,,219.95,,,0,240.3,188.0,,,,,,,,0,https://rlsportscards.com/products/2023-24-panini-mosaic-basketball-fast-break-box,2026-08-21T19:27:57+00:00,1.0
PANINI_2023-24_MOSAIC_FAST_BREAK,WATCH,True,hobby,worldchampion,watch,2023/24 Panini Mosaic Basketball Fast Break Box,,230.0,,,0,250.7,188.0,,,,,,,,0,https://www.worldchampionsportscards.org/products/2023-24-panini-mosaic-basketball-fast-break-box,2026-08-21T19:27:57+00:00,1.0
PANINI_2023-24_MOSAIC_FAST_BREAK,WATCH,True,hobby,columbia,trusted,2023-24 Panini Mosaic Basketball Fast Break Box,,254.99,,,0,276.55,188.0,,,,,,,,0,https://columbiasportscard.com/products/2023-24-panini-mosaic-basketball-fast-break-box,2026-08-21T19:27:57+00:00,1.0
PANINI_2023-24_MOSAIC_FAST_BREAK,WATCH,True,hobby,bleecker,watch,2023-24 Mosaic Basketball Fast Break Box,,350.0,,,0,374.83,188.0,,,,,,,,0,https://bleeckertrading.com/products/2023-24-mosaic-basketball-fast-break-sealed-hobby-box,2026-08-21T19:27:57+00:00,1.0
PANINI_2023-24_MOSAIC_INTERNATIONAL,WATCH,True,hobby,sportscardjunction,watch,2023-24 Panini Mosaic Basketball International Hobby Box,,160.0,,,0,178.29,189.99,,,,,,,,0,https://sportscardjunction.com/products/2023-24-panini-mosaic-basketball-international-hobby-box-1-black-friday-pack-bf24,2026-08-21T19:27:57+00:00,1.0
PANINI_2023-24_MOSAIC_INTERNATIONAL,WATCH,True,hobby,columbia,trusted,2023-24 Panini Mosaic Basketball International Hobby Box,,189.99,,,0,209.31,189.99,,,,,,,,0,https://columbiasportscard.com/products/2023-24-panini-mosaic-basketball-international-hobby-box,2026-08-21T19:27:57+00:00,1.0
PANINI_2023-24_MOSAIC_INTERNATIONAL,WATCH,True,hobby,ballgame,watch,2023-24 Panini Mosaic Basketball Hobby International Box,,195.0,,,0,214.5,189.99,,,,,,,,0,https://theballgame.com/products/2023-24-panini-mosaic-basketball-hobby-international-box,2026-08-21T19:27:57+00:00,1.0
PANINI_2023-24_MOSAIC_INTERNATIONAL,WATCH,True,hobby,bleecker,watch,2023-24 Panini Mosaic Basketball International Hobby Box,,225.0,,,0,245.53,189.99,,,,,,,,0,https://bleeckertrading.com/products/2023-24-panini-mosaic-basketball-international-hobby-box,2026-08-21T19:27:57+00:00,1.0
PANINI_2023-24_PHOENIX_INTERNATIONAL,WATCH,True,hobby,columbia,trusted,2023-24 Panini Phoenix Basketball International Hobby Box,,164.99,,,0,183.45,174.75,,,,,,,,0,https://columbiasportscard.com/products/2023-24-panini-phoenix-basketball-international-hobby-box,2026-08-21T19:27:57+00:00,1.0
PANINI_2023-24_PHOENIX_INTERNATIONAL,WATCH,True,hobby,awesome,trusted,2023/24 Panini Phoenix Basketball International Hobby Box,,174.75,,,0,193.55,174.75,,,,,,,,0,https://theawesomecardshop.com/products/2023-24-panini-phoenix-basketball-international-hobby-box,2026-08-21T19:27:57+00:00,1.0
PANINI_2023-24_PHOENIX_INTERNATIONAL,WATCH,True,hobby,bleecker,watch,2023-24 Phoenix Basketball International Box,,200.0,,,0,219.67,174.75,,,,,,,,0,https://bleeckertrading.com/products/2023-24-phoenix-basketball-international-box,2026-08-21T19:27:57+00:00,1.0
PANINI_2023-24_PHOENIX_INTERNATIONAL,WATCH,True,hobby,rlsports,watch,2023-24 Panini Phoenix Basketball Hobby International Box,,259.99,,,0,281.72,174.75,,,,,,,,0,https://rlsportscards.com/products/2023-24-panini-phoenix-basketball-international-box,2026-08-21T19:27:57+00:00,1.0
PANINI_2023-24_PHOENIX_FOTL,WATCH,True,hobby,awesome,trusted,2023/24 Panini Phoenix Basketball 1st Off The Line FOTL Hobby Box,,624.75,,,0,659.03,624.75,,,,,,,,0,https://theawesomecardshop.com/products/2023-24-panini-phoenix-basketball-1st-off-the-line-fotl-hobby-box,2026-08-21T19:27:57+00:00,1.0
PANINI_2023-24_PREMIUM_STOCK_HOBBY,WATCH,True,hobby,awesome,trusted,2023/24 Panini Premium Stock Basketball Hobby Box,,375.0,,,0,400.69,375.0,,,,,,,,0,https://theawesomecardshop.com/products/2023-24-panini-premium-stock-basketball-hobby-box,2026-08-21T19:27:57+00:00,1.0
PANINI_2023-24_COURT_KINGS_INTERNATIONAL,WATCH,True,hobby,rlsports,watch,2023-24 Panini Court Kings Basketball International Blaster Box,,229.99,,,0,250.69,262.75,,,,,,,,0,https://rlsportscards.com/products/2023-24-panini-court-kings-basketball-international-blaster-box,2026-08-21T19:27:57+00:00,1.0
PANINI_2023-24_COURT_KINGS_INTERNATIONAL,WATCH,True,hobby,worldchampion,watch,2023/24 Panini Court Kings Basketball International 6-Pack Blaster Box,,250.0,,,0,271.39,262.75,,,,,,,,0,https://www.worldchampionsportscards.org/products/2023-24-panini-court-kings-basketball-international-6-pack-blaster-box,2026-08-21T19:27:57+00:00,1.0
PANINI_2023-24_COURT_KINGS_INTERNATIONAL,WATCH,True,hobby,awesome,trusted,2023-24 Panini Court Kings Basketball International Blaster Box,,262.75,,,0,284.58,262.75,,,,,,,,0,https://theawesomecardshop.com/products/2023-24-panini-court-kings-basketball-international-blaster-box,2026-08-21T19:27:57+00:00,1.0
PANINI_2023-24_MOSAIC_FAST_BREAK_CASE,ACTIVE,True,hobby,awesome,trusted,2023-24 Panini Mosaic Fast Break Basketball Hobby 20-Box Case,,5945.0,20,297.25,0,320.26,5945.0,,,,4800,5600,,,0,https://theawesomecardshop.com/products/2023-24-panini-mosaic-fast-break-basketball-hobby-20-box-case,2026-08-21T19:27:57+00:00,1.0
PANINI_2023-24_PRIZM_EUROLEAGUE_HOBBY,CANDIDATE,euroleague,hobby,rlsports,watch,2023-24 Panini Prizm Turkish Airlines Euroleague Basketball Hobby Box,,71.99,,,0,87.25,,,,,,,,,0,https://rlsportscards.com/products/2023-24-panini-prizm-turkish-airlines-euroleague-basketball-hobby-box,2026-08-21T19:27:57+00:00,1.0
PANINI_2023-24_PRIZM_EUROLEAGUE_HOBBY,CANDIDATE,euroleague,hobby,sportscardjunction,watch,2023-24 Panini Prizm Euroleague Basketball Hobby Box,,75.0,,,0,90.37,,,,,,,,,0,https://sportscardjunction.com/products/2023-24-panini-prizm-euroleague-basketball-hobby-box,2026-08-21T19:27:57+00:00,1.0
PANINI_2023-24_PRIZM_EUROLEAGUE_HOBBY,CANDIDATE,euroleague,hobby,worldchampion,watch,2023/24 Panini Prizm Turkish Airlines EuroLeague Basketball Hobby Box,,100.0,,,0,116.23,,,,,,,,,0,https://www.worldchampionsportscards.org/products/2023-24-panini-prizm-turkish-airlines-euroleague-basketball-hobby-box,2026-08-21T19:27:57+00:00,1.0
PANINI_2024-25_PRIZM_HOBBY,WATCH,True,hobby,sportscardjunction,watch,2024-25 Panini Prizm NBA Basketball Hobby Box,,525.0,,,1,555.85,300.0,,,,,,,SUIVI,0,https://sportscardjunction.com/products/pre-order-2024-25-panini-prizm-nba-basketball-hobby-box-releases-2-19-25,2026-08-21T19:27:57+00:00,1.0
PANINI_2024-25_PRIZM_HOBBY,WATCH,True,hobby,awesome,trusted,2024-25 Panini Prizm Basketball Hobby Box,,559.75,,,1,591.79,300.0,,,,,,,,0,https://theawesomecardshop.com/products/2024-25-panini-prizm-basketball-hobby-box,2026-08-21T19:27:57+00:00,1.0
PANINI_2024-25_PRIZM_HOBBY,WATCH,True,hobby,ballgame,watch,2024-25 Panini Prizm NBA Trading Card Box (Hobby),,600.0,,,1,633.43,300.0,,,,,,,,0,https://theballgame.com/products/2024-25-panini-prizm-nba-trading-card-box-hobby-sd-2-19-25,2026-08-21T19:27:57+00:00,1.0
PANINI_2024-25_PRIZM_HOBBY,WATCH,True,hobby,bleecker,watch,2024-25 Panini Prizm Basketball Hobby Box,,625.0,,,1,659.29,300.0,,,,,,,,0,https://bleeckertrading.com/products/2024-25-panini-prizm-nba-basketball-sealed-hobby-box-presale,2026-08-21T19:27:57+00:00,1.0
PANINI_2024-25_PRIZM_HOBBY,WATCH,True,hobby,sjay2k,watch,2024-25 Panini Prizm Basketball Hobby Box,,950.0,,,1,995.47,300.0,,,,,,,,0,https://www.sjay2k.com/products/2024-25-panini-prizm-basketball-hobby-box,2026-08-21T19:27:57+00:00,1.0
PANINI_2024-25_PRIZM_HOBBY,WATCH,True,hobby,rlsports,watch,2024-25 Panini Prizm Black Basketball Hobby Box,,1800.0,,,1,1874.71,300.0,,,,,,,,0,https://rlsportscards.com/products/2024-25-panini-prizm-black-basketball-hobby-box,2026-08-21T19:27:57+00:00,1.0
PANINI_2024-25_PRIZM_HOBBY,WATCH,True,hobby,columbia,trusted,2024-25 Panini Prizm Basketball Hobby Box,,439.99,,,0,467.91,300.0,,,,,,,,0,https://columbiasportscard.com/products/2024-25-panini-prizm-basketball-hobby-box,2026-08-21T19:27:57+00:00,1.0
PANINI_2024-25_PRIZM_HOBBY,WATCH,True,hobby,hiddengems,trusted,2024/25 Panini Prizm Black Basketball Hobby Box,,450.0,,,0,478.27,300.0,,,,,,,,0,https://www.hiddengemscardshop.com/products/2024-25-panini-prizm-black-basketball-hobby-box,2026-08-21T19:27:57+00:00,1.0
PANINI_2024-25_PRIZM_HOBBY,WATCH,True,hobby,ehcards,trusted,2024/25 Panini Prizm NBA Basketball Hobby Box,,499.99,,,0,529.98,300.0,,,,,,,,0,https://ehcards.com/products/2024-25-panini-prizm-nba-basketball-hobby-box,2026-08-21T19:27:57+00:00,1.0
PANINI_2024-25_PRIZM_HOBBY,WATCH,True,hobby,monmouth,watch,2024-25 Panini Prizm Basketball Hobby Box,,499.99,,,0,529.98,300.0,,,,,,,,0,https://monmouthcards.com/products/2024-25-panini-prizm-basketball-hobby-box,2026-08-21T19:27:57+00:00,1.0
PANINI_2024-25_PRIZM_HOBBY,WATCH,True,hobby,rlsports,watch,2024-25 Panini Prizm Basketball Hobby Box,,539.99,,,0,571.35,300.0,,,,,,,,0,https://rlsportscards.com/products/2024-25-panini-prizm-basketball-hobby-box,2026-08-21T19:27:57+00:00,1.0
PANINI_2024-25_PRIZM_HOBBY,WATCH,True,hobby,sportscardjunction,watch,2024-25 Panini Prizm Black Basketball Hobby Box,,695.0,,,0,731.7,300.0,,,,,,,,0,https://sportscardjunction.com/products/2024-25-panini-prizm-black-basketball-hobby-box,2026-08-21T19:27:57+00:00,1.0
PANINI_2024-25_PRIZM_HOBBY,WATCH,True,hobby,ehcards,trusted,2024/25 Panini Prizm Black NBA Basketball Hobby Box,,699.99,,,0,736.86,300.0,,,,,,,,0,https://ehcards.com/products/2024-25-panini-prizm-black-nba-basketball-hobby-box,2026-08-21T19:27:57+00:00,1.0
PANINI_2024-25_PRIZM_HOBBY,WATCH,True,hobby,ballgame,watch,2024/25 Panini Prizm Black Basketball Hobby Box,,750.0,,,0,788.59,300.0,,,,,,,,0,https://theballgame.com/products/2024-25-panini-prizm-black-basketball-hobby-box,2026-08-21T19:27:57+00:00,1.0
PANINI_2024-25_PRIZM_HOBBY,WATCH,True,hobby,worldchampion,watch,2024/25 Panini Prizm Black Basketball Hobby Box,,880.0,,,0,923.06,300.0,,,,,,,,0,https://www.worldchampionsportscards.org/products/2024-25-panini-prizm-black-basketball-hobby-box,2026-08-21T19:27:57+00:00,1.0
PANINI_2024-25_PRIZM_HOBBY,WATCH,True,hobby,columbia,trusted,2024-25 Panini Prizm Black Basketball Hobby Box | Columbia Sports Cards,,1224.99,,,0,1279.92,300.0,,,,,,,,0,https://columbiasportscard.com/products/2024-25-panini-prizm-black-basketball-hobby-box-columbia-sports-cards,2026-08-21T19:27:57+00:00,1.0
PANINI_2024-25_PRIZM_HOBBY,WATCH,True,hobby,awesome,trusted,2024-25 Panini Prizm Black Basketball Hobby Box,,1399.75,,,0,1460.69,300.0,,,,,,,,0,https://theawesomecardshop.com/products/2024-25-panini-prizm-black-basketball-hobby-box,2026-08-21T19:27:57+00:00,1.0
PANINI_2024-25_PRIZM_HOBBY,WATCH,True,hobby,collectorstore,trusted,2024-25 Panini Prizm Black Basketball Hobby Box,,1799.95,,,0,1874.66,300.0,,,,,,,,0,https://collectorstore.com/products/2024-25-panini-prizm-black-basketball-hobby-box,2026-08-21T19:27:57+00:00,1.0
PANINI_2024-25_PRIZM_HOBBY,WATCH,True,hobby,bleecker,watch,2024-25 Panini Prizm Black Basketball Hobby Box,,1900.0,,,0,1978.15,300.0,,,,,,,,0,https://bleeckertrading.com/products/2024-25-panini-prizm-black-basketball-hobby-box,2026-08-21T19:27:57+00:00,1.0
PANINI_2024-25_SELECT_HOBBY,WATCH,True,hobby,rbicru7,trusted,"2024-25 Panini Select Basketball Hobby, Blaster Box (Green & Red Mojo)",,38.0,,,1,52.09,35.0,,,,,,,SUIVI,0,https://rbicru7.com/products/2024-25-panini-select-basketball-blaster-box-copy,2026-08-21T19:27:57+00:00,1.0
PANINI_2024-25_SELECT_HOBBY,WATCH,True,hobby,rbicru7,trusted,"2024-25 Panini Select Basketball Hobby, Box",,375.0,,,1,400.69,35.0,,,,,,,,0,https://rbicru7.com/products/2024-25-panini-select-basketball-hobby-box,2026-08-21T19:27:57+00:00,1.0
PANINI_2024-25_SELECT_HOBBY,WATCH,True,hobby,collectorstore,trusted,2024-25 Panini Select Basketball Hobby Box,,394.95,,,1,421.32,35.0,,,,,,,,0,https://collectorstore.com/products/2024-25-panini-select-basketball-hobby-box,2026-08-21T19:27:57+00:00,1.0
PANINI_2024-25_SELECT_HOBBY,WATCH,True,hobby,sportcards,watch,2024-25 Panini Select NBA Trading Card Box (Hobby),,449.95,,,1,478.22,35.0,,,,,,,,0,https://sportcards.com/products/2024-25-panini-select-nba-trading-card-box-hobby,2026-08-21T19:27:57+00:00,1.0
PANINI_2024-25_SELECT_HOBBY,WATCH,True,hobby,ballgame,watch,2024/25 Panini Select Basketball Hobby Box,,450.0,,,1,478.27,35.0,,,,,,,,0,https://theballgame.com/products/2024-25-panini-select-basketball-hobby-box-sd-6-18-25,2026-08-21T19:27:57+00:00,1.0
PANINI_2024-25_SELECT_HOBBY,WATCH,True,hobby,sjay2k,watch,2024-25 Panini Select Basketball Hobby Box,,700.0,,,1,736.87,35.0,,,,,,,,0,https://www.sjay2k.com/products/2024-25-panini-select-nba-trading-card-hobby-box-pre-order,2026-08-21T19:27:57+00:00,1.0
PANINI_2024-25_SELECT_HOBBY,WATCH,True,hobby,columbia,trusted,2024-25 Panini Select Basketball Hobby Box – Columbia Sports Cards & More,,349.99,,,0,374.82,35.0,,,,,,,,0,https://columbiasportscard.com/products/2024-25-panini-select-basketball-hobby-box,2026-08-21T19:27:57+00:00,1.0
PANINI_2024-25_SELECT_HOBBY,WATCH,True,hobby,rlsports,watch,2024-25 Panini Select Basketball Hobby Box,,364.99,,,0,390.33,35.0,,,,,,,,0,https://rlsportscards.com/products/2024-25-panini-select-basketball-hobby-box,2026-08-21T19:27:57+00:00,1.0
PANINI_2024-25_SELECT_HOBBY,WATCH,True,hobby,awesome,trusted,2024-25 Panini Select Basketball Hobby Box,,399.75,,,0,426.29,35.0,,,,,,,,0,https://theawesomecardshop.com/products/2024-25-panini-select-basketball-hobby-box,2026-08-21T19:27:57+00:00,1.0
PANINI_2024-25_SELECT_HOBBY,WATCH,True,hobby,monmouth,watch,2024-25 Panini Select Basketball Hobby Box,,409.99,,,0,436.88,35.0,,,,,,,,0,https://monmouthcards.com/products/2024-25-panini-select-basketball-hobby-box,2026-08-21T19:27:57+00:00,1.0
PANINI_2024-25_SELECT_HOBBY,WATCH,True,hobby,boxseat,watch,2024-25 Panini Select Basketball Hobby Box,,424.99,,,0,452.4,35.0,,,,,,,,0,https://boxseatcollectibles.com/products/2024-25-panini-select-basketball-hobby-box,2026-08-21T19:27:57+00:00,1.0
PANINI_2024-25_SELECT_HOBBY,WATCH,True,hobby,bleecker,watch,2024-25 Panini Select Basketball Hobby Box,,450.0,,,0,478.27,35.0,,,,,,,,0,https://bleeckertrading.com/products/2024-25-panini-select-basketball-hobby-box,2026-08-21T19:27:57+00:00,1.0
PANINI_2024-25_SELECT_HOBBY,WATCH,True,hobby,sportscardjunction,watch,2024-25 Panini Select Basketball Hobby Box,,450.0,,,0,478.27,35.0,,,,,,,,0,https://sportscardjunction.com/products/pre-order-2024-25-panini-select-basketball-hobby-box-releases-6-18-25,2026-08-21T19:27:57+00:00,1.0
PANINI_2024-25_SELECT_HOBBY,WATCH,True,hobby,ehcards,trusted,2024/25 Panini Select Basketball Hobby Box,,479.99,,,0,509.29,35.0,,,,,,,,0,https://ehcards.com/products/2024-25-panini-select-basketball-hobby-box,2026-08-21T19:27:57+00:00,1.0
PANINI_2024-25_OPTIC_HOBBY,WATCH,True,hobby,awesome,trusted,2024-25 Panini Donruss Optic Basketball Hobby Box,,550.75,,,1,582.48,35.0,,,,,,,SUIVI,0,https://theawesomecardshop.com/products/2024-25-panini-donruss-optic-basketball-hobby-box,2026-08-21T19:27:57+00:00,1.0
PANINI_2024-25_OPTIC_HOBBY,WATCH,True,hobby,rlsports,watch,2024-25 Panini Donruss Optic Basketball Hobby Box,,559.0,,,1,591.02,35.0,,,,,,,,0,https://rlsportscards.com/products/2024-25-panini-donruss-optic-basketball-hobby-box,2026-08-21T19:27:57+00:00,1.0
PANINI_2024-25_OPTIC_HOBBY,WATCH,True,hobby,superior,watch,2024-25 Panini Donruss Optic Basketball Hobby Box,,770.0,,,1,809.28,35.0,,,,,,,,0,https://superiorsportsinvestments.com/products/2024-25-panini-donruss-optic-basketball-hobby-box,2026-08-21T19:27:57+00:00,1.0
PANINI_2024-25_OPTIC_HOBBY,WATCH,True,hobby,columbia,trusted,2024-25 Panini Donruss Optic Basketball Hobby Box | Columbia Sports Cards,,389.99,,,0,416.19,35.0,,,,,,,,0,https://columbiasportscard.com/products/2024-25-panini-donruss-optic-basketball-hobby-box-columbia-sports-cards,2026-08-21T19:27:57+00:00,1.0
PANINI_2024-25_OPTIC_HOBBY,WATCH,True,hobby,hiddengems,trusted,2024-25 Panini Donruss Optic NBA Hobby Box,,400.0,,,0,426.55,35.0,,,,,,,,0,https://www.hiddengemscardshop.com/products/2024-25-panini-donruss-optic-nba-hobby-box,2026-08-21T19:27:57+00:00,1.0
PANINI_2024-25_OPTIC_HOBBY,WATCH,True,hobby,worldchampion,watch,2024/25 Panini Donruss Optic Basketball Hobby Box,,420.0,,,0,447.24,35.0,,,,,,,,0,https://www.worldchampionsportscards.org/products/2024-25-panini-donruss-optic-basketball-hobby-box,2026-08-21T19:27:57+00:00,1.0
PANINI_2024-25_OPTIC_HOBBY,WATCH,True,hobby,ballgame,watch,2024/25 Panini Donruss Optic Basketball Hobby Box,,470.0,,,0,498.96,35.0,,,,,,,,0,https://theballgame.com/products/2024-25-panini-donruss-optic-basketball-hobby-box,2026-08-21T19:27:57+00:00,1.0
PANINI_2024-25_OPTIC_HOBBY,WATCH,True,hobby,sportscardjunction,watch,2024-25 Panini Donruss Optic Basketball Hobby Box,,550.0,,,0,581.71,35.0,,,,,,,,0,https://sportscardjunction.com/products/2024-25-panini-donruss-optic-basketball-hobby-box,2026-08-21T19:27:57+00:00,1.0
PANINI_2024-25_OPTIC_HOBBY,WATCH,True,hobby,monmouth,watch,2024-25 Panini Donruss Optic Basketball Hobby Box,,599.99,,,0,633.42,35.0,,,,,,,,0,https://monmouthcards.com/products/2024-25-panini-donruss-optic-basketball-hobby-box,2026-08-21T19:27:57+00:00,1.0
PANINI_2024-25_OPTIC_HOBBY,WATCH,True,hobby,bleecker,watch,2024-25 Panini Donruss Optic Basketball Hobby Box,,650.0,,,0,685.15,35.0,,,,,,,,0,https://bleeckertrading.com/products/panini-donruss-optic-basketball-2017-18-hobby-box-copy,2026-08-21T19:27:57+00:00,1.0
PANINI_2024-25_MOSAIC_HOBBY,WATCH,True,hobby,collectorstore,trusted,2024-25 Panini Mosaic Basketball Hobby Box,,499.95,,,1,529.94,499.95,,,,,,,SUIVI,0,https://collectorstore.com/products/2024-25-panini-mosaic-basketball-hobby-box,2026-08-21T19:27:57+00:00,1.0
PANINI_2024-25_MOSAIC_HOBBY,WATCH,True,hobby,sportcards,watch,2024-25 Mosaic NBA Hobby Box,,500.0,,,1,529.99,499.95,,,,,,,,0,https://sportcards.com/products/2024-25-mosaic-nba-hobby-box,2026-08-21T19:27:57+00:00,1.0
PANINI_2024-25_MOSAIC_HOBBY,WATCH,True,hobby,awesome,trusted,2024-25 Panini Mosaic Basketball Hobby Box,,520.75,,,1,551.45,499.95,,,,,,,,0,https://theawesomecardshop.com/products/2024-25-panini-mosaic-basketball-hobby-box,2026-08-21T19:27:57+00:00,1.0
PANINI_2024-25_MOSAIC_HOBBY,WATCH,True,hobby,superior,watch,2024-25 Panini Mosaic Basketball Hobby Box,,625.0,,,1,659.29,499.95,,,,,,,,0,https://superiorsportsinvestments.com/products/2024-25-panini-mosaic-basketball-hobby-box,2026-08-21T19:27:57+00:00,1.0
PANINI_2024-25_MOSAIC_HOBBY,WATCH,True,hobby,awesome,trusted,2024-25 Panini Mosaic Basketball Hobby 6-Pack Blaster Box,,34.75,,,0,48.73,499.95,,,,,,,,0,https://theawesomecardshop.com/products/2024-25-panini-mosaic-basketball-hobby-6-pack-blaster-box,2026-08-21T19:27:57+00:00,1.0
PANINI_2024-25_MOSAIC_HOBBY,WATCH,True,hobby,ballgame,watch,2024/25 Panini Mosaic Basketball Hobby 6-Pack Blaster Box,,35.0,,,0,48.99,499.95,,,,,,,,0,https://theballgame.com/products/2024-25-panini-mosaic-basketball-hobby-6-pack-blaster-box,2026-08-21T19:27:57+00:00,1.0
PANINI_2024-25_MOSAIC_HOBBY,WATCH,True,hobby,cardiacs,trusted,2024-25 Panini Mosaic Basketball Hobby Box,,429.95,,,0,457.53,499.95,,,,,,,,0,https://www.thecardiacs.com/products/2024-25-panini-mosaic-basketball-hobby-box,2026-08-21T19:27:57+00:00,1.0
PANINI_2024-25_MOSAIC_HOBBY,WATCH,True,hobby,sportscardjunction,watch,2024-25 Panini Mosaic Basketball Hobby Box,,475.0,,,0,504.13,499.95,,,,,,,,0,https://sportscardjunction.com/products/2024-25-panini-mosaic-basketball-hobby-box,2026-08-21T19:27:57+00:00,1.0
PANINI_2024-25_MOSAIC_HOBBY,WATCH,True,hobby,rlsports,watch,2024-25 Panini Mosaic Basketball Hobby Box,,509.99,,,0,540.32,499.95,,,,,,,,0,https://rlsportscards.com/products/2024-25-panini-mosaic-basketball-hobby-box,2026-08-21T19:27:57+00:00,1.0
PANINI_2024-25_MOSAIC_HOBBY,WATCH,True,hobby,columbia,trusted,2024-25 Panini Mosaic Basketball Hobby Box | Columbia Sports Cards & More,,519.99,,,0,550.67,499.95,,,,,,,,0,https://columbiasportscard.com/products/2024-25-panini-mosaic-basketball-hobby-box-columbia-sports-cards-more,2026-08-21T19:27:57+00:00,1.0
PANINI_2024-25_MOSAIC_HOBBY,WATCH,True,hobby,bleecker,watch,2024-25 Panini Mosaic Basketball Hobby Box,,575.0,,,0,607.57,499.95,,,,,,,,0,https://bleeckertrading.com/products/2024-25-mosaic-basketball-hobby-box,2026-08-21T19:27:57+00:00,1.0
PANINI_2024-25_MOSAIC_HOBBY,WATCH,True,hobby,ballgame,watch,2024/25 Panini Mosaic Basketball Hobby Box,,580.0,,,0,612.74,499.95,,,,,,,,0,https://theballgame.com/products/2024-25-panini-mosaic-basketball-hobby-box,2026-08-21T19:27:57+00:00,1.0
PANINI_2024-25_DONRUSS_HOBBY,WATCH,True,hobby,rbicru7,trusted,"*LAST BOX* 2024-25 Panini Donruss Basketball Hobby, Box",,275.0,,,1,297.25,30.0,,,,,,,SUIVI,0,https://rbicru7.com/products/2-2024-25-panini-donruss-basketball-hobby-box,2026-08-21T19:27:57+00:00,1.0
PANINI_2024-25_DONRUSS_HOBBY,WATCH,True,hobby,sportscardjunction,watch,2024-25 Panini Donruss Basketball Hobby Box,,190.0,,,0,209.32,30.0,,,,,,,,0,https://sportscardjunction.com/products/pre-order-2024-25-panini-donruss-basketball-hobby-box-releases-3-7-25,2026-08-21T19:27:57+00:00,1.0
PANINI_2024-25_DONRUSS_HOBBY,WATCH,True,hobby,columbia,trusted,2024-25 Panini Donruss Basketball Hobby Box,,199.99,,,0,219.66,30.0,,,,,,,,0,https://columbiasportscard.com/products/2024-25-panini-donruss-basketball-hobby-box,2026-08-21T19:27:57+00:00,1.0
PANINI_2024-25_DONRUSS_HOBBY,WATCH,True,hobby,awesome,trusted,2024-25 Panini Donruss Basketball Hobby Box,,219.75,,,0,240.1,30.0,,,,,,,,0,https://theawesomecardshop.com/products/2024-25-panini-donruss-basketball-hobby-box,2026-08-21T19:27:57+00:00,1.0
PANINI_2024-25_DONRUSS_HOBBY,WATCH,True,hobby,ehcards,trusted,2024/25 Panini Donruss NBA Basketball Hobby Box,,229.99,,,0,250.69,30.0,,,,,,,,0,https://ehcards.com/products/2024-25-panini-donruss-nba-basketball-hobby-box,2026-08-21T19:27:57+00:00,1.0
PANINI_2024-25_DONRUSS_HOBBY,WATCH,True,hobby,ballgame,watch,2024/25 Panini Donruss Basketball Hobby Box,,250.0,,,0,271.39,30.0,,,,,,,,0,https://theballgame.com/products/2024-25-panini-donruss-basketball-hobby-box,2026-08-21T19:27:57+00:00,1.0
PANINI_2024-25_DONRUSS_HOBBY,WATCH,True,hobby,bleecker,watch,2024-25 Panini Donruss Basketball Hobby Box,,250.0,,,0,271.39,30.0,,,,,,,,0,https://bleeckertrading.com/products/2024-25-donruss-basketball-hobby-box,2026-08-21T19:27:57+00:00,1.0
PANINI_2024-25_DONRUSS_HOBBY,WATCH,True,hobby,sportcards,watch,2024/25 Panini Donruss Basketball Hobby Box,,269.95,,,0,292.02,30.0,,,,,,,,0,https://sportcards.com/products/2024-25-panini-donruss-basketball-hobby-box,2026-08-21T19:27:57+00:00,1.0
PANINI_2024-25_HOOPS_HOBBY,WATCH,True,hobby,rbicru7,trusted,"2024-25 Panini NBA Hoops Basketball Hobby, Box",,195.0,,,1,214.5,7.0,,,,,,,SUIVI,0,https://rbicru7.com/products/2024-25-panini-nba-hoops-basketball-hobby-box,2026-08-21T19:27:57+00:00,1.0
PANINI_2024-25_HOOPS_HOBBY,WATCH,True,hobby,worldchampion,watch,2024/25 Panini Hoops Basketball Hobby Box,,140.0,,,0,157.6,7.0,,,,,,,,0,https://www.worldchampionsportscards.org/products/2024-25-panini-hoops-basketball-hobby-box,2026-08-21T19:27:57+00:00,1.0
PANINI_2024-25_HOOPS_HOBBY,WATCH,True,hobby,ehcards,trusted,2024/25 Panini Hoops NBA Basketball Hobby Box,,149.99,,,0,167.94,7.0,,,,,,,,0,https://ehcards.com/products/2024-25-panini-hoops-nba-basketball-hobby-box,2026-08-21T19:27:57+00:00,1.0
PANINI_2024-25_HOOPS_HOBBY,WATCH,True,hobby,rlsports,watch,2024-25 Panini Hoops Basketball Hobby Box,,159.99,,,0,178.28,7.0,,,,,,,,0,https://rlsportscards.com/products/2024-25-panini-hoops-basketball-hobby-box,2026-08-21T19:27:57+00:00,1.0
PANINI_2024-25_HOOPS_HOBBY,WATCH,True,hobby,ballgame,watch,2024/25 Panini NBA Hoops Basketball Hobby Box,,160.0,,,0,178.29,7.0,,,,,,,,0,https://theballgame.com/products/2024-25-panini-nba-hoops-basketball-hobby-box,2026-08-21T19:27:57+00:00,1.0
PANINI_2024-25_HOOPS_HOBBY,WATCH,True,hobby,sportscardjunction,watch,2024-25 Panini NBA Hoops Basketball Hobby Box,,190.0,,,0,209.32,7.0,,,,,,,,0,https://sportscardjunction.com/products/2024-25-panini-nba-hoops-basketball-hobby-box,2026-08-21T19:27:57+00:00,1.0
PANINI_2024-25_HOOPS_HOBBY,WATCH,True,hobby,awesome,trusted,2024-25 Panini Hoops Basketball Hobby Box,,199.75,,,0,219.41,7.0,,,,,,,,0,https://theawesomecardshop.com/products/2024-25-panini-hoops-basketball-hobby-box,2026-08-21T19:27:57+00:00,1.0
PANINI_2024-25_HOOPS_HOBBY,WATCH,True,hobby,bleecker,watch,2024-25 Panini Hoops Basketball Hobby Box,,240.0,,,0,261.04,7.0,,,,,,,,0,https://bleeckertrading.com/products/2024-25-panini-hoops-nba-hobby-box,2026-08-21T19:27:57+00:00,1.0
PANINI_2024-25_TOTALLY_CERTIFIED_HOBBY,WATCH,True,hobby,ballgame,watch,2024-25 Panini NBA Totally Certified Basketball Trading Card Premium Hobby Box,,350.0,,,0,374.83,350.0,,,,,,,,0,https://theballgame.com/products/2024-25-panini-nba-totally-certified-basketball-trading-card-premium-hobby-box,2026-08-21T19:27:57+00:00,1.0
PANINI_2024-25_COURT_KINGS_HOBBY,WATCH,True,hobby,sportscardjunction,watch,2024-25 Panini Court Kings Basketball Hobby Box,,165.0,,,0,183.46,165.0,,,,,,,,0,https://sportscardjunction.com/products/2024-25-panini-court-kings-basketball-hobby-box,2026-08-21T19:27:57+00:00,1.0
PANINI_2024-25_COURT_KINGS_HOBBY,WATCH,True,hobby,awesome,trusted,2024-25 Panini Court Kings Basketball Hobby Box,,174.75,,,0,193.55,165.0,,,,,,,,0,https://theawesomecardshop.com/products/2024-25-panini-court-kings-basketball-hobby-box,2026-08-21T19:27:57+00:00,1.0
PANINI_2024-25_COURT_KINGS_HOBBY,WATCH,True,hobby,columbia,trusted,2024-25 Panini Court Kings Basketball Hobby Box,,174.99,,,0,193.8,165.0,,,,,,,,0,https://columbiasportscard.com/products/2024-25-panini-court-kings-basketball-hobby-box,2026-08-21T19:27:57+00:00,1.0
PANINI_2024-25_COURT_KINGS_HOBBY,WATCH,True,hobby,ehcards,trusted,2024/25 Panini Court Kings NBA Basketball Hobby Box,,199.99,,,0,219.66,165.0,,,,,,,,0,https://ehcards.com/products/2024-25-panini-court-kings-nba-basketball-hobby-box,2026-08-21T19:27:57+00:00,1.0
PANINI_2024-25_COURT_KINGS_HOBBY,WATCH,True,hobby,ballgame,watch,2024-25 Panini Court Kings Basketball Hobby Box,,200.0,,,0,219.67,165.0,,,,,,,,0,https://theballgame.com/products/2024-25-panini-court-kings-basketball-hobby-box-sd-3-7-25,2026-08-21T19:27:57+00:00,1.0
PANINI_2024-25_COURT_KINGS_HOBBY,WATCH,True,hobby,rlsports,watch,2024-25 Panini Court Kings Basketball Hobby Box,,219.99,,,0,240.35,165.0,,,,,,,,0,https://rlsportscards.com/products/2024-25-panini-court-kings-basketball-hobby-box,2026-08-21T19:27:57+00:00,1.0
PANINI_2024-25_COURT_KINGS_HOBBY,WATCH,True,hobby,bleecker,watch,2024-25 Court Kings Basketball Hobby Box,,275.0,,,0,297.25,165.0,,,,,,,,0,https://bleeckertrading.com/products/2023-24-panini-court-kings-basketball-hobby-box-presale,2026-08-21T19:27:57+00:00,1.0
PANINI_2024-25_REVOLUTION_HOBBY,WATCH,True,hobby,superior,watch,2024-25 Panini Revolution Basketball Hobby Box,,780.0,,,1,819.62,780.0,,,,,,,SUIVI,0,https://superiorsportsinvestments.com/products/2024-25-panini-revolution-basketball-hobby-box,2026-08-21T19:27:57+00:00,1.0
PANINI_2024-25_REVOLUTION_HOBBY,WATCH,True,hobby,worldchampion,watch,2024/25 Panini Revolution Basketball Hobby Box,,220.0,,,0,240.36,780.0,,,,,,,,0,https://www.worldchampionsportscards.org/products/2024-25-panini-revolution-basketball-hobby-box,2026-08-21T19:27:57+00:00,1.0
PANINI_2024-25_REVOLUTION_HOBBY,WATCH,True,hobby,worldchampion,watch,2024-25 Panini Revolution NBA Trading Card Box (Hobby),,240.0,,,0,261.04,780.0,,,,,,,,0,https://www.worldchampionsportscards.org/products/2024-25-panini-revolution-nba-trading-card-box-hobby,2026-08-21T19:27:57+00:00,1.0
PANINI_2024-25_REVOLUTION_HOBBY,WATCH,True,hobby,ballgame,watch,2024/25 Panini Revolution Basketball Hobby Box,,260.0,,,0,281.73,780.0,,,,,,,,0,https://theballgame.com/products/2024-25-panini-revolution-basketball-hobby-box,2026-08-21T19:27:57+00:00,1.0
PANINI_2024-25_REVOLUTION_HOBBY,WATCH,True,hobby,rlsports,watch,2024-25 Panini Revolution Basketball Hobby Box,,309.99,,,0,333.44,780.0,,,,,,,,0,https://rlsportscards.com/products/2024-25-panini-revolution-basketball-hobby-box,2026-08-21T19:27:57+00:00,1.0
PANINI_2024-25_REVOLUTION_HOBBY,WATCH,True,hobby,bleecker,watch,2024-25 Panini Revolution Basketball Hobby Box,,325.0,,,0,348.97,780.0,,,,,,,,0,https://bleeckertrading.com/products/2024-25-panini-revolution-basketball-hobby-box-presale,2026-08-21T19:27:57+00:00,1.0
PANINI_2024-25_REVOLUTION_HOBBY,WATCH,True,hobby,sportscardjunction,watch,2024-25 Panini Revolution Basketball Hobby Box,,325.0,,,0,348.97,780.0,,,,,,,,0,https://sportscardjunction.com/products/pre-order-2024-25-panini-revolution-basketball-hobby-box-releases-5-23-25,2026-08-21T19:27:57+00:00,1.0
PANINI_2024-25_REVOLUTION_HOBBY,WATCH,True,hobby,columbia,trusted,2024-25 Panini Revolution Basketball Hobby Box,,339.95,,,0,364.43,780.0,,,,,,,,0,https://columbiasportscard.com/products/2024-25-panini-revolution-basketball-hobby-box,2026-08-21T19:27:57+00:00,1.0
PANINI_2024-25_REVOLUTION_HOBBY,WATCH,True,hobby,awesome,trusted,2024-25 Panini Revolution Basketball Hobby Box,,449.75,,,0,478.01,780.0,,,,,,,,0,https://theawesomecardshop.com/products/2024-25-panini-revolution-basketball-hobby-box,2026-08-21T19:27:57+00:00,1.0
TOPPS_2023-24_CHROME_HOBBY,ACTIVE,nbpa,hobby,cardiacs,trusted,2023-24 Topps Chrome Basketball Hobby Box,,369.95,,,0,395.46,369.95,300.0,stockx,2026-08-18,260.0,300.0,,,0,https://www.thecardiacs.com/products/2023-24-topps-chrome-basketball-hobby-box,2026-08-21T19:27:57+00:00,1.0
TOPPS_2023-24_CHROME_HOBBY,ACTIVE,nbpa,hobby,sportscardjunction,watch,2023-24 Topps Chrome Basketball Hobby Box,,400.0,,,0,426.55,369.95,300.0,stockx,2026-08-18,260.0,300.0,,,0,https://sportscardjunction.com/products/2023-24-topps-chrome-basketball-hobby-box,2026-08-21T19:27:57+00:00,1.0
TOPPS_2023-24_CHROME_HOBBY,ACTIVE,nbpa,hobby,awesome,trusted,2023-24 Topps Chrome Basketball Hobby Box,,408.0,,,0,434.82,369.95,300.0,stockx,2026-08-18,260.0,300.0,,,0,https://theawesomecardshop.com/products/2023-24-topps-chrome-basketball-hobby-box-1,2026-08-21T19:27:57+00:00,1.0
TOPPS_2023-24_CHROME_HOBBY,ACTIVE,nbpa,hobby,columbia,trusted,2023-24 Topps Chrome Basketball Hobby Box,,419.99,,,0,447.23,369.95,300.0,stockx,2026-08-18,260.0,300.0,,,0,https://columbiasportscard.com/products/2023-24-topps-chrome-basketball-hobby-box-presell,2026-08-21T19:27:57+00:00,1.0
TOPPS_2023-24_CHROME_HOBBY,ACTIVE,nbpa,hobby,bleecker,watch,2023-24 Topps Chrome Basketball Hobby Box,,500.0,,,0,529.99,369.95,300.0,stockx,2026-08-18,260.0,300.0,,,0,https://bleeckertrading.com/products/2023-24-topps-chrome-basketball,2026-08-21T19:27:57+00:00,1.0
TOPPS_2023-24_CHROME_HOBBY,ACTIVE,nbpa,hobby,worldchampion,watch,2023/24 Topps Chrome Basketball Hobby Box,,525.0,,,0,555.85,369.95,300.0,stockx,2026-08-18,260.0,300.0,,,0,https://www.worldchampionsportscards.org/products/2023-24-topps-chrome-basketball-hobby-box-presell,2026-08-21T19:27:57+00:00,1.0
TOPPS_2023-24_CHROME_HOBBY,ACTIVE,nbpa,hobby,rlsports,watch,2023-24 Topps Chrome Basketball Hobby Box,,549.99,,,0,581.7,369.95,300.0,stockx,2026-08-18,260.0,300.0,,,0,https://rlsportscards.com/products/2023-24-topps-chrome-basketball-hobby-box,2026-08-21T19:27:57+00:00,1.0
TOPPS_2023-24_CHROME_HOBBY,ACTIVE,nbpa,hobby,monmouth,watch,2023-24 Topps Chrome Basketball Hobby Box,,1499.99,,,0,1564.38,369.95,300.0,stockx,2026-08-18,260.0,300.0,,,0,https://monmouthcards.com/products/2023-24-topps-chrome-basketball-hobby,2026-08-21T19:27:57+00:00,1.0
TOPPS_2023-24_CHROME_SAPPHIRE,WATCH,nbpa,hobby,bleecker,watch,2023-24 Topps Chrome Basketball Sapphire Edition Hobby Box,,400.0,,,0,426.55,400.0,,,,,,,,0,https://bleeckertrading.com/products/2023-24-topps-chrome-basketball-sapphire-edition,2026-08-21T19:27:57+00:00,1.0
TOPPS_2023-24_COSMIC_CHROME_HOBBY,WATCH,nbpa,hobby,awesome,trusted,2023-24 Topps Cosmic Chrome Basketball Hobby Box,,159.75,,,0,178.03,,187.0,stockx,2026-08-18,,,,,0,https://theawesomecardshop.com/products/2023-24-topps-cosmic-chrome-basketball-hobby-box,2026-08-21T19:27:57+00:00,1.0
TOPPS_2023-24_COSMIC_CHROME_HOBBY,WATCH,nbpa,hobby,rlsports,watch,2023-24 Topps Cosmic Chrome Basketball Hobby Box,,169.99,,,0,188.63,,187.0,stockx,2026-08-18,,,,,0,https://rlsportscards.com/products/2023-24-topps-cosmic-chrome-basketball-hobby-box,2026-08-21T19:27:57+00:00,1.0
TOPPS_2023-24_COSMIC_CHROME_HOBBY,WATCH,nbpa,hobby,columbia,trusted,2023-24 Topps Cosmic Chrome Basketball Hobby Box,,174.99,,,0,193.8,,187.0,stockx,2026-08-18,,,,,0,https://columbiasportscard.com/products/2023-24-topps-cosmic-chrome-basketball-hobby-box,2026-08-21T19:27:57+00:00,1.0
TOPPS_2023-24_COSMIC_CHROME_HOBBY,WATCH,nbpa,hobby,hiddengems,trusted,2023-24 Topps Cosmic Chrome Basketball HOBBY Box - SEALED,,175.0,,,0,193.81,,187.0,stockx,2026-08-18,,,,,0,https://www.hiddengemscardshop.com/products/2023-24-topps-cosmic-chrome-basketball-hobby-box-sealed,2026-08-21T19:27:57+00:00,1.0
TOPPS_2023-24_COSMIC_CHROME_HOBBY,WATCH,nbpa,hobby,ballgame,watch,2023-24 Topps Cosmic Chrome Basketball - Hobby Box,,260.0,,,0,281.73,,187.0,stockx,2026-08-18,,,,,0,https://theballgame.com/products/2023-24-topps-cosmic-chrome-basketball-hobby-box,2026-08-21T19:27:57+00:00,1.0
TOPPS_2023-24_COSMIC_CHROME_HOBBY,WATCH,nbpa,hobby,worldchampion,watch,2023/24 Topps Cosmic Chrome Basketball Hobby Box,,275.0,,,0,297.25,,187.0,stockx,2026-08-18,,,,,0,https://www.worldchampionsportscards.org/products/2023-24-topps-cosmic-chrome-basketball-hobby-box,2026-08-21T19:27:57+00:00,1.0
PANINI_2023-24_NATIONAL_TREASURES_HOBBY,CANDIDATE,True,hobby,ballgame,watch,2023-24 Panini National Treasures Basketball Hobby Box,,2800.0,,,0,2909.11,2800.0,,,,,,,,0,https://theballgame.com/products/2023-24-panini-national-treasures-basketball-hobby-box,2026-08-21T19:27:57+00:00,1.0
PANINI_2023-24_NATIONAL_TREASURES_HOBBY,CANDIDATE,True,hobby,columbia,trusted,2023-24 Panini National Treasures NBA Basketball Hobby Box,,2989.99,,,0,3105.63,2800.0,,,,,,,,0,https://columbiasportscard.com/products/2023-24-panini-national-treasures-nba-basketball-hobby-box,2026-08-21T19:27:57+00:00,1.0
PANINI_2023-24_NATIONAL_TREASURES_HOBBY,CANDIDATE,True,hobby,awesome,trusted,2023-24 Panini National Treasures Basketball Hobby Box,,2999.75,,,0,3115.73,2800.0,,,,,,,,0,https://theawesomecardshop.com/products/2023-24-panini-national-treasures-basketball-hobby-box,2026-08-21T19:27:57+00:00,1.0
PANINI_2023-24_NATIONAL_TREASURES_HOBBY,CANDIDATE,True,hobby,rlsports,watch,2023-24 Panini National Treasures Basketball Hobby Box,,2999.99,,,0,3115.98,2800.0,,,,,,,,0,https://rlsportscards.com/products/2023-24-panini-national-treasures-basketball-hobby-box,2026-08-21T19:27:57+00:00,1.0
PANINI_2023-24_NATIONAL_TREASURES_HOBBY,CANDIDATE,True,hobby,bleecker,watch,2023-24 National Treasures Basketball Hobby Box,,3000.0,,,0,3115.99,2800.0,,,,,,,,0,https://bleeckertrading.com/products/2023-24-national-treasures-basketball-hobby-box,2026-08-21T19:27:57+00:00,1.0
PANINI_2023-24_NATIONAL_TREASURES_HOBBY,CANDIDATE,True,hobby,sportscardjunction,watch,2023-24 Panini National Treasures Basketball Hobby Box,,3400.0,,,0,3529.75,2800.0,,,,,,,,0,https://sportscardjunction.com/products/2023-24-panini-national-treasures-basketball-hobby-box,2026-08-21T19:27:57+00:00,1.0
PANINI_2023-24_FLAWLESS_HOBBY,CANDIDATE,True,hobby,awesome,trusted,2023-24 Panini Flawless Basketball Hobby Box,,10999.75,,,0,11390.93,10999.75,,,,,,,,0,https://theawesomecardshop.com/products/2023-24-panini-flawless-basketball-hobby-box,2026-08-21T19:27:57+00:00,1.0
PANINI_2023-24_FLAWLESS_HOBBY,CANDIDATE,True,hobby,sportscardjunction,watch,2023-24 Panini Flawless Basketball Hobby Box,,12000.0,,,0,12425.59,10999.75,,,,,,,,0,https://sportscardjunction.com/products/2023-24-panini-flawless-basketball-hobby-box,2026-08-21T19:27:57+00:00,1.0
PANINI_2023-24_NOIR_HOBBY,CANDIDATE,True,hobby,superior,watch,2023-24 Panini Noir Basketball Hobby Box,,3500.0,,,1,3633.19,3500.0,,,,,,,CANDIDAT,0,https://superiorsportsinvestments.com/products/2023-24-panini-noir-basketball-hobby-box,2026-08-21T19:27:57+00:00,1.0
PANINI_2023-24_NOIR_HOBBY,CANDIDATE,True,hobby,columbia,trusted,2023-24 Panini Noir Basketball Hobby Box,,1874.99,,,0,1952.28,3500.0,,,,,,,,0,https://columbiasportscard.com/products/2023-24-panini-noir-basketball-hobby-box,2026-08-21T19:27:57+00:00,1.0
PANINI_2023-24_NOIR_HOBBY,CANDIDATE,True,hobby,cardiacs,trusted,2023-24 Panini Noir Basketball Hobby Box,,1899.95,,,0,1978.1,3500.0,,,,,,,,0,https://www.thecardiacs.com/products/2023-24-panini-noir-basketball-hobby-box,2026-08-21T19:27:57+00:00,1.0
PANINI_2023-24_NOIR_HOBBY,CANDIDATE,True,hobby,rlsports,watch,2023-24 Panini Noir Basketball Hobby Box,,2099.99,,,0,2185.02,3500.0,,,,,,,,0,https://rlsportscards.com/products/2023-24-panini-noir-basketball-hobby-box,2026-08-21T19:27:57+00:00,1.0
PANINI_2023-24_NOIR_HOBBY,CANDIDATE,True,hobby,awesome,trusted,2023-24 Panini Noir Basketball Hobby Box,,2499.75,,,0,2598.53,3500.0,,,,,,,,0,https://theawesomecardshop.com/products/2023-24-panini-noir-basketball-hobby-box,2026-08-21T19:27:57+00:00,1.0
PANINI_2023-24_NOIR_HOBBY,CANDIDATE,True,hobby,sportscardjunction,watch,2023-24 Panini NOIR Basketball Hobby Box,,3150.0,,,0,3271.15,3500.0,,,,,,,,0,https://sportscardjunction.com/products/2023-24-panini-noir-basketball-hobby-box,2026-08-21T19:27:57+00:00,1.0
PANINI_2023-24_ONE_AND_ONE_HOBBY,CANDIDATE,True,hobby,superior,watch,2023-24  Panini One and One Basketball Hobby Box,,1650.0,,,1,1719.55,1650.0,,,,,,,CANDIDAT,0,https://superiorsportsinvestments.com/products/2023-24-panini-one-and-one-basketball-hobby-box,2026-08-21T19:27:57+00:00,1.0
PANINI_2023-24_ONE_AND_ONE_HOBBY,CANDIDATE,True,hobby,columbia,trusted,2023-24 Panini One and One Basketball Hobby Box,,679.99,,,0,716.17,1650.0,,,,,,,,0,https://columbiasportscard.com/products/2023-24-panini-one-and-one-basketball-hobby-box,2026-08-21T19:27:57+00:00,1.0
PANINI_2023-24_ONE_AND_ONE_HOBBY,CANDIDATE,True,hobby,sportscardjunction,watch,2023-24 Panini One and One Basketball Hobby Box,,700.0,,,0,736.87,1650.0,,,,,,,,0,https://sportscardjunction.com/products/2023-24-panini-one-and-one-basketball-hobby-box,2026-08-21T19:27:57+00:00,1.0
PANINI_2023-24_ONE_AND_ONE_HOBBY,CANDIDATE,True,hobby,rlsports,watch,2023-24 Panini One and One Basketball Hobby Box,,799.99,,,0,840.3,1650.0,,,,,,,,0,https://rlsportscards.com/products/2023-24-panini-one-and-one-basketball-hobby-box,2026-08-21T19:27:57+00:00,1.0
PANINI_2023-24_ONE_AND_ONE_HOBBY,CANDIDATE,True,hobby,ballgame,watch,2023/24 Panini One and One Basketball Hobby Box,,800.0,,,0,840.31,1650.0,,,,,,,,0,https://theballgame.com/products/2023-24-panini-one-and-one-basketball-hobby-box,2026-08-21T19:27:57+00:00,1.0
PANINI_2023-24_ONE_AND_ONE_HOBBY,CANDIDATE,True,hobby,bleecker,watch,2023-24 Panini One and One Basketball Hobby Box,,800.0,,,0,840.31,1650.0,,,,,,,,0,https://bleeckertrading.com/products/2023-24-panini-one-and-one-basketball-sealed-box,2026-08-21T19:27:57+00:00,1.0
TOPPS_2023-24_MIDNIGHT_HOBBY,CANDIDATE,nbpa,hobby,superior,watch,2023-24 Topps Midnight Basketball Hobby Box,,695.0,,,1,731.7,695.0,,,,,,,CANDIDAT,0,https://superiorsportsinvestments.com/products/2023-24-topps-midnight-basketball-hobby-box,2026-08-21T19:27:57+00:00,1.0
TOPPS_2023-24_MIDNIGHT_HOBBY,CANDIDATE,nbpa,hobby,sportscardjunction,watch,2023-24 Topps Midnight Basketball Hobby Box,,195.0,,,0,214.5,695.0,,,,,,,,0,https://sportscardjunction.com/products/2023-24-topps-midnight-basketball-hobby-box,2026-08-21T19:27:57+00:00,1.0
TOPPS_2023-24_MIDNIGHT_HOBBY,CANDIDATE,nbpa,hobby,awesome,trusted,2023-24 Topps Midnight Basketball Hobby Box,,199.75,,,0,219.41,695.0,,,,,,,,0,https://theawesomecardshop.com/products/2023-24-topps-midnight-basketball-hobby-box,2026-08-21T19:27:57+00:00,1.0
TOPPS_2023-24_MIDNIGHT_HOBBY,CANDIDATE,nbpa,hobby,columbia,trusted,2023-24 Topps Midnight Basketball Hobby Box,,199.99,,,0,219.66,695.0,,,,,,,,0,https://columbiasportscard.com/products/2023-24-topps-midnight-basketball-hobby-box,2026-08-21T19:27:57+00:00,1.0
TOPPS_2023-24_MIDNIGHT_HOBBY,CANDIDATE,nbpa,hobby,rlsports,watch,2023-24 Topps Midnight Basketball Hobby Box,,199.99,,,0,219.66,695.0,,,,,,,,0,https://rlsportscards.com/products/2023-24-topps-midnight-basketball-hobby-box,2026-08-21T19:27:57+00:00,1.0
TOPPS_2023-24_MIDNIGHT_HOBBY,CANDIDATE,nbpa,hobby,monmouth,watch,2023-24 Topps Midnight Basketball Hobby Box,,229.99,,,0,250.69,695.0,,,,,,,,0,https://monmouthcards.com/products/2023-24-topps-midnight-basketball-hobby-box,2026-08-21T19:27:57+00:00,1.0
TOPPS_2023-24_MIDNIGHT_HOBBY,CANDIDATE,nbpa,hobby,ballgame,watch,2023/24 Topps Midnight Basketball Hobby Box,,240.0,,,0,261.04,695.0,,,,,,,,0,https://theballgame.com/products/2023-24-topps-midnight-basketball-hobby-box-sd-2-27-25,2026-08-21T19:27:57+00:00,1.0
TOPPS_2023-24_MIDNIGHT_HOBBY,CANDIDATE,nbpa,hobby,bleecker,watch,2023-24 Topps Midnight Basketball Hobby Box,,250.0,,,0,271.39,695.0,,,,,,,,0,https://bleeckertrading.com/products/2023-24-topps-midnight-basketball-sealed-hobby-box,2026-08-21T19:27:57+00:00,1.0
TOPPS_2023-24_MIDNIGHT_HOBBY,CANDIDATE,nbpa,hobby,worldchampion,watch,2023/24 Topps Midnight Basketball Hobby Box,,300.0,,,0,323.11,695.0,,,,,,,,0,https://www.worldchampionsportscards.org/products/2023-24-topps-midnight-basketball-hobby-box,2026-08-21T19:27:57+00:00,1.0
TOPPS_2023-24_MIDNIGHT_HOBBY,CANDIDATE,nbpa,hobby,hiddengems,trusted,2023-24 Topps Midnight Basketball Hobby Box,,699.0,,,0,735.83,695.0,,,,,,,,0,https://www.hiddengemscardshop.com/products/2023-24-topps-midnight-basketball-hobby-box-presale-ships-on-2-25-2025,2026-08-21T19:27:57+00:00,1.0
TOPPS_2023-24_MIDNIGHT_HOBBY,CANDIDATE,nbpa,hobby,boxseat,watch,2023-2024 Topps Midnight Basketball HOBBY BOX,,699.99,,,0,736.86,695.0,,,,,,,,0,https://boxseatcollectibles.com/products/2023-2024-topps-midnight-basketball-hobby-box,2026-08-21T19:27:57+00:00,1.0
TOPPS_2025-26_BOWMAN_HOBBY,WATCH,True,hobby,collectorstore,trusted,2025/26 Bowman Basketball Hobby Box,,459.95,,,1,488.56,339.99,,,,,,,SUIVI,0,https://collectorstore.com/products/202526-bowman-basketball-hobby-fgc006684,2026-08-21T19:27:57+00:00,1.0
TOPPS_2025-26_BOWMAN_HOBBY,WATCH,True,hobby,monmouth,watch,2025-26 Bowman Basketball Hobby Box,,469.99,,,1,498.95,339.99,,,,,,,,0,https://monmouthcards.com/products/2025-26-bowman-basketball-hobby-box,2026-08-21T19:27:57+00:00,1.0
TOPPS_2025-26_BOWMAN_HOBBY,WATCH,True,hobby,rbicru7,trusted,"2025-26 Bowman Basketball Hobby, Box",,475.0,,,1,504.13,339.99,,,,,,,,0,https://rbicru7.com/products/2025-26-bowman-basketball-hobby-box,2026-08-21T19:27:57+00:00,1.0
TOPPS_2025-26_BOWMAN_HOBBY,WATCH,True,hobby,sportscardjunction,watch,2025-26 Bowman Basketball Hobby Box,,475.0,,,1,504.13,339.99,,,,,,,,0,https://sportscardjunction.com/products/pre-order-2025-26-bowman-basketball-hobby-box-releases-4-22-26,2026-08-21T19:27:57+00:00,1.0
TOPPS_2025-26_BOWMAN_HOBBY,WATCH,True,hobby,hiddengems,trusted,2025-26 Bowman Basketball Hobby Box,,550.0,,,1,581.71,339.99,,,,,,,,0,https://www.hiddengemscardshop.com/products/2025-26-bowman-basketball-hobby-box-presell,2026-08-21T19:27:57+00:00,1.0
TOPPS_2025-26_BOWMAN_HOBBY,WATCH,True,hobby,boxseat,watch,2025-26 Bowman Basketball HOBBY BOX,,749.99,,,1,788.58,339.99,,,,,,,,0,https://boxseatcollectibles.com/products/2025-26-bowman-basketball-hobby-box,2026-08-21T19:27:57+00:00,1.0
TOPPS_2025-26_BOWMAN_HOBBY,WATCH,True,hobby,sportscardjunction,watch,2025-26 Bowman's Best University Basketball Hobby Box,,225.0,,,0,245.53,339.99,,,,,,,,0,https://sportscardjunction.com/products/2025-26-bowmans-best-university-basketball-hobby-box,2026-08-21T19:27:57+00:00,1.0
TOPPS_2025-26_BOWMAN_HOBBY,WATCH,True,hobby,awesome,trusted,2025-26 Bowman Basketball Hobby Box,,333.75,,,0,358.02,339.99,,,,,,,,0,https://theawesomecardshop.com/products/2025-26-bowman-basketball-hobby-box,2026-08-21T19:27:57+00:00,1.0
TOPPS_2025-26_BOWMAN_HOBBY,WATCH,True,hobby,columbia,trusted,2025-26 Bowman Basketball Hobby Box | Columbia Sports Cards,,349.99,,,0,374.82,339.99,,,,,,,,0,https://columbiasportscard.com/products/2025-26-bowman-basketball-hobby-box,2026-08-21T19:27:57+00:00,1.0
TOPPS_2025-26_BOWMAN_HOBBY,WATCH,True,hobby,rlsports,watch,2025-26 Bowman Basketball Hobby Box,,419.99,,,0,447.23,339.99,,,,,,,,0,https://rlsportscards.com/products/2025-26-bowman-basketball-hobby-box,2026-08-21T19:27:57+00:00,1.0
TOPPS_2025-26_BOWMAN_HOBBY,WATCH,True,hobby,ehcards,trusted,2025/26 Bowman Basketball Hobby Box,,499.99,,,0,529.98,339.99,,,,,,,,0,https://ehcards.com/products/2025-26-bowman-basketball-hobby-box,2026-08-21T19:27:57+00:00,1.0
TOPPS_2025-26_BOWMAN_HOBBY,WATCH,True,hobby,bleecker,watch,2025-26 Bowman Basketball Hobby Box,,500.0,,,0,529.99,339.99,,,,,,,,0,https://bleeckertrading.com/products/2025-26-bowman-basketball-hobby-box-presale,2026-08-21T19:27:57+00:00,1.0
TOPPS_2025-26_BOWMAN_HOBBY,WATCH,True,hobby,worldchampion,watch,2025/26 Bowman Basketball Hobby Box,,550.0,,,0,581.71,339.99,,,,,,,,0,https://www.worldchampionsportscards.org/products/2025-26-bowman-basketball-hobby-box-presell,2026-08-21T19:27:57+00:00,1.0
TOPPS_2025-26_BOWMAN_HOBBY,WATCH,True,hobby,awesome,trusted,2025-26 Bowman Basketball Hobby Delight Box,,1094.75,,,0,1145.2,339.99,,,,,,,,0,https://theawesomecardshop.com/products/2025-26-bowman-basketball-hobby-breakers-delight-box,2026-08-21T19:27:57+00:00,1.0
TOPPS_2025-26_BOWMAN_HOBBY_JUMBO,WATCH,True,hobby,hiddengems,trusted,2025/26 Bowman Basketball Jumbo Hobby Box,,749.0,,,1,787.55,749.0,,,,,,,SUIVI,0,https://www.hiddengemscardshop.com/products/2025-26-bowman-basketball-jumbo-hobby-box-presell,2026-08-21T19:27:57+00:00,1.0
TOPPS_2025-26_BOWMAN_HOBBY_JUMBO,WATCH,True,hobby,awesome,trusted,2025-26 Bowman Basketball Hobby Jumbo Box,,774.75,,,1,814.19,749.0,,,,,,,,0,https://theawesomecardshop.com/products/2025-26-bowman-basketball-hobby-jumbo-box,2026-08-21T19:27:57+00:00,1.0
TOPPS_2025-26_BOWMAN_HOBBY_JUMBO,WATCH,True,hobby,rbicru7,trusted,"2025-26 Bowman Basketball Jumbo, Box",,775.0,,,1,814.45,749.0,,,,,,,,0,https://rbicru7.com/products/2025-26-bowman-basketball-jumbo-box,2026-08-21T19:27:57+00:00,1.0
TOPPS_2025-26_BOWMAN_HOBBY_JUMBO,WATCH,True,hobby,sportscardjunction,watch,2025-26 Bowman Basketball Jumbo Box,,775.0,,,1,814.45,749.0,,,,,,,,0,https://sportscardjunction.com/products/pre-order-2025-26-bowman-basketball-jumbo-box-releases-4-22-26,2026-08-21T19:27:57+00:00,1.0
TOPPS_2025-26_BOWMAN_HOBBY_JUMBO,WATCH,True,hobby,collectorstore,trusted,2025/26 Bowman Basketball Jumbo Box,,799.95,,,1,840.26,749.0,,,,,,,,0,https://collectorstore.com/products/2025-26-bowman-basketball-jumbo-box,2026-08-21T19:27:57+00:00,1.0
TOPPS_2025-26_BOWMAN_HOBBY_JUMBO,WATCH,True,hobby,monmouth,watch,2025-26 Bowman Basketball Hobby Jumbo Box,,799.99,,,1,840.3,749.0,,,,,,,,0,https://monmouthcards.com/products/2025-26-bowman-basketball-hobby-jumbo-box,2026-08-21T19:27:57+00:00,1.0
TOPPS_2025-26_BOWMAN_HOBBY_JUMBO,WATCH,True,hobby,columbia,trusted,2025-26 Bowman Basketball Hobby Jumbo Box | Columbia Sports Cards,,598.99,,,0,632.38,749.0,,,,,,,,0,https://columbiasportscard.com/products/2025-26-bowman-basketball-jumbo-hobby-box,2026-08-21T19:27:57+00:00,1.0
TOPPS_2025-26_BOWMAN_HOBBY_JUMBO,WATCH,True,hobby,cardiacs,trusted,2025-26 Bowman Basketball Hobby Jumbo Box,,664.95,,,0,700.61,749.0,,,,,,,,0,https://www.thecardiacs.com/products/2025-26-bowman-basketball-hobby-jumbo-box,2026-08-21T19:27:57+00:00,1.0
TOPPS_2025-26_BOWMAN_HOBBY_JUMBO,WATCH,True,hobby,worldchampion,watch,2025/26 Bowman Basketball Hobby Jumbo Box,,680.0,,,0,716.18,749.0,,,,,,,,0,https://www.worldchampionsportscards.org/products/2025-26-bowman-basketball-hobby-jumbo-box-presell,2026-08-21T19:27:57+00:00,1.0
TOPPS_2025-26_BOWMAN_HOBBY_JUMBO,WATCH,True,hobby,rlsports,watch,2025-26 Bowman Basketball Jumbo Box,,699.99,,,0,736.86,749.0,,,,,,,,0,https://rlsportscards.com/products/2025-26-bowman-basketball-jumbo-box,2026-08-21T19:27:57+00:00,1.0
TOPPS_2025-26_BOWMAN_HOBBY_JUMBO,WATCH,True,hobby,boxseat,watch,2025-26 Bowman Basketball JUMBO BOX,,899.99,,,0,943.74,749.0,,,,,,,,0,https://boxseatcollectibles.com/products/2025-26-bowman-basketball-jumbo-box,2026-08-21T19:27:57+00:00,1.0
TOPPS_2025-26_BOWMAN_HOBBY_JUMBO,WATCH,True,hobby,bleecker,watch,2025-26 Bowman Basketball Hobby Jumbo Box,,950.0,,,0,995.47,749.0,,,,,,,,0,https://bleeckertrading.com/products/2025-26-bowman-basketball-hobby-jumbo-box-presale,2026-08-21T19:27:57+00:00,1.0
TOPPS_2025-26_BOWMAN_HOBBY_JUMBO,WATCH,True,hobby,ehcards,trusted,2025/26 Bowman Basketball Hobby Jumbo Box,,999.99,,,0,1047.18,749.0,,,,,,,,0,https://ehcards.com/products/2025-26-bowman-basketball,2026-08-21T19:27:57+00:00,1.0
TOPPS_2025-26_BOWMAN_BREAKERS_DELIGHT,WATCH,True,hobby,hiddengems,trusted,2025/26 Bowman Basketball Breaker Delight Box,,1700.0,,,0,1771.27,1700.0,,,,,,,,0,https://www.hiddengemscardshop.com/products/2025-26-bowman-basketball-breaker-delight-box-presell,2026-08-21T19:27:57+00:00,1.0
TOPPS_2025-26_BOWMAN_BREAKERS_DELIGHT,WATCH,True,hobby,bleecker,watch,2025-26 Bowman Basketball Breakers Delight Box,,1900.0,,,0,1978.15,1700.0,,,,,,,,0,https://bleeckertrading.com/products/2025-26-bowman-basketball-breakers-delight-box-presale,2026-08-21T19:27:57+00:00,1.0
TOPPS_2025-26_BOWMAN_HOBBY_CASE,CANDIDATE,True,hobby,boxseat,watch,2025-26 Bowman Basketball Sealed Hobby Case 12 Boxes,,7199.99,12,600.0,1,633.43,7199.99,,,,,,,CANDIDAT,0,https://boxseatcollectibles.com/products/2025-bowman-basketball-sealed-hobby-case-12-boxes,2026-08-21T19:27:57+00:00,1.0
TOPPS_2025-26_BOWMAN_HOBBY_CASE,CANDIDATE,True,hobby,worldchampion,watch,2025/26 Bowman Basketball Hobby 12-Box Case (Presell),,10000.0,12,833.33,1,874.79,7199.99,,,,,,,,0,https://www.worldchampionsportscards.org/products/2025-26-bowman-basketball-hobby-12-box-case-presell,2026-08-21T19:27:57+00:00,1.0
TOPPS_2025-26_BOWMAN_HOBBY_CASE,CANDIDATE,True,hobby,awesome,trusted,2025-26 Bowman Basketball Hobby 12-Box Case,,3990.75,12,332.56,0,356.79,7199.99,,,,,,,,0,https://theawesomecardshop.com/products/2025-26-bowman-basketball-hobby-12-box-case,2026-08-21T19:27:57+00:00,1.0
TOPPS_2025-26_BOWMAN_HOBBY_CASE,CANDIDATE,True,hobby,awesome,trusted,2025-26 Bowman Basketball Hobby Jumbo 8-Box Case,,5175.75,12,431.31,0,458.94,7199.99,,,,,,,,0,https://theawesomecardshop.com/products/2025-26-bowman-basketball-hobby-jumbo-8-box-case,2026-08-21T19:27:57+00:00,1.0
TOPPS_2025-26_BOWMAN_HOBBY_CASE,CANDIDATE,True,hobby,awesome,trusted,2025-26 Bowman Basketball Hobby Delight 6-Box Case,,6475.75,12,539.65,0,571.0,7199.99,,,,,,,,0,https://theawesomecardshop.com/products/2025-26-bowman-basketball-hobby-breakers-delight-6-box-case,2026-08-21T19:27:57+00:00,1.0
TOPPS_2025-26_BOWMAN_HOBBY_CASE,CANDIDATE,True,hobby,worldchampion,watch,2025/26 Bowman Basketball Hobby Jumbo 8-Box Case (Presell),,12000.0,12,1000.0,0,1047.19,7199.99,,,,,,,,0,https://www.worldchampionsportscards.org/products/2025-26-bowman-basketball-hobby-jumbo-8-box-case-presell,2026-08-21T19:27:57+00:00,1.0
TOPPS_2025-26_BOWMAN_BREAKERS_DELIGHT_CASE,CANDIDATE,True,hobby,sportscardjunction,watch,2025-26 Bowman Basketball Sealed 6 Delight Box Case,,9995.0,6,1665.83,0,1735.93,,,,,,,,,0,https://sportscardjunction.com/products/pre-order-2025-26-bowman-basketball-6-delight-box-sealed-case,2026-08-21T19:27:57+00:00,1.0
TOPPS_2025-26_BOWMAN_MEGA_CASE,CANDIDATE,True,hobby,awesome,trusted,2025-26 Bowman Basketball Mega 20-Box Case,,1699.75,20,84.99,0,100.7,1699.75,,,,,,,,0,https://theawesomecardshop.com/products/2025-26-bowman-basketball-mega-20-box-case,2026-08-21T19:27:57+00:00,1.0
TOPPS_2025-26_BOWMAN_VALUE_BLASTER_CASE,CANDIDATE,True,hobby,awesome,trusted,2025-26 Bowman Basketball Blaster 40-Box Case,,1590.75,40,39.77,0,53.92,1590.75,,,,,,,,0,https://theawesomecardshop.com/products/2025-26-bowman-basketball-blaster-40-box-case,2026-08-21T19:27:57+00:00,1.0
TOPPS_2025-26_BOWMAN_VALUE_BLASTER_CASE,CANDIDATE,True,hobby,worldchampion,watch,2025/26 Bowman Basketball Blaster 40-Box Case (Presell),,2400.0,40,60.0,0,74.85,1590.75,,,,,,,,0,https://www.worldchampionsportscards.org/products/2025-26-bowman-basketball-blaster-40-box-case-presell,2026-08-21T19:27:57+00:00,1.0
TOPPS_2025-26_CHROME_HOBBY,WATCH,True,hobby,bleecker,watch,2025-26 Topps Chrome Black Basketball Hobby Box (Presale),,700.0,,,1,736.87,549.99,,,,,,,SUIVI,0,https://bleeckertrading.com/products/2025-26-topps-chrome-black-basketball-hobby-box,2026-08-21T19:27:57+00:00,1.0
TOPPS_2025-26_CHROME_HOBBY,WATCH,True,hobby,rbicru7,trusted,"*LAST BOX* 2025-26 Topps Chrome Basketball Hobby, Box",,1075.0,,,1,1124.77,549.99,,,,,,,,0,https://rbicru7.com/products/2025-26-topps-chrome-basketball-hobby-box,2026-08-21T19:27:57+00:00,1.0
TOPPS_2025-26_CHROME_HOBBY,WATCH,True,hobby,boxseat,watch,2025-26 Topps Chrome Basketball HOBBY BOX,,1499.99,,,1,1564.38,549.99,,,,,,,,0,https://boxseatcollectibles.com/products/2025-26-topps-chrome-basketball-hobby-box,2026-08-21T19:27:57+00:00,1.0
TOPPS_2025-26_CHROME_HOBBY,WATCH,True,hobby,sjay2k,watch,2025-26 Topps Chrome Black Basketball Hobby Box (Pre-Order: August 27),,0.0,,,0,12.79,549.99,,,,,,,,0,https://www.sjay2k.com/products/2025-26-topps-chrome-black-basketball-hobby-box-pre-order-august-27,2026-08-21T19:27:57+00:00,1.0
TOPPS_2025-26_CHROME_HOBBY,WATCH,True,hobby,bleecker,watch,2025-26 Topps Chrome Mcdonald's All-American Basketball Hobby Box,,300.0,,,0,323.11,549.99,,,,,,,,0,https://bleeckertrading.com/products/2025-26-topps-chrome-mcdonalds-all-american-basketball-hobby-box-presale,2026-08-21T19:27:57+00:00,1.0
TOPPS_2025-26_CHROME_HOBBY,WATCH,True,hobby,columbia,trusted,2025-26 Topps Chrome Basketball Hobby Box | Columbia Sports Cards,,749.99,,,0,788.58,549.99,,,,,,,,0,https://columbiasportscard.com/products/2025-26-topps-chrome-basketball-hobby-box-columbia-sports-cards,2026-08-21T19:27:57+00:00,1.0
TOPPS_2025-26_CHROME_HOBBY,WATCH,True,hobby,ballgame,watch,2025/26 Topps Chrome Basketball Hobby Box,,750.0,,,0,788.59,549.99,,,,,,,,0,https://theballgame.com/products/2025-26-topps-chrome-basketball-hobby-box,2026-08-21T19:27:57+00:00,1.0
TOPPS_2025-26_CHROME_HOBBY,WATCH,True,hobby,sportscardjunction,watch,2025-26 Topps Chrome Basketball Hobby Box,,775.0,,,0,814.45,549.99,,,,,,,,0,https://sportscardjunction.com/products/pre-order-2025-26-topps-chrome-basketball-hobby-box-releases-12-18-25,2026-08-21T19:27:57+00:00,1.0
TOPPS_2025-26_CHROME_HOBBY,WATCH,True,hobby,hiddengems,trusted,2025-26 Topps Chrome Basketball Hobby Box,,799.0,,,0,839.27,549.99,,,,,,,,0,https://www.hiddengemscardshop.com/products/2025-26-topps-chrome-basketball-hobby-box,2026-08-21T19:27:57+00:00,1.0
TOPPS_2025-26_CHROME_HOBBY,WATCH,True,hobby,worldchampion,watch,2025/26 Topps Chrome Basketball Hobby Box,,800.0,,,0,840.31,549.99,,,,,,,,0,https://www.worldchampionsportscards.org/products/2025-26-topps-chrome-basketball-hobby-box-presell,2026-08-21T19:27:57+00:00,1.0
TOPPS_2025-26_CHROME_HOBBY,WATCH,True,hobby,bleecker,watch,2025-26 Topps Chrome Basketball Hobby Box,,960.0,,,0,1005.81,549.99,,,,,,,,0,https://bleeckertrading.com/products/2025-26-topps-chrome-basketball-hobby-box-presale,2026-08-21T19:27:57+00:00,1.0
TOPPS_2025-26_CHROME_HOBBY,WATCH,True,hobby,collectorstore,trusted,2025-26 Topps Chrome Basketball Hobby Box,,1074.95,,,0,1124.72,549.99,,,,,,,,0,https://collectorstore.com/products/2025-26-topps-chrome-basketball-hobby-box,2026-08-21T19:27:57+00:00,1.0
TOPPS_2025-26_CHROME_HOBBY,WATCH,True,hobby,awesome,trusted,2025-26 Topps Chrome Basketball Hobby Box,,1099.75,,,0,1150.37,549.99,,,,,,,,0,https://theawesomecardshop.com/products/2025-26-topps-chrome-basketball-hobby-box,2026-08-21T19:27:57+00:00,1.0
TOPPS_2025-26_CHROME_HOBBY,WATCH,True,hobby,rlsports,watch,2025-26 Topps Chrome Basketball Hobby Box,,1099.99,,,0,1150.62,549.99,,,,,,,,0,https://rlsportscards.com/products/2025-26-topps-chrome-basketball-hobby-box,2026-08-21T19:27:57+00:00,1.0
TOPPS_2025-26_CHROME_HOBBY_JUMBO,WATCH,True,hobby,superior,watch,2025-26 Topps Chrome Basketball Hobby Jumbo Box,,2450.0,,,1,2547.07,2450.0,,,,,,,SUIVI,0,https://superiorsportsinvestments.com/products/2025-26-topps-chrome-basketball-hobby-jumbo-box,2026-08-21T19:27:57+00:00,1.0
TOPPS_2025-26_CHROME_HOBBY_JUMBO,WATCH,True,hobby,hiddengems,trusted,2025-26 Topps Chrome® Basketball - Hobby Jumbo Box (Presell),,1200.0,,,0,1254.07,2450.0,,,,,,,,0,https://www.hiddengemscardshop.com/products/2025-26-topps-chrome®-basketball-hobby-jumbo-box-presell,2026-08-21T19:27:57+00:00,1.0
TOPPS_2025-26_CHROME_HOBBY_JUMBO,WATCH,True,hobby,worldchampion,watch,2025/26 Topps Chrome Basketball Jumbo Hobby Box,,1500.0,,,0,1564.39,2450.0,,,,,,,,0,https://www.worldchampionsportscards.org/products/2025-26-topps-chrome-basketball-jumbo-hobby-box-presell,2026-08-21T19:27:57+00:00,1.0
TOPPS_2025-26_CHROME_HOBBY_JUMBO,WATCH,True,hobby,columbia,trusted,2025-26 Topps Chrome Basketball Hobby Jumbo Box | Columbia Sports Cards,,1699.99,,,0,1771.26,2450.0,,,,,,,,0,https://columbiasportscard.com/products/2025-26-topps-chrome-basketball-hobby-jumbo-box-columbia-sports-cards,2026-08-21T19:27:57+00:00,1.0
TOPPS_2025-26_CHROME_HOBBY_JUMBO,WATCH,True,hobby,sportscardjunction,watch,2025-26 Topps Chrome Basketball Jumbo Box,,1750.0,,,0,1822.99,2450.0,,,,,,,,0,https://sportscardjunction.com/products/pre-order-2025-26-topps-chrome-basketball-jumbo-box-releases-12-18-25,2026-08-21T19:27:57+00:00,1.0
TOPPS_2025-26_CHROME_HOBBY_JUMBO,WATCH,True,hobby,awesome,trusted,2025-26 Topps Chrome Basketball Hobby Jumbo Box,,2049.75,,,0,2133.05,2450.0,,,,,,,,0,https://theawesomecardshop.com/products/2025-26-topps-chrome-basketball-hobby-jumbo-box,2026-08-21T19:27:57+00:00,1.0
TOPPS_2025-26_CHROME_HOBBY_JUMBO,WATCH,True,hobby,bleecker,watch,2025-26 Topps Chrome Basketball Jumbo Box,,2300.0,,,0,2391.91,2450.0,,,,,,,,0,https://bleeckertrading.com/products/2025-26-topps-chrome-basketball-jumbo-box-presale,2026-08-21T19:27:57+00:00,1.0
TOPPS_2025-26_CHROME_UPDATE_HOBBY,WATCH,True,hobby,rbicru7,trusted,"2025-26 Topps Chrome Update Series Basketball Hobby, Box",,1095.0,,,1,1145.46,549.99,,,,,,,SUIVI,0,https://rbicru7.com/products/2025-26-topps-chrome-update-series-basketball-hobby-box,2026-08-21T19:27:57+00:00,1.0
TOPPS_2025-26_CHROME_UPDATE_HOBBY,WATCH,True,hobby,cardiacs,trusted,2025-26 Topps Chrome Update Series Basketball Hobby Box,,1099.95,,,1,1150.58,549.99,,,,,,,,0,https://www.thecardiacs.com/products/2025-26-topps-chrome-update-series-basketball-hobby-box,2026-08-21T19:27:57+00:00,1.0
TOPPS_2025-26_CHROME_UPDATE_HOBBY,WATCH,True,hobby,collectorstore,trusted,2025-26 Topps Chrome Update Series Basketball Hobby Box,,1099.95,,,1,1150.58,549.99,,,,,,,,0,https://collectorstore.com/products/2025-26-topps-chrome-update-series-basketball-hobby-box,2026-08-21T19:27:57+00:00,1.0
TOPPS_2025-26_CHROME_UPDATE_HOBBY,WATCH,True,hobby,ehcards,trusted,2025/26 Topps Chrome UPDATE Basketball Hobby Box,,1099.99,,,1,1150.62,549.99,,,,,,,,0,https://ehcards.com/products/2025-26-topps-chrome-update-basketball-hobby-box,2026-08-21T19:27:57+00:00,1.0
TOPPS_2025-26_CHROME_UPDATE_HOBBY,WATCH,True,hobby,monmouth,watch,2025-26 Topps Chrome Update Series Basketball Hobby Box,,1199.99,,,1,1254.06,549.99,,,,,,,,0,https://monmouthcards.com/products/2026-topps-chrome-update-series-basketball-hobby-box,2026-08-21T19:27:57+00:00,1.0
TOPPS_2025-26_CHROME_UPDATE_HOBBY,WATCH,True,hobby,boxseat,watch,2025-26 Topps Chrome Update Basketball Hobby Box,,1249.99,,,1,1305.78,549.99,,,,,,,,0,https://boxseatcollectibles.com/products/2025-26-topps-chrome-hobby-basketball,2026-08-21T19:27:57+00:00,1.0
TOPPS_2025-26_CHROME_UPDATE_HOBBY,WATCH,True,hobby,worldchampion,watch,2025/26 Topps Chrome Update Series Basketball Hobby Box (Presell),,1250.0,,,1,1305.79,549.99,,,,,,,,0,https://www.worldchampionsportscards.org/products/2025-26-topps-chrome-update-series-basketball-hobby-box-presell,2026-08-21T19:27:57+00:00,1.0
TOPPS_2025-26_CHROME_UPDATE_HOBBY,WATCH,True,hobby,columbia,trusted,2025/26 Topps Chrome Update Series Basketball Hobby Box | Columbia Sports Cards,,974.99,,,0,1021.32,549.99,,,,,,,,0,https://columbiasportscard.com/products/2025-26-topps-chrome-update-series-basketball-hobby-box,2026-08-21T19:27:57+00:00,1.0
TOPPS_2025-26_CHROME_UPDATE_HOBBY,WATCH,True,hobby,rlsports,watch,2025-26 Topps Chrome Update Basketball Hobby Box,,975.0,,,0,1021.33,549.99,,,,,,,,0,https://rlsportscards.com/products/2025-26-topps-chrome-update-basketball-hobby-box,2026-08-21T19:27:57+00:00,1.0
TOPPS_2025-26_CHROME_UPDATE_HOBBY,WATCH,True,hobby,sportscardjunction,watch,2025-26 Topps Chrome Update Basketball Hobby Box,,995.0,,,0,1042.02,549.99,,,,,,,,0,https://sportscardjunction.com/products/2025-26-topps-chrome-update-basketball-hobby-box-pre-sale-release-8-5-26,2026-08-21T19:27:57+00:00,1.0
TOPPS_2025-26_CHROME_UPDATE_HOBBY,WATCH,True,hobby,cbhobby,watch,2025-26 Topps Chrome Update Series Basketball Hobby Box Box,Box,1000.0,,,0,1047.19,549.99,,,,,,,,0,https://cbhobby.com/products/2025-26-topps-chrome-update-series-basketball-hobby-box,2026-08-21T19:27:57+00:00,1.0
TOPPS_2025-26_CHROME_UPDATE_HOBBY,WATCH,True,hobby,hiddengems,trusted,2025-26 Topps Chrome Update Series Basketball Hobby Box,,1000.0,,,0,1047.19,549.99,,,,,,,,0,https://www.hiddengemscardshop.com/products/2025-26-topps-chrome-update-series-basketball-hobby-box,2026-08-21T19:27:57+00:00,1.0
TOPPS_2025-26_CHROME_UPDATE_HOBBY,WATCH,True,hobby,awesome,trusted,2025-26 Topps Chrome Update Series Basketball Hobby Box,,1099.75,,,0,1150.37,549.99,,,,,,,,0,https://theawesomecardshop.com/products/2025-26-topps-chrome-update-series-basketball-hobby-box,2026-08-21T19:27:57+00:00,1.0
TOPPS_2025-26_CHROME_UPDATE_HOBBY,WATCH,True,hobby,bleecker,watch,2025-26 Topps Chrome Update Series Basketball Hobby Box,,1100.0,,,0,1150.63,549.99,,,,,,,,0,https://bleeckertrading.com/products/2025-26-topps-chrome-update-series-basketball-hobby-box,2026-08-21T19:27:57+00:00,1.0
TOPPS_2025-26_CHROME_UPDATE_HOBBY,WATCH,True,hobby,sjay2k,watch,2025-26 Topps Chrome Update Basketball Hobby Box,,1400.0,,,0,1460.95,549.99,,,,,,,,0,https://www.sjay2k.com/products/2025-26-topps-chrome-update-basketball-hobby-box-pre-order-august-6,2026-08-21T19:27:57+00:00,1.0
TOPPS_2025-26_CHROME_UPDATE_JUMBO,WATCH,True,hobby,rbicru7,trusted,"2025-26 Topps Chrome Update Series Basketball Jumbo, Box",,2195.0,,,1,2283.3,2195.0,,,,,,,SUIVI,0,https://rbicru7.com/products/2025-26-topps-chrome-update-series-basketball-jumbo-box,2026-08-21T19:27:57+00:00,1.0
TOPPS_2025-26_CHROME_UPDATE_JUMBO,WATCH,True,hobby,cardiacs,trusted,2025-26 Topps Chrome Update Series Basketball Hobby Jumbo Box,,2249.95,,,1,2340.14,2195.0,,,,,,,,0,https://www.thecardiacs.com/products/2025-26-topps-chrome-update-series-basketball-hobby-jumbo-box,2026-08-21T19:27:57+00:00,1.0
TOPPS_2025-26_CHROME_UPDATE_JUMBO,WATCH,True,hobby,collectorstore,trusted,2025-26 Topps Chrome Update Series Basketball Jumbo Box,,2249.95,,,1,2340.14,2195.0,,,,,,,,0,https://collectorstore.com/products/2025-26-topps-chrome-update-series-basketball-jumbo-box,2026-08-21T19:27:57+00:00,1.0
TOPPS_2025-26_CHROME_UPDATE_JUMBO,WATCH,True,hobby,worldchampion,watch,2025/26 Topps Chrome Update Series Basketball Hobby Jumbo Box,,2500.0,,,1,2598.79,2195.0,,,,,,,,0,https://www.worldchampionsportscards.org/products/2025-26-topps-chrome-update-series-basketball-hobby-jumbo-box-presell,2026-08-21T19:27:57+00:00,1.0
TOPPS_2025-26_CHROME_UPDATE_JUMBO,WATCH,True,hobby,superior,watch,2025-26 Topps Chrome Update Series Basketball Hobby Jumbo Box,,3250.0,,,1,3374.59,2195.0,,,,,,,,0,https://superiorsportsinvestments.com/products/2025-26-topps-chrome-update-series-basketball-hobby-jumbo-box,2026-08-21T19:27:57+00:00,1.0
TOPPS_2025-26_CHROME_UPDATE_JUMBO,WATCH,True,hobby,rlsports,watch,2025-26 Topps Chrome Update Basketball Jumbo Box,,1999.0,,,0,2080.55,2195.0,,,,,,,,0,https://rlsportscards.com/products/2025-26-topps-chrome-update-basketball-jumbo-box,2026-08-21T19:27:57+00:00,1.0
TOPPS_2025-26_CHROME_UPDATE_JUMBO,WATCH,True,hobby,columbia,trusted,2025/26 Topps Chrome Update Series Basketball Hobby Jumbo Box | Columbia Sports Cards,,2079.99,,,0,2164.33,2195.0,,,,,,,,0,https://columbiasportscard.com/products/2025-26-topps-chrome-update-series-basketball-hobby-jumbo-box,2026-08-21T19:27:57+00:00,1.0
TOPPS_2025-26_CHROME_UPDATE_JUMBO,WATCH,True,hobby,cbhobby,watch,2025-26 Topps Chrome Update Series Basketball Jumbo Box Box,Box,2100.0,,,0,2185.03,2195.0,,,,,,,,0,https://cbhobby.com/products/2025-26-topps-chrome-update-series-basketball-jumbo-box,2026-08-21T19:27:57+00:00,1.0
TOPPS_2025-26_CHROME_UPDATE_JUMBO,WATCH,True,hobby,bleecker,watch,2025-26 Topps Chrome Update Series Basketball Hobby Jumbo Box,,2200.0,,,0,2288.47,2195.0,,,,,,,,0,https://bleeckertrading.com/products/2025-26-topps-chrome-update-series-basketball-hobby-jumbo-box,2026-08-21T19:27:57+00:00,1.0
TOPPS_2025-26_CHROME_UPDATE_JUMBO,WATCH,True,hobby,hiddengems,trusted,2025/26 Topps Chrome Update Series Basketball Jumbo Box,,2250.0,,,0,2340.19,2195.0,,,,,,,,0,https://www.hiddengemscardshop.com/products/2025-26-topps-chrome-update-series-basketball-jumbo-box,2026-08-21T19:27:57+00:00,1.0
TOPPS_2025-26_CHROME_UPDATE_JUMBO,WATCH,True,hobby,awesome,trusted,2025-26 Topps Chrome Update Series Basketball Hobby Jumbo Box,,2399.75,,,0,2495.09,2195.0,,,,,,,,0,https://theawesomecardshop.com/products/2025-26-topps-chrome-update-series-basketball-hobby-jumbo-box,2026-08-21T19:27:57+00:00,1.0
TOPPS_2025-26_CHROME_UPDATE_JUMBO,WATCH,True,hobby,sjay2k,watch,2025-26 Topps Chrome Update Basketball Hobby Jumbo Box,,3000.0,,,0,3115.99,2195.0,,,,,,,,0,https://www.sjay2k.com/products/2025-26-topps-chrome-update-basketball-hobby-jumbo-box-pre-order-august-6,2026-08-21T19:27:57+00:00,1.0
TOPPS_2025-26_HOOPS_HOBBY,WATCH,True,hobby,collectorstore,trusted,2025-26 Topps NBA Hoops Basketball Hobby Box,,229.95,,,1,250.65,229.95,,,,,,,SUIVI,0,https://collectorstore.com/products/2025-26-topps-nba-hoops-basketball-hobby-box,2026-08-21T19:27:57+00:00,1.0
TOPPS_2025-26_HOOPS_HOBBY,WATCH,True,hobby,rlsports,watch,2025-26 Topps NBA Hoops Basketball Hobby Box,,239.0,,,1,260.01,229.95,,,,,,,,0,https://rlsportscards.com/products/2025-26-topps-nba-hoops-basketball-hobby-box,2026-08-21T19:27:57+00:00,1.0
TOPPS_2025-26_HOOPS_HOBBY,WATCH,True,hobby,sportscardjunction,watch,2025-26 Topps Hoops Basketball Hobby Box,,240.0,,,1,261.04,229.95,,,,,,,,0,https://sportscardjunction.com/products/untitled-may14_10-19-16,2026-08-21T19:27:57+00:00,1.0
TOPPS_2025-26_HOOPS_HOBBY,WATCH,True,hobby,rbicru7,trusted,"2025-26 Topps NBA Hoops Basketball Hobby, Box",,245.0,,,1,266.22,229.95,,,,,,,,0,https://rbicru7.com/products/2025-26-topps-nba-hoops-basketball-hobby-box,2026-08-21T19:27:57+00:00,1.0
TOPPS_2025-26_HOOPS_HOBBY,WATCH,True,hobby,awesome,trusted,2025-26 Topps NBA Hoops Basketball Hobby Box,,249.75,,,1,271.13,229.95,,,,,,,,0,https://theawesomecardshop.com/products/2025-26-topps-nba-hoops-basketball-hobby-box,2026-08-21T19:27:57+00:00,1.0
TOPPS_2025-26_HOOPS_HOBBY,WATCH,True,hobby,cardiacs,trusted,2025-26 Topps NBA Hoops Basketball Hobby Box,,249.95,,,1,271.34,229.95,,,,,,,,0,https://www.thecardiacs.com/products/2025-26-topps-nba-hoops-basketball-hobby-box,2026-08-21T19:27:57+00:00,1.0
TOPPS_2025-26_HOOPS_HOBBY,WATCH,True,hobby,ehcards,trusted,2025/26 Topps NBA Hoops Basketball Hobby Box,,249.99,,,1,271.38,229.95,,,,,,,,0,https://ehcards.com/products/2025-26-topps-nba-hoops-basketball-hobby-box,2026-08-21T19:27:57+00:00,1.0
TOPPS_2025-26_HOOPS_HOBBY,WATCH,True,hobby,cbhobby,watch,2025-26 Topps Hoops Basketball Hobby Box Box,Box,250.0,,,1,271.39,229.95,,,,,,,,0,https://cbhobby.com/products/2025-26-topps-hoops-basketball-hobby-box,2026-08-21T19:27:57+00:00,1.0
TOPPS_2025-26_HOOPS_HOBBY,WATCH,True,hobby,hiddengems,trusted,2025-26 NBA Hoops Hobby Box,,269.0,,,1,291.04,229.95,,,,,,,,0,https://www.hiddengemscardshop.com/products/2025-2026-nba-hoops-hobby-box,2026-08-21T19:27:57+00:00,1.0
TOPPS_2025-26_HOOPS_HOBBY,WATCH,True,hobby,monmouth,watch,2025-26 Topps NBA Hoops Basketball Hobby Box,,299.99,,,1,323.1,229.95,,,,,,,,0,https://monmouthcards.com/products/2025-26-topps-nba-hoops-basketball-hobby-box,2026-08-21T19:27:57+00:00,1.0
TOPPS_2025-26_HOOPS_HOBBY,WATCH,True,hobby,superior,watch,2025-26 Topps Hoops Basketball Hobby Box,,360.0,,,1,385.17,229.95,,,,,,,,0,https://superiorsportsinvestments.com/products/2025-26-topps-hoops-basketball-hobby-box,2026-08-21T19:27:57+00:00,1.0
TOPPS_2025-26_HOOPS_HOBBY,WATCH,True,hobby,columbia,trusted,2025/26 Topps NBA Hoops Basketball Hobby Box | Columbia Sports Cards,,234.99,,,0,255.86,229.95,,,,,,,,0,https://columbiasportscard.com/products/2025-26-topps-nba-hoops-basketball-hobby-box,2026-08-21T19:27:57+00:00,1.0
TOPPS_2025-26_HOOPS_HOBBY,WATCH,True,hobby,worldchampion,watch,2025/26 Topps Hoops Basketball Hobby Box,,250.0,,,0,271.39,229.95,,,,,,,,0,https://www.worldchampionsportscards.org/products/2025-26-topps-hoops-basketball-hobby-box-presell,2026-08-21T19:27:57+00:00,1.0
TOPPS_2025-26_HOOPS_HOBBY,WATCH,True,hobby,boxseat,watch,2025-26 Topps NBA Hoops HOBBY BOX,,259.99,,,0,281.72,229.95,,,,,,,,0,https://boxseatcollectibles.com/products/2025-26-topps-nba-hoops-hobby-box,2026-08-21T19:27:57+00:00,1.0
TOPPS_2025-26_HOOPS_HOBBY,WATCH,True,hobby,bleecker,watch,2025-26 Topps NBA Hoops Basketball Hobby Box,,310.0,,,0,333.45,229.95,,,,,,,,0,https://bleeckertrading.com/products/2025-26-topps-nba-hoops-basketball-hobby-box-presale,2026-08-21T19:27:57+00:00,1.0
TOPPS_2025-26_HOOPS_JUMBO,WATCH,True,hobby,sportscardjunction,watch,2025-26 Topps Hoops Basketball Jumbo Box,,335.0,,,1,359.31,335.0,,,,,,,SUIVI,0,https://sportscardjunction.com/products/2025-26-topps-hoops-basketball-jumbo-box,2026-08-21T19:27:57+00:00,1.0
TOPPS_2025-26_HOOPS_JUMBO,WATCH,True,hobby,cbhobby,watch,2025-26 Topps Hoops Basketball Jumbo Box Box,Box,350.0,,,1,374.83,335.0,,,,,,,,0,https://cbhobby.com/products/2025-26-topps-hoops-basketball-jumbo-box,2026-08-21T19:27:57+00:00,1.0
TOPPS_2025-26_HOOPS_JUMBO,WATCH,True,hobby,rbicru7,trusted,"2025-26 Topps NBA Hoops Basketball Jumbo, Box",,350.0,,,1,374.83,335.0,,,,,,,,0,https://rbicru7.com/products/2025-26-topps-nba-hoops-basketball-jumbo-box,2026-08-21T19:27:57+00:00,1.0
TOPPS_2025-26_HOOPS_JUMBO,WATCH,True,hobby,awesome,trusted,2025-26 Topps NBA Hoops Basketball Hobby Jumbo Box,,369.75,,,1,395.26,335.0,,,,,,,,0,https://theawesomecardshop.com/products/2025-26-topps-nba-hoops-basketball-hobby-jumbo-box,2026-08-21T19:27:57+00:00,1.0
TOPPS_2025-26_HOOPS_JUMBO,WATCH,True,hobby,cardiacs,trusted,2025-26 Topps NBA Hoops Basketball Jumbo Box,,369.95,,,1,395.46,335.0,,,,,,,,0,https://www.thecardiacs.com/products/2025-26-topps-nba-hoops-basketball-jumbo-box,2026-08-21T19:27:57+00:00,1.0
TOPPS_2025-26_HOOPS_JUMBO,WATCH,True,hobby,ehcards,trusted,2025/26 Topps NBA Hoops Basketball Jumbo Hobby Box,,399.99,,,1,426.54,335.0,,,,,,,,0,https://ehcards.com/products/2025-26-topps-nba-hoops-basketball-jumbo-hobby-box,2026-08-21T19:27:57+00:00,1.0
TOPPS_2025-26_HOOPS_JUMBO,WATCH,True,hobby,bleecker,watch,2025-26 Topps NBA Hoops Basketball Jumbo Box,,425.0,,,1,452.41,335.0,,,,,,,,0,https://bleeckertrading.com/products/2025-26-topps-nba-hoops-basketball-jumbo-box-presale,2026-08-21T19:27:57+00:00,1.0
TOPPS_2025-26_HOOPS_JUMBO,WATCH,True,hobby,hiddengems,trusted,2025-26 Topps Hoops Basketball Jumbo Box,,550.0,,,1,581.71,335.0,,,,,,,,0,https://www.hiddengemscardshop.com/products/2025-26-topps-hoops-basketball-jumbo-box,2026-08-21T19:27:57+00:00,1.0
TOPPS_2025-26_HOOPS_JUMBO,WATCH,True,hobby,superior,watch,2025-26 Topps Hoops Basketball Hobby Jumbo Box,,660.0,,,1,695.49,335.0,,,,,,,,0,https://superiorsportsinvestments.com/products/2025-26-topps-hoops-basketball-hobby-jumbo-box,2026-08-21T19:27:57+00:00,1.0
TOPPS_2025-26_HOOPS_JUMBO,WATCH,True,hobby,sjay2k,watch,2025-26 Topps NBA Hoops Basketball Hobby Jumbo Box,,950.0,,,1,995.47,335.0,,,,,,,,0,https://www.sjay2k.com/products/2025-26-topps-nba-hoops-basketball-hobby-jumbo-box-pre-order-may-14,2026-08-21T19:27:57+00:00,1.0
TOPPS_2025-26_HOOPS_JUMBO,WATCH,True,hobby,columbia,trusted,2025/26 Topps NBA Hoops Basketball Jumbo Box | Columbia Sports Cards,,303.99,,,0,327.24,335.0,,,,,,,,0,https://columbiasportscard.com/products/2025-26-topps-nba-hoops-basketball-jumbo-box,2026-08-21T19:27:57+00:00,1.0
TOPPS_2025-26_HOOPS_JUMBO,WATCH,True,hobby,rlsports,watch,2025-26 Topps NBA Hoops Basketball Jumbo Box,,339.99,,,0,364.47,335.0,,,,,,,,0,https://rlsportscards.com/products/2025-26-topps-nba-hoops-basketball-jumbo-box,2026-08-21T19:27:57+00:00,1.0
TOPPS_2025-26_HOOPS_JUMBO,WATCH,True,hobby,worldchampion,watch,2025/26 Topps Hoops Basketball Hobby Jumbo Box,,340.0,,,0,364.48,335.0,,,,,,,,0,https://www.worldchampionsportscards.org/products/2025-26-topps-hoops-basketball-hobby-jumbo-box-presell,2026-08-21T19:27:57+00:00,1.0
TOPPS_2025-26_HOOPS_JUMBO,WATCH,True,hobby,collectorstore,trusted,2025-26 Topps NBA Hoops Basketball Jumbo Box,,349.95,,,0,374.78,335.0,,,,,,,,0,https://collectorstore.com/products/2025-26-topps-nba-hoops-basketball-jumbo-box,2026-08-21T19:27:57+00:00,1.0
TOPPS_2025-26_HOOPS_JUMBO,WATCH,True,hobby,monmouth,watch,2025-26 Topps NBA Hoops Basketball Jumbo Box,,389.99,,,0,416.19,335.0,,,,,,,,0,https://monmouthcards.com/products/2025-26-topps-nba-hoops-basketball-jumbo-box,2026-08-21T19:27:57+00:00,1.0
TOPPS_2025-26_SIGNATURE_CLASS_HOBBY,WATCH,True,hobby,rlsports,watch,2025-26 Topps Signature Class Basketball Hobby Box,,389.0,,,1,415.17,374.95,,,,,,,SUIVI,0,https://rlsportscards.com/products/2025-26-topps-signature-class-basketball-hobby-box,2026-08-21T19:27:57+00:00,1.0
TOPPS_2025-26_SIGNATURE_CLASS_HOBBY,WATCH,True,hobby,rbicru7,trusted,"2025-26 Topps Signature Class Basketball Hobby, Box",,395.0,,,1,421.38,374.95,,,,,,,,0,https://rbicru7.com/products/2025-26-topps-signature-class-basketball-hobby-box,2026-08-21T19:27:57+00:00,1.0
TOPPS_2025-26_SIGNATURE_CLASS_HOBBY,WATCH,True,hobby,sportscardjunction,watch,2025-26 Topps Signature Class Basketball Hobby Box,,395.0,,,1,421.38,374.95,,,,,,,,0,https://sportscardjunction.com/products/2025-26-topps-signature-class-basketball-hobby-box,2026-08-21T19:27:57+00:00,1.0
TOPPS_2025-26_SIGNATURE_CLASS_HOBBY,WATCH,True,hobby,awesome,trusted,2025-26 Topps Signature Class Basketball Hobby Box,,399.75,,,1,426.29,374.95,,,,,,,,0,https://theawesomecardshop.com/products/2025-26-topps-signature-class-basketball-hobby-box,2026-08-21T19:27:57+00:00,1.0
TOPPS_2025-26_SIGNATURE_CLASS_HOBBY,WATCH,True,hobby,cardiacs,trusted,2025-26 Topps Signature Class Basketball Hobby Box,,399.95,,,1,426.5,374.95,,,,,,,,0,https://www.thecardiacs.com/products/2025-26-topps-signature-class-basketball-hobby-box,2026-08-21T19:27:57+00:00,1.0
TOPPS_2025-26_SIGNATURE_CLASS_HOBBY,WATCH,True,hobby,collectorstore,trusted,2025-26 Topps Signature Class Basketball Hobby Box,,399.95,,,1,426.5,374.95,,,,,,,,0,https://collectorstore.com/products/2025-26-topps-signature-class-basketball-hobby-box,2026-08-21T19:27:57+00:00,1.0
TOPPS_2025-26_SIGNATURE_CLASS_HOBBY,WATCH,True,hobby,worldchampion,watch,2025/26 Topps Signature Class Basketball Hobby Box (Presell),,425.0,,,1,452.41,374.95,,,,,,,,0,https://www.worldchampionsportscards.org/products/2025-26-topps-signature-class-basketball-hobby-box-presell,2026-08-21T19:27:57+00:00,1.0
TOPPS_2025-26_SIGNATURE_CLASS_HOBBY,WATCH,True,hobby,ehcards,trusted,2025/26 Topps Signature Class Basketball Hobby Box,,449.99,,,1,478.26,374.95,,,,,,,,0,https://ehcards.com/products/2025-26-topps-signature-class-basketball-hobby-box,2026-08-21T19:27:57+00:00,1.0
TOPPS_2025-26_SIGNATURE_CLASS_HOBBY,WATCH,True,hobby,bleecker,watch,2025-26 Topps Signature Class Basketball Hobby Box,,450.0,,,1,478.27,374.95,,,,,,,,0,https://bleeckertrading.com/products/2025-26-topps-signature-class-basketball-hobby-box-presale,2026-08-21T19:27:57+00:00,1.0
TOPPS_2025-26_SIGNATURE_CLASS_HOBBY,WATCH,True,hobby,cbhobby,watch,2025-26 Topps Signature Class Basketball Hobby Box Box,Box,450.0,,,1,478.27,374.95,,,,,,,,0,https://cbhobby.com/products/2025-26-topps-signature-class-basketball-hobby-box,2026-08-21T19:27:57+00:00,1.0
TOPPS_2025-26_SIGNATURE_CLASS_HOBBY,WATCH,True,hobby,hiddengems,trusted,2025-26 Topps Signature Class Basketball Hobby Box,,499.0,,,1,528.95,374.95,,,,,,,,0,https://www.hiddengemscardshop.com/products/2025-26-topps-signature-class-basketball-hobby-box,2026-08-21T19:27:57+00:00,1.0
TOPPS_2025-26_SIGNATURE_CLASS_HOBBY,WATCH,True,hobby,boxseat,watch,2025-26 Topps Signature Class Basketball HOBBY BOX,,499.99,,,1,529.98,374.95,,,,,,,,0,https://boxseatcollectibles.com/products/2025-26-topps-signature-class-basketball-hobby-box,2026-08-21T19:27:57+00:00,1.0
TOPPS_2025-26_SIGNATURE_CLASS_HOBBY,WATCH,True,hobby,monmouth,watch,2025-26 Topps Signature Class Basketball Hobby Box,,524.99,,,1,555.84,374.95,,,,,,,,0,https://monmouthcards.com/products/2025-26-topps-signature-class-basketball-hobby-box,2026-08-21T19:27:57+00:00,1.0
TOPPS_2025-26_SIGNATURE_CLASS_HOBBY,WATCH,True,hobby,superior,watch,2025-26 Topps Signature Class Basketball Hobby Box,,640.0,,,1,674.8,374.95,,,,,,,,0,https://superiorsportsinvestments.com/products/2025-26-topps-signature-class-basketball-hobby-box,2026-08-21T19:27:57+00:00,1.0
TOPPS_2025-26_SIGNATURE_CLASS_HOBBY,WATCH,True,hobby,sjay2k,watch,2025-26 Topps Signature Class Basketball Hobby Box,,950.0,,,1,995.47,374.95,,,,,,,,0,https://www.sjay2k.com/products/2025-26-topps-signature-class-basketball-hobby-box-pre-order-may-28,2026-08-21T19:27:57+00:00,1.0
TOPPS_2025-26_SIGNATURE_CLASS_HOBBY,WATCH,True,hobby,columbia,trusted,2025/26 Topps Signature Class Basketball Hobby Box | Columbia Sports Cards,,399.99,,,0,426.54,374.95,,,,,,,,0,https://columbiasportscard.com/products/2025-26-topps-signature-class-basketball-hobby-box,2026-08-21T19:27:57+00:00,1.0
TOPPS_2025-26_INCEPTION_HOBBY,CANDIDATE,True,hobby,awesome,trusted,2025-26 Topps Inception Basketball Hobby Box,,515.75,,,1,546.28,515.75,,,,,,,CANDIDAT,0,https://theawesomecardshop.com/products/2025-26-topps-inception-basketball-hobby-box,2026-08-21T19:27:57+00:00,1.0
TOPPS_2025-26_INCEPTION_HOBBY,CANDIDATE,True,hobby,collectorstore,trusted,2025-26 Topps Inception Basketball Hobby Box,,524.95,,,1,555.8,515.75,,,,,,,,0,https://collectorstore.com/products/2025-26-topps-inception-basketball-hobby-box,2026-08-21T19:27:57+00:00,1.0
TOPPS_2025-26_INCEPTION_HOBBY,CANDIDATE,True,hobby,rbicru7,trusted,"2025-26 Topps Inception Basketball Hobby, Box",,575.0,,,1,607.57,515.75,,,,,,,,0,https://rbicru7.com/products/2025-26-topps-inception-basketball-hobby-box,2026-08-21T19:27:57+00:00,1.0
TOPPS_2025-26_INCEPTION_HOBBY,CANDIDATE,True,hobby,sportscardjunction,watch,2025-26 Inception Basketball Hobby Box,,575.0,,,1,607.57,515.75,,,,,,,,0,https://sportscardjunction.com/products/2025-26-inception-basketball-hobby-box,2026-08-21T19:27:57+00:00,1.0
TOPPS_2025-26_INCEPTION_HOBBY,CANDIDATE,True,hobby,worldchampion,watch,2025/26 Topps Inception Basketball Hobby Box,,650.0,,,1,685.15,515.75,,,,,,,,0,https://www.worldchampionsportscards.org/products/2025-26-topps-inception-basketball-hobby-box,2026-08-21T19:27:57+00:00,1.0
TOPPS_2025-26_INCEPTION_HOBBY,CANDIDATE,True,hobby,superior,watch,2025-26 Topps Inception Basketball Hobby Box,,670.0,,,1,705.84,515.75,,,,,,,,0,https://superiorsportsinvestments.com/products/2025-26-topps-inception-basketball-hobby-box,2026-08-21T19:27:57+00:00,1.0
TOPPS_2025-26_INCEPTION_HOBBY,CANDIDATE,True,hobby,columbia,trusted,2025/26 Topps Inception Basketball Hobby Box | Columbia Sports Cards,,477.99,,,0,507.22,515.75,,,,,,,,0,https://columbiasportscard.com/products/2025-26-topps-inception-basketball-hobby-box,2026-08-21T19:27:57+00:00,1.0
TOPPS_2025-26_INCEPTION_HOBBY,CANDIDATE,True,hobby,rlsports,watch,2025-26 Topps Inception Basketball Hobby Box,,499.0,,,0,528.95,515.75,,,,,,,,0,https://rlsportscards.com/products/2025-26-topps-inception-basketball-hobby-box,2026-08-21T19:27:57+00:00,1.0
TOPPS_2025-26_INCEPTION_HOBBY,CANDIDATE,True,hobby,boxseat,watch,2025/26 Topps Inception Basketball Hobby Box,,499.99,,,0,529.98,515.75,,,,,,,,0,https://boxseatcollectibles.com/products/2025-26-topps-inception-basketball-hobby-box,2026-08-21T19:27:57+00:00,1.0
TOPPS_2025-26_INCEPTION_HOBBY,CANDIDATE,True,hobby,cardiacs,trusted,2025-26 Topps Inception Basketball Hobby Box,,549.95,,,0,581.66,515.75,,,,,,,,0,https://www.thecardiacs.com/products/2025-26-topps-inception-basketball-hobby-box,2026-08-21T19:27:57+00:00,1.0
TOPPS_2025-26_INCEPTION_HOBBY,CANDIDATE,True,hobby,bleecker,watch,2025-26 Topps Inception Basketball Hobby Box,,550.0,,,0,581.71,515.75,,,,,,,,0,https://bleeckertrading.com/products/2025-26-topps-inception-basketball-hobby-box,2026-08-21T19:27:57+00:00,1.0
TOPPS_2025-26_INCEPTION_HOBBY,CANDIDATE,True,hobby,ballgame,watch,2025/26 Topps Inception Basketball Hobby Box,,565.0,,,0,597.22,515.75,,,,,,,,0,https://theballgame.com/products/2025-26-topps-inception-basketball-hobby-box,2026-08-21T19:27:57+00:00,1.0
TOPPS_2025-26_INCEPTION_HOBBY,CANDIDATE,True,hobby,hiddengems,trusted,2025-26 Topps Inception Basketball Hobby Box,,599.0,,,0,632.39,515.75,,,,,,,,0,https://www.hiddengemscardshop.com/products/2025-26-topps-inception-basketball-hobby-box,2026-08-21T19:27:57+00:00,1.0
TOPPS_2025-26_INCEPTION_HOBBY,CANDIDATE,True,hobby,monmouth,watch,2025-26 Topps Inception Basketball Hobby Box,,629.99,,,0,664.45,515.75,,,,,,,,0,https://monmouthcards.com/products/2025-26-topps-inception-basketball-hobby-box,2026-08-21T19:27:57+00:00,1.0
TOPPS_2025-26_MOTIF_HOBBY,CANDIDATE,True,hobby,columbia,trusted,2025/26 Topps Motif Basketball Hobby Box | Columbia Sports Cards,,3029.99,,,1,3147.01,2500.0,,,,,,,CANDIDAT,0,https://columbiasportscard.com/products/2025-26-topps-motif-basketball-hobby-box,2026-08-21T19:27:57+00:00,1.0
TOPPS_2025-26_MOTIF_HOBBY,CANDIDATE,True,hobby,sportscardjunction,watch,2025-26 Topps Motif Basketball Hobby Box,,3350.0,,,1,3478.03,2500.0,,,,,,,,0,https://sportscardjunction.com/products/2025-26-topps-motif-basketball-hobby-box,2026-08-21T19:27:57+00:00,1.0
TOPPS_2025-26_MOTIF_HOBBY,CANDIDATE,True,hobby,awesome,trusted,2025-26 Topps Motif Basketball Hobby Box,,3399.75,,,1,3529.49,2500.0,,,,,,,,0,https://theawesomecardshop.com/products/2025-26-topps-motif-basketball-hobby-box,2026-08-21T19:27:57+00:00,1.0
TOPPS_2025-26_MOTIF_HOBBY,CANDIDATE,True,hobby,cardiacs,trusted,2025-26 Topps Motif Basketball Hobby Box,,3749.95,,,1,3891.74,2500.0,,,,,,,,0,https://www.thecardiacs.com/products/2025-26-topps-motif-basketball-hobby-box,2026-08-21T19:27:57+00:00,1.0
TOPPS_2025-26_MOTIF_HOBBY,CANDIDATE,True,hobby,bleecker,watch,2025-26 Topps Motif Basketball Hobby Box,,3750.0,,,1,3891.79,2500.0,,,,,,,,0,https://bleeckertrading.com/products/2025-26-topps-motif-basketball-hobby-box,2026-08-21T19:27:57+00:00,1.0
TOPPS_2025-26_MOTIF_HOBBY,CANDIDATE,True,hobby,monmouth,watch,2025-26 Topps Motif Basketball Hobby Box,,3999.99,,,1,4150.38,2500.0,,,,,,,,0,https://monmouthcards.com/products/2025-26-topps-motif-basketball-hobby-box,2026-08-21T19:27:57+00:00,1.0
TOPPS_2025-26_MOTIF_HOBBY,CANDIDATE,True,hobby,worldchampion,watch,2025/26 Topps Motif Basketball Hobby Box,,4000.0,,,1,4150.39,2500.0,,,,,,,,0,https://www.worldchampionsportscards.org/products/2025-26-topps-motif-basketball-hobby-box,2026-08-21T19:27:57+00:00,1.0
TOPPS_2025-26_MOTIF_HOBBY,CANDIDATE,True,hobby,rlsports,watch,2025-26 Topps Motif Basketball Hobby Box,,2700.0,,,0,2805.67,2500.0,,,,,,,,0,https://rlsportscards.com/products/2025-26-topps-motif-basketball-hobby-box,2026-08-21T19:27:57+00:00,1.0
TOPPS_2025-26_MOTIF_HOBBY,CANDIDATE,True,hobby,cbhobby,watch,2025-26 Topps Motif Basketball Hobby Box Box,Box,3000.0,,,0,3115.99,2500.0,,,,,,,,0,https://cbhobby.com/products/2025-26-topps-motif-basketball-hobby-box,2026-08-21T19:27:57+00:00,1.0
TOPPS_2025-26_MOTIF_HOBBY,CANDIDATE,True,hobby,rbicru7,trusted,"2025-26 Topps Motif Basketball Hobby, Box",,3100.0,,,0,3219.43,2500.0,,,,,,,,0,https://rbicru7.com/products/2025-26-topps-motif-basketball-hobby-box,2026-08-21T19:27:57+00:00,1.0
TOPPS_2025-26_MOTIF_HOBBY,CANDIDATE,True,hobby,sjay2k,watch,2025-26 Topps Motif Basketball Hobby Box,,4500.0,,,0,4667.59,2500.0,,,,,,,,0,https://www.sjay2k.com/products/2025-26-topps-motif-basketball-hobby-box-pre-order-july-9,2026-08-21T19:27:57+00:00,1.0
TOPPS_2025-26_FINEST_HOBBY,CANDIDATE,True,hobby,awesome,trusted,2025-26 Topps Finest Basketball Hobby Box,,799.75,,,1,840.05,799.75,,,,,,,CANDIDAT,0,https://theawesomecardshop.com/products/2025-26-topps-finest-basketball-hobby-box,2026-08-21T19:27:57+00:00,1.0
TOPPS_2025-26_FINEST_HOBBY,CANDIDATE,True,hobby,collectorstore,trusted,2025-26 Topps Finest Basketball Hobby Box,,799.95,,,1,840.26,799.75,,,,,,,,0,https://collectorstore.com/products/2025-26-topps-finest-basketball-hobby-box,2026-08-21T19:27:57+00:00,1.0
TOPPS_2025-26_FINEST_HOBBY,CANDIDATE,True,hobby,cardiacs,trusted,2025-26 Topps Finest Basketball Hobby Box,,899.95,,,1,943.7,799.75,,,,,,,,0,https://www.thecardiacs.com/products/2025-26-topps-finest-basketball-hobby-box,2026-08-21T19:27:57+00:00,1.0
TOPPS_2025-26_FINEST_HOBBY,CANDIDATE,True,hobby,superior,watch,2025-26 Topps Finest Basketball Hobby Box,,1150.0,,,1,1202.35,799.75,,,,,,,,0,https://superiorsportsinvestments.com/products/2025-26-topps-finest-basketball-hobby-box,2026-08-21T19:27:57+00:00,1.0
TOPPS_2025-26_FINEST_HOBBY,CANDIDATE,True,hobby,sjay2k,watch,2025-26 Topps Finest Basketball Hobby Box,,1250.0,,,1,1305.79,799.75,,,,,,,,0,https://www.sjay2k.com/products/2025-26-topps-finest-basketball-hobby-box-pre-order-march-5,2026-08-21T19:27:57+00:00,1.0
TOPPS_2025-26_FINEST_HOBBY,CANDIDATE,True,hobby,rlsports,watch,2025-26 Topps Finest Basketball Hobby Box,,770.0,,,0,809.28,799.75,,,,,,,,0,https://rlsportscards.com/products/2025-26-topps-finest-basketball-hobby-box,2026-08-21T19:27:57+00:00,1.0
TOPPS_2025-26_FINEST_HOBBY,CANDIDATE,True,hobby,worldchampion,watch,2025/26 Topps Finest Basketball Hobby Box,,775.0,,,0,814.45,799.75,,,,,,,,0,https://www.worldchampionsportscards.org/products/2025-26-topps-finest-basketball-hobby-box,2026-08-21T19:27:57+00:00,1.0
TOPPS_2025-26_FINEST_HOBBY,CANDIDATE,True,hobby,sportscardjunction,watch,2025-26 Topps Finest Basketball Hobby Box,,800.0,,,0,840.31,799.75,,,,,,,,0,https://sportscardjunction.com/products/2025-26-topps-finest-basketball-hobby-box,2026-08-21T19:27:57+00:00,1.0
TOPPS_2025-26_FINEST_HOBBY,CANDIDATE,True,hobby,monmouth,watch,2025-26 Topps Finest Basketball Hobby Box,,849.99,,,0,892.02,799.75,,,,,,,,0,https://monmouthcards.com/products/2025-26-topps-finest-basketball-hobby-box,2026-08-21T19:27:57+00:00,1.0
TOPPS_2025-26_FINEST_HOBBY,CANDIDATE,True,hobby,columbia,trusted,2025-26 Topps Finest Basketball Hobby Box | Columbia Sports Cards,,869.99,,,0,912.71,799.75,,,,,,,,0,https://columbiasportscard.com/products/2025-26-topps-finest-basketball-hobby-box,2026-08-21T19:27:57+00:00,1.0
TOPPS_2025-26_FINEST_HOBBY,CANDIDATE,True,hobby,hiddengems,trusted,2025-26 Topps Finest Basketball Hobby Box,,899.0,,,0,942.71,799.75,,,,,,,,0,https://www.hiddengemscardshop.com/products/2025-26-topps-finest-basketball-hobby-box,2026-08-21T19:27:57+00:00,1.0
TOPPS_2025-26_FINEST_HOBBY,CANDIDATE,True,hobby,superior,watch,2025-26 Topps Finest Basketball Delight Hobby Box,,2000.0,,,0,2081.59,799.75,,,,,,,,0,https://superiorsportsinvestments.com/products/2025-26-topps-finest-basketball-delight-hobby-box,2026-08-21T19:27:57+00:00,1.0
TOPPS_2025-26_COSMIC_CHROME_HOBBY,WATCH,True,hobby,collectorstore,trusted,2025-26 Topps Cosmic Chrome Basketball Hobby Box,,989.95,,,1,1036.79,919.95,,,,,,,SUIVI,0,https://collectorstore.com/products/2025-26-topps-cosmic-chrome-basketball-hobby-box,2026-08-21T19:27:57+00:00,1.0
TOPPS_2025-26_COSMIC_CHROME_HOBBY,WATCH,True,hobby,rbicru7,trusted,"2025-26 Topps Cosmic Chrome Basketball Hobby, Box",,1025.0,,,1,1073.05,919.95,,,,,,,,0,https://rbicru7.com/products/2025-26-topps-cosmic-chrome-basketball-hobby-box,2026-08-21T19:27:57+00:00,1.0
TOPPS_2025-26_COSMIC_CHROME_HOBBY,WATCH,True,hobby,ehcards,trusted,2025/26 Topps Cosmic Chrome Basketball Hobby Box,,1099.99,,,1,1150.62,919.95,,,,,,,,0,https://ehcards.com/products/2025-26-topps-cosmic-chrome-basketball-hobby-box,2026-08-21T19:27:57+00:00,1.0
TOPPS_2025-26_COSMIC_CHROME_HOBBY,WATCH,True,hobby,worldchampion,watch,2025/26 Topps Cosmic Chrome Basketball Hobby Box,,1150.0,,,1,1202.35,919.95,,,,,,,,0,https://www.worldchampionsportscards.org/products/2025-26-topps-cosmic-chrome-basketball-hobby-box,2026-08-21T19:27:57+00:00,1.0
TOPPS_2025-26_COSMIC_CHROME_HOBBY,WATCH,True,hobby,superior,watch,2025-26 Topps Cosmic Chrome Basketball Hobby Box,,1375.0,,,1,1435.09,919.95,,,,,,,,0,https://superiorsportsinvestments.com/products/2025-26-topps-cosmic-chrome-basketball-hobby-box,2026-08-21T19:27:57+00:00,1.0
TOPPS_2025-26_COSMIC_CHROME_HOBBY,WATCH,True,hobby,columbia,trusted,2025/26 Topps Cosmic Chrome Basketball Hobby Box | Columbia Sports Cards,,879.99,,,0,923.05,919.95,,,,,,,,0,https://columbiasportscard.com/products/2025-26-topps-cosmic-chrome-basketball-hobby-box,2026-08-21T19:27:57+00:00,1.0
TOPPS_2025-26_COSMIC_CHROME_HOBBY,WATCH,True,hobby,awesome,trusted,2025-26 Topps Cosmic Chrome Basketball Hobby Box,,909.75,,,0,953.83,919.95,,,,,,,,0,https://theawesomecardshop.com/products/2025-26-topps-cosmic-chrome-basketball-hobby-box,2026-08-21T19:27:57+00:00,1.0
TOPPS_2025-26_COSMIC_CHROME_HOBBY,WATCH,True,hobby,cardiacs,trusted,2025-26 Topps Cosmic Chrome Basketball Hobby Box,,919.95,,,0,964.38,919.95,,,,,,,,0,https://www.thecardiacs.com/products/2025-26-topps-cosmic-chrome-basketball-hobby-box,2026-08-21T19:27:57+00:00,1.0
TOPPS_2025-26_COSMIC_CHROME_HOBBY,WATCH,True,hobby,rlsports,watch,2025-26 Topps Cosmic Chrome Basketball Hobby Box,,979.99,,,0,1026.49,919.95,,,,,,,,0,https://rlsportscards.com/products/2025-26-topps-cosmic-chrome-basketball-hobby-box,2026-08-21T19:27:57+00:00,1.0
TOPPS_2025-26_COSMIC_CHROME_HOBBY,WATCH,True,hobby,sportscardjunction,watch,2025-26 Topps Cosmic Chrome Basketball Hobby Box,,1000.0,,,0,1047.19,919.95,,,,,,,,0,https://sportscardjunction.com/products/2025-26-topps-cosmic-chrome-basketball-hobby-box,2026-08-21T19:27:57+00:00,1.0
TOPPS_2025-26_COSMIC_CHROME_HOBBY,WATCH,True,hobby,bleecker,watch,2025-26 Topps Cosmic Chrome Basketball Hobby Box,,1100.0,,,0,1150.63,919.95,,,,,,,,0,https://bleeckertrading.com/products/2025-26-topps-cosmic-chrome-basketball-hobby-box-presale,2026-08-21T19:27:57+00:00,1.0
TOPPS_2025-26_COSMIC_CHROME_HOBBY,WATCH,True,hobby,hiddengems,trusted,2025-26 Topps Cosmic Chrome Basketball Hobby Box,,1299.0,,,0,1356.47,919.95,,,,,,,,0,https://www.hiddengemscardshop.com/products/2025-26-topps-cosmic-chrome-basketball-hobby-box,2026-08-21T19:27:57+00:00,1.0
TOPPS_2025-26_COSMIC_CHROME_HOBBY,WATCH,True,hobby,sjay2k,watch,2025-26 Topps Cosmic Chrome Basketball Hobby Box,,1500.0,,,0,1564.39,919.95,,,,,,,,0,https://www.sjay2k.com/products/2025-26-topps-cosmic-chrome-basketball-hobby-box-pre-order-30th-april,2026-08-21T19:27:57+00:00,1.0
TOPPS_2025-26_CHROME_CACTUS_JACK_HOBBY,WATCH,True,hobby,columbia,trusted,2025/26 Topps Chrome Cactus Jack Basketball Hobby Box | Columbia Sports Cards,,539.99,,,1,571.35,539.99,,,,,,,SUIVI,0,https://columbiasportscard.com/products/2025-26-topps-chrome-cactus-jack-basketball-hobby-box,2026-08-21T19:27:57+00:00,1.0
TOPPS_2025-26_CHROME_CACTUS_JACK_HOBBY,WATCH,True,hobby,cardiacs,trusted,2025-26 Topps Chrome Cactus Jack Basketball Hobby Box,,569.95,,,1,602.34,539.99,,,,,,,,0,https://www.thecardiacs.com/products/2025-26-topps-chrome-cactus-jack-basketball-hobby-box,2026-08-21T19:27:57+00:00,1.0
TOPPS_2025-26_CHROME_CACTUS_JACK_HOBBY,WATCH,True,hobby,collectorstore,trusted,2025-26 Topps Chrome Cactus Jack Basketball Hobby Box,,569.95,,,1,602.34,539.99,,,,,,,,0,https://collectorstore.com/products/2025-26-topps-chrome-cactus-jack-basketball-hobby-box,2026-08-21T19:27:57+00:00,1.0
TOPPS_2025-26_CHROME_CACTUS_JACK_HOBBY,WATCH,True,hobby,sportscardjunction,watch,2025-26 Topps Chrome Cactus Jack Basketball Hobby Box,,575.0,,,1,607.57,539.99,,,,,,,,0,https://sportscardjunction.com/products/2025-26-topps-chrome-cactus-jack-basketball-hobby-box,2026-08-21T19:27:57+00:00,1.0
TOPPS_2025-26_CHROME_CACTUS_JACK_HOBBY,WATCH,True,hobby,rbicru7,trusted,"2025-26 Topps Chrome Cactus Jack Basketball Hobby, Box",,595.0,,,1,628.26,539.99,,,,,,,,0,https://rbicru7.com/products/2025-26-topps-chrome-cactus-jack-basketball-hobby-box,2026-08-21T19:27:57+00:00,1.0
TOPPS_2025-26_CHROME_CACTUS_JACK_HOBBY,WATCH,True,hobby,cbhobby,watch,2025-26 Topps Chrome Cactus Jack Basketball Hobby Box Box,Box,625.0,,,1,659.29,539.99,,,,,,,,0,https://cbhobby.com/products/2025-26-topps-chrome-cactus-jack-basketball-hobby-box,2026-08-21T19:27:57+00:00,1.0
TOPPS_2025-26_CHROME_CACTUS_JACK_HOBBY,WATCH,True,hobby,hiddengems,trusted,2025-26 Topps Chrome® Cactus Jack Basketball Hobby Box,,625.0,,,1,659.29,539.99,,,,,,,,0,https://www.hiddengemscardshop.com/products/topps-chrome®-cactus-jack-basketball-hobby-box-presell,2026-08-21T19:27:57+00:00,1.0
TOPPS_2025-26_CHROME_CACTUS_JACK_HOBBY,WATCH,True,hobby,superior,watch,2025-26 Topps Chrome Cactus Jack Basketball Hobby Box,,850.0,,,1,892.03,539.99,,,,,,,,0,https://superiorsportsinvestments.com/products/2025-26-topps-chrome-cactus-jack-basketball-hobby-box,2026-08-21T19:27:57+00:00,1.0
TOPPS_2025-26_CHROME_CACTUS_JACK_HOBBY,WATCH,True,hobby,worldchampion,watch,2025/26 Topps Chrome Cactus Jack Basketball Hobby Box,,610.0,,,0,643.77,539.99,,,,,,,,0,https://www.worldchampionsportscards.org/products/2025-26-topps-chrome-cactus-jack-basketball-hobby-box,2026-08-21T19:27:57+00:00,1.0
TOPPS_2025-26_CHROME_CACTUS_JACK_HOBBY,WATCH,True,hobby,rlsports,watch,2025-26 Topps Chrome Cactus Jack Basketball Hobby Box,,619.99,,,0,654.11,539.99,,,,,,,,0,https://rlsportscards.com/products/2025-26-topps-chrome-cactus-jack-basketball-hobby-box,2026-08-21T19:27:57+00:00,1.0
TOPPS_2025-26_CHROME_CACTUS_JACK_HOBBY,WATCH,True,hobby,awesome,trusted,2025-26 Topps Chrome Cactus Jack Basketball Hobby Box,,689.75,,,0,726.27,539.99,,,,,,,,0,https://theawesomecardshop.com/products/2025-26-topps-chrome-cactus-jack-basketball-hobby-box,2026-08-21T19:27:57+00:00,1.0
TOPPS_2025-26_CHROME_CACTUS_JACK_HOBBY,WATCH,True,hobby,monmouth,watch,2025-26 Topps Chrome Cactus Jack Basketball Hobby Box,,699.99,,,0,736.86,539.99,,,,,,,,0,https://monmouthcards.com/products/2025-26-topps-chrome-cactus-jack-basketball-hobby-box,2026-08-21T19:27:57+00:00,1.0
TOPPS_2025-26_CHROME_CACTUS_JACK_HOBBY,WATCH,True,hobby,bleecker,watch,2025-26 Topps Chrome Cactus Jack Basketball Hobby Box,,725.0,,,0,762.73,539.99,,,,,,,,0,https://bleeckertrading.com/products/2025-26-topps-chrome-cactus-jack-basketball-hobby-box-presale,2026-08-21T19:27:57+00:00,1.0
